"fecha_hecho","cod_depto","departamento","cod_muni","municipio","tipo_delito","cantidad"
"2026-01-27T00:00:00.000","76","VALLE DEL CAUCA","76364","JAMUNDI",,"1"
"2026-01-26T00:00:00.000","76","VALLE DEL CAUCA","76364","JAMUNDI",,"1"
"2026-01-13T00:00:00.000","76","VALLE DEL CAUCA","76364","JAMUNDI",,"1"
"2026-01-11T00:00:00.000","76","VALLE DEL CAUCA","76364","JAMUNDI",,"1"
"2025-12-11T00:00:00.000","76","VALLE DEL CAUCA","76364","JAMUNDI",,"1"
"2025-12-11T00:00:00.000","76","VALLE DEL CAUCA","76364","JAMUNDI",,"1"
"2025-12-11T00:00:00.000","76","VALLE DEL CAUCA","76364","JAMUNDI",,"1"
"2025-12-09T00:00:00.000","76","VALLE DEL CAUCA","76364","JAMUNDI",,"1"
"2025-11-30T00:00:00.000","76","VALLE DEL CAUCA","76364","JAMUNDI",,"1"
"2025-11-28T00:00:00.000","76","VALLE DEL CAUCA","76364","JAMUNDI",,"1"
"2025-11-23T00:00:00.000","76","VALLE DEL CAUCA","76364","JAMUNDI",,"1"
"2025-11-21T00:00:00.000","76","VALLE DEL CAUCA","76364","JAMUNDI",,"1"
"2025-11-21T00:00:00.000","76","VALLE DEL CAUCA","76364","JAMUNDI",,"1"
"2025-11-20T00:00:00.000","76","VALLE DEL CAUCA","76364","JAMUNDI",,"1"
"2025-11-05T00:00:00.000","76","VALLE DEL CAUCA","76364","JAMUNDI",,"1"
"2025-11-05T00:00:00.000","76","VALLE DEL CAUCA","76364","JAMUNDI",,"1"
"2025-11-02T00:00:00.000","76","VALLE DEL CAUCA","76364","JAMUNDI",,"1"
"2025-10-26T00:00:00.000","76","VALLE DEL CAUCA","76364","JAMUNDI",,"1"
"2025-10-21T00:00:00.000","76","VALLE DEL CAUCA","76364","JAMUNDI",,"1"
"2025-10-19T00:00:00.000","76","VALLE DEL CAUCA","76364","JAMUNDI",,"1"
"2025-10-19T00:00:00.000","76","VALLE DEL CAUCA","76364","JAMUNDI",,"1"
"2025-10-16T00:00:00.000","76","VALLE DEL CAUCA","76364","JAMUNDI",,"1"
"2025-10-13T00:00:00.000","76","VALLE DEL CAUCA","76364","JAMUNDI",,"1"
"2025-10-10T00:00:00.000","76","VALLE DEL CAUCA","76364","JAMUNDI",,"1"
"2025-10-07T00:00:00.000","76","VALLE DEL CAUCA","76364","JAMUNDI",,"1"
"2025-10-05T00:00:00.000","76","VALLE DEL CAUCA","76364","JAMUNDI",,"1"
"2025-10-05T00:00:00.000","76","VALLE DEL CAUCA","76364","JAMUNDI",,"1"
"2025-10-01T00:00:00.000","76","VALLE DEL CAUCA","76364","JAMUNDI",,"1"
"2025-09-30T00:00:00.000","76","VALLE DEL CAUCA","76364","JAMUNDI",,"1"
"2025-09-28T00:00:00.000","76","VALLE DEL CAUCA","76364","JAMUNDI",,"1"
"2025-09-27T00:00:00.000","76","VALLE DEL CAUCA","76364","JAMUNDI",,"1"
"2025-09-13T00:00:00.000","76","VALLE DEL CAUCA","76364","JAMUNDI",,"1"
"2025-09-11T00:00:00.000","76","VALLE DEL CAUCA","76364","JAMUNDI",,"1"
"2025-09-11T00:00:00.000","76","VALLE DEL CAUCA","76364","JAMUNDI",,"1"
"2025-09-11T00:00:00.000","76","VALLE DEL CAUCA","76364","JAMUNDI",,"1"
"2025-09-08T00:00:00.000","76","VALLE DEL CAUCA","76364","JAMUNDI",,"1"
"2025-09-05T00:00:00.000","76","VALLE DEL CAUCA","76364","JAMUNDI",,"1"
"2025-08-27T00:00:00.000","76","VALLE DEL CAUCA","76364","JAMUNDI",,"1"
"2025-08-26T00:00:00.000","76","VALLE DEL CAUCA","76364","JAMUNDI",,"1"
"2025-08-26T00:00:00.000","76","VALLE DEL CAUCA","76364","JAMUNDI",,"1"
"2025-08-26T00:00:00.000","76","VALLE DEL CAUCA","76364","JAMUNDI",,"1"
"2025-08-25T00:00:00.000","76","VALLE DEL CAUCA","76364","JAMUNDI",,"1"
"2025-08-22T00:00:00.000","76","VALLE DEL CAUCA","76364","JAMUNDI",,"1"
"2025-08-21T00:00:00.000","76","VALLE DEL CAUCA","76364","JAMUNDI",,"1"
"2025-08-21T00:00:00.000","76","VALLE DEL CAUCA","76364","JAMUNDI",,"1"
"2025-08-19T00:00:00.000","76","VALLE DEL CAUCA","76364","JAMUNDI",,"1"
"2025-08-19T00:00:00.000","76","VALLE DEL CAUCA","76364","JAMUNDI",,"1"
"2025-08-12T00:00:00.000","76","VALLE DEL CAUCA","76364","JAMUNDI",,"1"
"2025-08-12T00:00:00.000","76","VALLE DEL CAUCA","76364","JAMUNDI",,"1"
"2025-08-12T00:00:00.000","76","VALLE DEL CAUCA","76364","JAMUNDI",,"1"
"2025-08-02T00:00:00.000","76","VALLE DEL CAUCA","76364","JAMUNDI",,"1"
"2025-07-30T00:00:00.000","76","VALLE DEL CAUCA","76364","JAMUNDI",,"1"
"2025-07-20T00:00:00.000","76","VALLE DEL CAUCA","76364","JAMUNDI",,"1"
"2025-07-20T00:00:00.000","76","VALLE DEL CAUCA","76364","JAMUNDI",,"1"
"2025-07-16T00:00:00.000","76","VALLE DEL CAUCA","76364","JAMUNDI",,"1"
"2025-07-13T00:00:00.000","76","VALLE DEL CAUCA","76364","JAMUNDI",,"1"
"2025-07-06T00:00:00.000","76","VALLE DEL CAUCA","76364","JAMUNDI",,"1"
"2025-07-05T00:00:00.000","76","VALLE DEL CAUCA","76364","JAMUNDI",,"1"
"2025-07-04T00:00:00.000","76","VALLE DEL CAUCA","76364","JAMUNDI",,"1"
"2025-06-23T00:00:00.000","76","VALLE DEL CAUCA","76364","JAMUNDI",,"1"
"2025-06-20T00:00:00.000","76","VALLE DEL CAUCA","76364","JAMUNDI",,"1"
"2025-06-17T00:00:00.000","76","VALLE DEL CAUCA","76364","JAMUNDI",,"1"
"2025-06-17T00:00:00.000","76","VALLE DEL CAUCA","76364","JAMUNDI",,"1"
"2025-06-03T00:00:00.000","76","VALLE DEL CAUCA","76364","JAMUNDI",,"1"
"2025-05-31T00:00:00.000","76","VALLE DEL CAUCA","76364","JAMUNDI",,"1"
"2025-05-25T00:00:00.000","76","VALLE DEL CAUCA","76364","JAMUNDI",,"1"
"2025-05-19T00:00:00.000","76","VALLE DEL CAUCA","76364","JAMUNDI",,"1"
"2025-05-15T00:00:00.000","76","VALLE DEL CAUCA","76364","JAMUNDI",,"1"
"2025-05-08T00:00:00.000","76","VALLE DEL CAUCA","76364","JAMUNDI",,"1"
"2025-05-05T00:00:00.000","76","VALLE DEL CAUCA","76364","JAMUNDI",,"1"
"2025-04-27T00:00:00.000","76","VALLE DEL CAUCA","76364","JAMUNDI",,"1"
"2025-04-16T00:00:00.000","76","VALLE DEL CAUCA","76364","JAMUNDI",,"1"
"2025-04-14T00:00:00.000","76","VALLE DEL CAUCA","76364","JAMUNDI",,"1"
"2025-04-13T00:00:00.000","76","VALLE DEL CAUCA","76364","JAMUNDI",,"1"
"2025-04-08T00:00:00.000","76","VALLE DEL CAUCA","76364","JAMUNDI",,"1"
"2025-04-05T00:00:00.000","76","VALLE DEL CAUCA","76364","JAMUNDI",,"1"
"2025-04-03T00:00:00.000","76","VALLE DEL CAUCA","76364","JAMUNDI",,"1"
"2025-04-01T00:00:00.000","76","VALLE DEL CAUCA","76364","JAMUNDI",,"1"
"2025-03-30T00:00:00.000","76","VALLE DEL CAUCA","76364","JAMUNDI",,"1"
"2025-02-20T00:00:00.000","76","VALLE DEL CAUCA","76364","JAMUNDI",,"1"
"2025-02-19T00:00:00.000","76","VALLE DEL CAUCA","76364","JAMUNDI",,"1"
"2025-02-09T00:00:00.000","76","VALLE DEL CAUCA","76364","JAMUNDI",,"1"
"2025-02-07T00:00:00.000","76","VALLE DEL CAUCA","76364","JAMUNDI",,"1"
"2025-02-04T00:00:00.000","76","VALLE DEL CAUCA","76364","JAMUNDI",,"1"
"2025-01-27T00:00:00.000","76","VALLE DEL CAUCA","76364","JAMUNDI",,"1"
"2025-01-26T00:00:00.000","76","VALLE DEL CAUCA","76364","JAMUNDI",,"1"
"2025-01-25T00:00:00.000","76","VALLE DEL CAUCA","76364","JAMUNDI",,"1"
"2025-01-17T00:00:00.000","76","VALLE DEL CAUCA","76364","JAMUNDI",,"1"
"2025-01-13T00:00:00.000","76","VALLE DEL CAUCA","76364","JAMUNDI",,"1"
"2025-01-12T00:00:00.000","76","VALLE DEL CAUCA","76364","JAMUNDI",,"1"
"2025-01-12T00:00:00.000","76","VALLE DEL CAUCA","76364","JAMUNDI",,"1"
"2025-01-12T00:00:00.000","76","VALLE DEL CAUCA","76364","JAMUNDI",,"1"
"2025-01-01T00:00:00.000","76","VALLE DEL CAUCA","76364","JAMUNDI",,"1"
"2025-01-01T00:00:00.000","76","VALLE DEL CAUCA","76364","JAMUNDI",,"1"
"2024-12-23T00:00:00.000","76","VALLE DEL CAUCA","76364","JAMUNDI",,"1"
"2024-12-23T00:00:00.000","76","VALLE DEL CAUCA","76364","JAMUNDI",,"1"
"2024-12-06T00:00:00.000","76","VALLE DEL CAUCA","76364","JAMUNDI",,"1"
"2024-12-01T00:00:00.000","76","VALLE DEL CAUCA","76364","JAMUNDI",,"1"
"2024-11-29T00:00:00.000","76","VALLE DEL CAUCA","76364","JAMUNDI",,"1"
"2024-11-28T00:00:00.000","76","VALLE DEL CAUCA","76364","JAMUNDI",,"1"
"2024-11-22T00:00:00.000","76","VALLE DEL CAUCA","76364","JAMUNDI",,"1"
"2024-11-22T00:00:00.000","76","VALLE DEL CAUCA","76364","JAMUNDI",,"1"
"2024-11-18T00:00:00.000","76","VALLE DEL CAUCA","76364","JAMUNDI",,"1"
"2024-11-13T00:00:00.000","76","VALLE DEL CAUCA","76364","JAMUNDI",,"1"
"2024-11-13T00:00:00.000","76","VALLE DEL CAUCA","76364","JAMUNDI",,"1"
"2024-11-06T00:00:00.000","76","VALLE DEL CAUCA","76364","JAMUNDI",,"1"
"2024-10-27T00:00:00.000","76","VALLE DEL CAUCA","76364","JAMUNDI",,"1"
"2024-10-24T00:00:00.000","76","VALLE DEL CAUCA","76364","JAMUNDI",,"1"
"2024-10-15T00:00:00.000","76","VALLE DEL CAUCA","76364","JAMUNDI",,"1"
"2024-10-12T00:00:00.000","76","VALLE DEL CAUCA","76364","JAMUNDI",,"1"
"2024-10-12T00:00:00.000","76","VALLE DEL CAUCA","76364","JAMUNDI",,"1"
"2024-10-11T00:00:00.000","76","VALLE DEL CAUCA","76364","JAMUNDI",,"1"
"2024-10-01T00:00:00.000","76","VALLE DEL CAUCA","76364","JAMUNDI",,"1"
"2024-09-20T00:00:00.000","76","VALLE DEL CAUCA","76364","JAMUNDI",,"1"
"2024-09-19T00:00:00.000","76","VALLE DEL CAUCA","76364","JAMUNDI",,"1"
"2024-09-16T00:00:00.000","76","VALLE DEL CAUCA","76364","JAMUNDI",,"1"
"2024-09-16T00:00:00.000","76","VALLE DEL CAUCA","76364","JAMUNDI",,"1"
"2024-09-09T00:00:00.000","76","VALLE DEL CAUCA","76364","JAMUNDI",,"1"
"2024-09-09T00:00:00.000","76","VALLE DEL CAUCA","76364","JAMUNDI",,"1"
"2024-08-29T00:00:00.000","76","VALLE DEL CAUCA","76364","JAMUNDI",,"1"
"2024-08-28T00:00:00.000","76","VALLE DEL CAUCA","76364","JAMUNDI",,"1"
"2024-08-26T00:00:00.000","76","VALLE DEL CAUCA","76364","JAMUNDI",,"1"
"2024-08-11T00:00:00.000","76","VALLE DEL CAUCA","76364","JAMUNDI",,"1"
"2024-08-05T00:00:00.000","76","VALLE DEL CAUCA","76364","JAMUNDI",,"1"
"2024-08-03T00:00:00.000","76","VALLE DEL CAUCA","76364","JAMUNDI",,"1"
"2024-08-01T00:00:00.000","76","VALLE DEL CAUCA","76364","JAMUNDI",,"1"
"2024-07-30T00:00:00.000","76","VALLE DEL CAUCA","76364","JAMUNDI",,"1"
"2024-07-21T00:00:00.000","76","VALLE DEL CAUCA","76364","JAMUNDI",,"1"
"2024-07-07T00:00:00.000","76","VALLE DEL CAUCA","76364","JAMUNDI",,"1"
"2024-07-02T00:00:00.000","76","VALLE DEL CAUCA","76364","JAMUNDI",,"1"
"2024-07-01T00:00:00.000","76","VALLE DEL CAUCA","76364","JAMUNDI",,"1"
"2024-06-30T00:00:00.000","76","VALLE DEL CAUCA","76364","JAMUNDI",,"1"
"2024-06-23T00:00:00.000","76","VALLE DEL CAUCA","76364","JAMUNDI",,"1"
"2024-06-22T00:00:00.000","76","VALLE DEL CAUCA","76364","JAMUNDI",,"1"
"2024-06-18T00:00:00.000","76","VALLE DEL CAUCA","76364","JAMUNDI",,"1"
"2024-06-14T00:00:00.000","76","VALLE DEL CAUCA","76364","JAMUNDI",,"1"
"2024-06-03T00:00:00.000","76","VALLE DEL CAUCA","76364","JAMUNDI",,"1"
"2024-06-03T00:00:00.000","76","VALLE DEL CAUCA","76364","JAMUNDI",,"1"
"2024-06-02T00:00:00.000","76","VALLE DEL CAUCA","76364","JAMUNDI",,"1"
"2024-05-26T00:00:00.000","76","VALLE DEL CAUCA","76364","JAMUNDI",,"1"
"2024-05-23T00:00:00.000","76","VALLE DEL CAUCA","76364","JAMUNDI",,"1"
"2024-05-16T00:00:00.000","76","VALLE DEL CAUCA","76364","JAMUNDI",,"1"
"2024-05-10T00:00:00.000","76","VALLE DEL CAUCA","76364","JAMUNDI",,"1"
"2024-05-10T00:00:00.000","76","VALLE DEL CAUCA","76364","JAMUNDI",,"1"
"2024-05-09T00:00:00.000","76","VALLE DEL CAUCA","76364","JAMUNDI",,"1"
"2024-05-08T00:00:00.000","76","VALLE DEL CAUCA","76364","JAMUNDI",,"1"
"2024-05-07T00:00:00.000","76","VALLE DEL CAUCA","76364","JAMUNDI",,"1"
"2024-05-06T00:00:00.000","76","VALLE DEL CAUCA","76364","JAMUNDI",,"1"
"2024-05-01T00:00:00.000","76","VALLE DEL CAUCA","76364","JAMUNDI",,"1"
"2024-04-26T00:00:00.000","76","VALLE DEL CAUCA","76364","JAMUNDI",,"1"
"2024-04-25T00:00:00.000","76","VALLE DEL CAUCA","76364","JAMUNDI",,"1"
"2024-04-24T00:00:00.000","76","VALLE DEL CAUCA","76364","JAMUNDI",,"1"
"2024-04-11T00:00:00.000","76","VALLE DEL CAUCA","76364","JAMUNDI",,"1"
"2024-04-10T00:00:00.000","76","VALLE DEL CAUCA","76364","JAMUNDI",,"1"
"2024-04-05T00:00:00.000","76","VALLE DEL CAUCA","76364","JAMUNDI",,"1"
"2024-04-03T00:00:00.000","76","VALLE DEL CAUCA","76364","JAMUNDI",,"1"
"2024-03-24T00:00:00.000","76","VALLE DEL CAUCA","76364","JAMUNDI",,"1"
"2024-03-23T00:00:00.000","76","VALLE DEL CAUCA","76364","JAMUNDI",,"1"
"2024-03-09T00:00:00.000","76","VALLE DEL CAUCA","76364","JAMUNDI",,"1"
"2024-03-02T00:00:00.000","76","VALLE DEL CAUCA","76364","JAMUNDI",,"1"
"2024-02-24T00:00:00.000","76","VALLE DEL CAUCA","76364","JAMUNDI",,"1"
"2024-02-23T00:00:00.000","76","VALLE DEL CAUCA","76364","JAMUNDI",,"1"
"2024-02-19T00:00:00.000","76","VALLE DEL CAUCA","76364","JAMUNDI",,"1"
"2024-02-19T00:00:00.000","76","VALLE DEL CAUCA","76364","JAMUNDI",,"1"
"2024-02-06T00:00:00.000","76","VALLE DEL CAUCA","76364","JAMUNDI",,"1"
"2024-02-04T00:00:00.000","76","VALLE DEL CAUCA","76364","JAMUNDI",,"1"
"2024-02-03T00:00:00.000","76","VALLE DEL CAUCA","76364","JAMUNDI",,"1"
"2024-01-29T00:00:00.000","76","VALLE DEL CAUCA","76364","JAMUNDI",,"1"
"2024-01-29T00:00:00.000","76","VALLE DEL CAUCA","76364","JAMUNDI",,"1"
"2024-01-27T00:00:00.000","76","VALLE DEL CAUCA","76364","JAMUNDI",,"1"
"2024-01-24T00:00:00.000","76","VALLE DEL CAUCA","76364","JAMUNDI",,"1"
"2024-01-24T00:00:00.000","76","VALLE DEL CAUCA","76364","JAMUNDI",,"1"
"2024-01-13T00:00:00.000","76","VALLE DEL CAUCA","76364","JAMUNDI",,"1"
"2024-01-12T00:00:00.000","76","VALLE DEL CAUCA","76364","JAMUNDI",,"1"
"2024-01-11T00:00:00.000","76","VALLE DEL CAUCA","76364","JAMUNDI",,"1"
"2024-01-09T00:00:00.000","76","VALLE DEL CAUCA","76364","JAMUNDI",,"1"
"2023-12-29T00:00:00.000","76","VALLE DEL CAUCA","76364","JAMUNDI",,"1"
"2023-12-26T00:00:00.000","76","VALLE DEL CAUCA","76364","JAMUNDI",,"1"
"2023-12-26T00:00:00.000","76","VALLE DEL CAUCA","76364","JAMUNDI",,"1"
"2023-12-23T00:00:00.000","76","VALLE DEL CAUCA","76364","JAMUNDI",,"1"
"2023-12-08T00:00:00.000","76","VALLE DEL CAUCA","76364","JAMUNDI",,"1"
"2023-12-03T00:00:00.000","76","VALLE DEL CAUCA","76364","JAMUNDI",,"1"
"2023-12-02T00:00:00.000","76","VALLE DEL CAUCA","76364","JAMUNDI",,"1"
"2023-11-22T00:00:00.000","76","VALLE DEL CAUCA","76364","JAMUNDI",,"1"
"2023-11-19T00:00:00.000","76","VALLE DEL CAUCA","76364","JAMUNDI",,"1"
"2023-11-11T00:00:00.000","76","VALLE DEL CAUCA","76364","JAMUNDI",,"1"
"2023-11-04T00:00:00.000","76","VALLE DEL CAUCA","76364","JAMUNDI",,"1"
"2023-11-04T00:00:00.000","76","VALLE DEL CAUCA","76364","JAMUNDI",,"1"
"2023-10-30T00:00:00.000","76","VALLE DEL CAUCA","76364","JAMUNDI",,"1"
"2023-10-29T00:00:00.000","76","VALLE DEL CAUCA","76364","JAMUNDI",,"1"
"2023-10-29T00:00:00.000","76","VALLE DEL CAUCA","76364","JAMUNDI",,"1"
"2023-10-27T00:00:00.000","76","VALLE DEL CAUCA","76364","JAMUNDI",,"1"
"2023-10-19T00:00:00.000","76","VALLE DEL CAUCA","76364","JAMUNDI",,"1"
"2023-10-15T00:00:00.000","76","VALLE DEL CAUCA","76364","JAMUNDI",,"1"
"2023-10-13T00:00:00.000","76","VALLE DEL CAUCA","76364","JAMUNDI",,"1"
"2023-10-06T00:00:00.000","76","VALLE DEL CAUCA","76364","JAMUNDI",,"1"
"2023-10-03T00:00:00.000","76","VALLE DEL CAUCA","76364","JAMUNDI",,"1"
"2023-09-23T00:00:00.000","76","VALLE DEL CAUCA","76364","JAMUNDI",,"1"
"2023-09-21T00:00:00.000","76","VALLE DEL CAUCA","76364","JAMUNDI",,"1"
"2023-09-15T00:00:00.000","76","VALLE DEL CAUCA","76364","JAMUNDI",,"1"
"2023-09-15T00:00:00.000","76","VALLE DEL CAUCA","76364","JAMUNDI",,"1"
"2023-09-09T00:00:00.000","76","VALLE DEL CAUCA","76364","JAMUNDI",,"1"
"2023-09-01T00:00:00.000","76","VALLE DEL CAUCA","76364","JAMUNDI",,"1"
"2023-08-29T00:00:00.000","76","VALLE DEL CAUCA","76364","JAMUNDI",,"1"
"2023-08-12T00:00:00.000","76","VALLE DEL CAUCA","76364","JAMUNDI",,"1"
"2023-08-08T00:00:00.000","76","VALLE DEL CAUCA","76364","JAMUNDI",,"1"
"2023-07-29T00:00:00.000","76","VALLE DEL CAUCA","76364","JAMUNDI",,"1"
"2023-07-24T00:00:00.000","76","VALLE DEL CAUCA","76364","JAMUNDI",,"1"
"2023-06-29T00:00:00.000","76","VALLE DEL CAUCA","76364","JAMUNDI",,"1"
"2023-06-25T00:00:00.000","76","VALLE DEL CAUCA","76364","JAMUNDI",,"1"
"2023-06-24T00:00:00.000","76","VALLE DEL CAUCA","76364","JAMUNDI",,"1"
"2023-06-22T00:00:00.000","76","VALLE DEL CAUCA","76364","JAMUNDI",,"1"
"2023-06-21T00:00:00.000","76","VALLE DEL CAUCA","76364","JAMUNDI",,"1"
"2023-06-17T00:00:00.000","76","VALLE DEL CAUCA","76364","JAMUNDI",,"1"
"2023-06-16T00:00:00.000","76","VALLE DEL CAUCA","76364","JAMUNDI",,"1"
"2023-06-15T00:00:00.000","76","VALLE DEL CAUCA","76364","JAMUNDI",,"1"
"2023-06-07T00:00:00.000","76","VALLE DEL CAUCA","76364","JAMUNDI",,"1"
"2023-06-07T00:00:00.000","76","VALLE DEL CAUCA","76364","JAMUNDI",,"1"
"2023-06-02T00:00:00.000","76","VALLE DEL CAUCA","76364","JAMUNDI",,"1"
"2023-05-27T00:00:00.000","76","VALLE DEL CAUCA","76364","JAMUNDI",,"1"
"2023-05-25T00:00:00.000","76","VALLE DEL CAUCA","76364","JAMUNDI",,"1"
"2023-05-17T00:00:00.000","76","VALLE DEL CAUCA","76364","JAMUNDI",,"1"
"2023-05-16T00:00:00.000","76","VALLE DEL CAUCA","76364","JAMUNDI",,"1"
"2023-05-15T00:00:00.000","76","VALLE DEL CAUCA","76364","JAMUNDI",,"1"
"2023-05-15T00:00:00.000","76","VALLE DEL CAUCA","76364","JAMUNDI",,"1"
"2023-05-14T00:00:00.000","76","VALLE DEL CAUCA","76364","JAMUNDI",,"1"
"2023-05-12T00:00:00.000","76","VALLE DEL CAUCA","76364","JAMUNDI",,"1"
"2023-05-09T00:00:00.000","76","VALLE DEL CAUCA","76364","JAMUNDI",,"1"
"2023-05-08T00:00:00.000","76","VALLE DEL CAUCA","76364","JAMUNDI",,"1"
"2023-05-04T00:00:00.000","76","VALLE DEL CAUCA","76364","JAMUNDI",,"1"
"2023-05-03T00:00:00.000","76","VALLE DEL CAUCA","76364","JAMUNDI",,"1"
"2023-05-02T00:00:00.000","76","VALLE DEL CAUCA","76364","JAMUNDI",,"1"
"2023-04-30T00:00:00.000","76","VALLE DEL CAUCA","76364","JAMUNDI",,"1"
"2023-04-29T00:00:00.000","76","VALLE DEL CAUCA","76364","JAMUNDI",,"1"
"2023-04-26T00:00:00.000","76","VALLE DEL CAUCA","76364","JAMUNDI",,"1"
"2023-04-24T00:00:00.000","76","VALLE DEL CAUCA","76364","JAMUNDI",,"1"
"2023-04-19T00:00:00.000","76","VALLE DEL CAUCA","76364","JAMUNDI",,"1"
"2023-04-18T00:00:00.000","76","VALLE DEL CAUCA","76364","JAMUNDI",,"1"
"2023-04-18T00:00:00.000","76","VALLE DEL CAUCA","76364","JAMUNDI",,"1"
"2023-04-18T00:00:00.000","76","VALLE DEL CAUCA","76364","JAMUNDI",,"1"
"2023-04-17T00:00:00.000","76","VALLE DEL CAUCA","76364","JAMUNDI",,"1"
"2023-04-09T00:00:00.000","76","VALLE DEL CAUCA","76364","JAMUNDI",,"1"
"2023-04-09T00:00:00.000","76","VALLE DEL CAUCA","76364","JAMUNDI",,"1"
"2023-04-08T00:00:00.000","76","VALLE DEL CAUCA","76364","JAMUNDI",,"1"
"2023-04-07T00:00:00.000","76","VALLE DEL CAUCA","76364","JAMUNDI",,"1"
"2023-03-29T00:00:00.000","76","VALLE DEL CAUCA","76364","JAMUNDI",,"1"
"2023-03-27T00:00:00.000","76","VALLE DEL CAUCA","76364","JAMUNDI",,"1"
"2023-03-26T00:00:00.000","76","VALLE DEL CAUCA","76364","JAMUNDI",,"1"
"2023-03-26T00:00:00.000","76","VALLE DEL CAUCA","76364","JAMUNDI",,"1"
"2023-03-24T00:00:00.000","76","VALLE DEL CAUCA","76364","JAMUNDI",,"1"
"2023-03-23T00:00:00.000","76","VALLE DEL CAUCA","76364","JAMUNDI",,"1"
"2023-03-16T00:00:00.000","76","VALLE DEL CAUCA","76364","JAMUNDI",,"1"
"2023-03-15T00:00:00.000","76","VALLE DEL CAUCA","76364","JAMUNDI",,"1"
"2023-03-13T00:00:00.000","76","VALLE DEL CAUCA","76364","JAMUNDI",,"1"
"2023-03-10T00:00:00.000","76","VALLE DEL CAUCA","76364","JAMUNDI",,"1"
"2023-03-09T00:00:00.000","76","VALLE DEL CAUCA","76364","JAMUNDI",,"1"
"2023-03-09T00:00:00.000","76","VALLE DEL CAUCA","76364","JAMUNDI",,"1"
"2023-03-08T00:00:00.000","76","VALLE DEL CAUCA","76364","JAMUNDI",,"1"
"2023-03-07T00:00:00.000","76","VALLE DEL CAUCA","76364","JAMUNDI",,"1"
"2023-03-07T00:00:00.000","76","VALLE DEL CAUCA","76364","JAMUNDI",,"1"
"2023-03-07T00:00:00.000","76","VALLE DEL CAUCA","76364","JAMUNDI",,"1"
"2023-03-06T00:00:00.000","76","VALLE DEL CAUCA","76364","JAMUNDI",,"1"
"2023-03-05T00:00:00.000","76","VALLE DEL CAUCA","76364","JAMUNDI",,"1"
"2023-02-24T00:00:00.000","76","VALLE DEL CAUCA","76364","JAMUNDI",,"1"
"2023-02-21T00:00:00.000","76","VALLE DEL CAUCA","76364","JAMUNDI",,"1"
"2023-02-13T00:00:00.000","76","VALLE DEL CAUCA","76364","JAMUNDI",,"1"
"2023-02-11T00:00:00.000","76","VALLE DEL CAUCA","76364","JAMUNDI",,"1"
"2023-02-10T00:00:00.000","76","VALLE DEL CAUCA","76364","JAMUNDI",,"1"
"2023-02-09T00:00:00.000","76","VALLE DEL CAUCA","76364","JAMUNDI",,"1"
"2023-02-09T00:00:00.000","76","VALLE DEL CAUCA","76364","JAMUNDI",,"1"
"2023-02-06T00:00:00.000","76","VALLE DEL CAUCA","76364","JAMUNDI",,"1"
"2023-02-05T00:00:00.000","76","VALLE DEL CAUCA","76364","JAMUNDI",,"1"
"2023-02-05T00:00:00.000","76","VALLE DEL CAUCA","76364","JAMUNDI",,"1"
"2023-02-05T00:00:00.000","76","VALLE DEL CAUCA","76364","JAMUNDI",,"1"
"2023-01-31T00:00:00.000","76","VALLE DEL CAUCA","76364","JAMUNDI",,"1"
"2023-01-30T00:00:00.000","76","VALLE DEL CAUCA","76364","JAMUNDI",,"1"
"2023-01-30T00:00:00.000","76","VALLE DEL CAUCA","76364","JAMUNDI",,"1"
"2023-01-24T00:00:00.000","76","VALLE DEL CAUCA","76364","JAMUNDI",,"1"
"2023-01-24T00:00:00.000","76","VALLE DEL CAUCA","76364","JAMUNDI",,"1"
"2023-01-24T00:00:00.000","76","VALLE DEL CAUCA","76364","JAMUNDI",,"1"
"2023-01-23T00:00:00.000","76","VALLE DEL CAUCA","76364","JAMUNDI",,"1"
"2023-01-22T00:00:00.000","76","VALLE DEL CAUCA","76364","JAMUNDI",,"1"
"2023-01-20T00:00:00.000","76","VALLE DEL CAUCA","76364","JAMUNDI",,"1"
"2023-01-20T00:00:00.000","76","VALLE DEL CAUCA","76364","JAMUNDI",,"1"
"2023-01-16T00:00:00.000","76","VALLE DEL CAUCA","76364","JAMUNDI",,"1"
"2023-01-15T00:00:00.000","76","VALLE DEL CAUCA","76364","JAMUNDI",,"1"
"2023-01-14T00:00:00.000","76","VALLE DEL CAUCA","76364","JAMUNDI",,"1"
"2023-01-09T00:00:00.000","76","VALLE DEL CAUCA","76364","JAMUNDI",,"1"
"2023-01-05T00:00:00.000","76","VALLE DEL CAUCA","76364","JAMUNDI",,"1"
"2023-01-04T00:00:00.000","76","VALLE DEL CAUCA","76364","JAMUNDI",,"1"
"2023-01-04T00:00:00.000","76","VALLE DEL CAUCA","76364","JAMUNDI",,"1"
"2023-01-04T00:00:00.000","76","VALLE DEL CAUCA","76364","JAMUNDI",,"1"
"2023-01-03T00:00:00.000","76","VALLE DEL CAUCA","76364","JAMUNDI",,"1"
"2023-01-02T00:00:00.000","76","VALLE DEL CAUCA","76364","JAMUNDI",,"1"
"2022-12-23T00:00:00.000","76","VALLE DEL CAUCA","76364","JAMUNDI",,"1"
"2022-12-22T00:00:00.000","76","VALLE DEL CAUCA","76364","JAMUNDI",,"1"
"2022-12-20T00:00:00.000","76","VALLE DEL CAUCA","76364","JAMUNDI",,"1"
"2022-12-17T00:00:00.000","76","VALLE DEL CAUCA","76364","JAMUNDI",,"1"
"2022-12-17T00:00:00.000","76","VALLE DEL CAUCA","76364","JAMUNDI",,"1"
"2022-12-15T00:00:00.000","76","VALLE DEL CAUCA","76364","JAMUNDI",,"1"
"2022-12-14T00:00:00.000","76","VALLE DEL CAUCA","76364","JAMUNDI",,"1"
"2022-12-07T00:00:00.000","76","VALLE DEL CAUCA","76364","JAMUNDI",,"1"
"2022-12-06T00:00:00.000","76","VALLE DEL CAUCA","76364","JAMUNDI",,"1"
"2022-12-06T00:00:00.000","76","VALLE DEL CAUCA","76364","JAMUNDI",,"1"
"2022-12-06T00:00:00.000","76","VALLE DEL CAUCA","76364","JAMUNDI",,"1"
"2022-12-03T00:00:00.000","76","VALLE DEL CAUCA","76364","JAMUNDI",,"1"
"2022-12-03T00:00:00.000","76","VALLE DEL CAUCA","76364","JAMUNDI",,"1"
"2022-12-03T00:00:00.000","76","VALLE DEL CAUCA","76364","JAMUNDI",,"1"
"2022-12-02T00:00:00.000","76","VALLE DEL CAUCA","76364","JAMUNDI",,"1"
"2022-11-24T00:00:00.000","76","VALLE DEL CAUCA","76364","JAMUNDI",,"1"
"2022-11-23T00:00:00.000","76","VALLE DEL CAUCA","76364","JAMUNDI",,"1"
"2022-11-13T00:00:00.000","76","VALLE DEL CAUCA","76364","JAMUNDI",,"1"
"2022-11-12T00:00:00.000","76","VALLE DEL CAUCA","76364","JAMUNDI",,"1"
"2022-11-12T00:00:00.000","76","VALLE DEL CAUCA","76364","JAMUNDI",,"1"
"2022-11-12T00:00:00.000","76","VALLE DEL CAUCA","76364","JAMUNDI",,"1"
"2022-11-12T00:00:00.000","76","VALLE DEL CAUCA","76364","JAMUNDI",,"1"
"2022-11-11T00:00:00.000","76","VALLE DEL CAUCA","76364","JAMUNDI",,"1"
"2022-11-11T00:00:00.000","76","VALLE DEL CAUCA","76364","JAMUNDI",,"1"
"2022-11-07T00:00:00.000","76","VALLE DEL CAUCA","76364","JAMUNDI",,"1"
"2022-11-03T00:00:00.000","76","VALLE DEL CAUCA","76364","JAMUNDI",,"1"
"2022-11-01T00:00:00.000","76","VALLE DEL CAUCA","76364","JAMUNDI",,"1"
"2022-10-22T00:00:00.000","76","VALLE DEL CAUCA","76364","JAMUNDI",,"1"
"2022-10-22T00:00:00.000","76","VALLE DEL CAUCA","76364","JAMUNDI",,"1"
"2022-10-22T00:00:00.000","76","VALLE DEL CAUCA","76364","JAMUNDI",,"1"
"2022-10-21T00:00:00.000","76","VALLE DEL CAUCA","76364","JAMUNDI",,"1"
"2022-10-18T00:00:00.000","76","VALLE DEL CAUCA","76364","JAMUNDI",,"1"
"2022-10-16T00:00:00.000","76","VALLE DEL CAUCA","76364","JAMUNDI",,"1"
"2022-10-15T00:00:00.000","76","VALLE DEL CAUCA","76364","JAMUNDI",,"1"
"2022-10-15T00:00:00.000","76","VALLE DEL CAUCA","76364","JAMUNDI",,"1"
"2022-10-15T00:00:00.000","76","VALLE DEL CAUCA","76364","JAMUNDI",,"1"
"2022-10-15T00:00:00.000","76","VALLE DEL CAUCA","76364","JAMUNDI",,"1"
"2022-10-15T00:00:00.000","76","VALLE DEL CAUCA","76364","JAMUNDI",,"1"
"2022-10-15T00:00:00.000","76","VALLE DEL CAUCA","76364","JAMUNDI",,"1"
"2022-10-15T00:00:00.000","76","VALLE DEL CAUCA","76364","JAMUNDI",,"1"
"2022-10-15T00:00:00.000","76","VALLE DEL CAUCA","76364","JAMUNDI",,"1"
"2022-10-15T00:00:00.000","76","VALLE DEL CAUCA","76364","JAMUNDI",,"1"
"2022-10-15T00:00:00.000","76","VALLE DEL CAUCA","76364","JAMUNDI",,"1"
"2022-10-13T00:00:00.000","76","VALLE DEL CAUCA","76364","JAMUNDI",,"1"
"2022-10-10T00:00:00.000","76","VALLE DEL CAUCA","76364","JAMUNDI",,"1"
"2022-10-09T00:00:00.000","76","VALLE DEL CAUCA","76364","JAMUNDI",,"1"
"2022-10-05T00:00:00.000","76","VALLE DEL CAUCA","76364","JAMUNDI",,"1"
"2022-10-05T00:00:00.000","76","VALLE DEL CAUCA","76364","JAMUNDI",,"1"
"2022-10-05T00:00:00.000","76","VALLE DEL CAUCA","76364","JAMUNDI",,"1"
"2022-10-02T00:00:00.000","76","VALLE DEL CAUCA","76364","JAMUNDI",,"1"
"2022-09-28T00:00:00.000","76","VALLE DEL CAUCA","76364","JAMUNDI",,"1"
"2022-09-25T00:00:00.000","76","VALLE DEL CAUCA","76364","JAMUNDI",,"1"
"2022-09-23T00:00:00.000","76","VALLE DEL CAUCA","76364","JAMUNDI",,"1"
"2022-09-21T00:00:00.000","76","VALLE DEL CAUCA","76364","JAMUNDI",,"1"
"2022-09-20T00:00:00.000","76","VALLE DEL CAUCA","76364","JAMUNDI",,"1"
"2022-09-14T00:00:00.000","76","VALLE DEL CAUCA","76364","JAMUNDI",,"1"
"2022-09-10T00:00:00.000","76","VALLE DEL CAUCA","76364","JAMUNDI",,"1"
"2022-09-10T00:00:00.000","76","VALLE DEL CAUCA","76364","JAMUNDI",,"1"
"2022-09-09T00:00:00.000","76","VALLE DEL CAUCA","76364","JAMUNDI",,"1"
"2022-09-08T00:00:00.000","76","VALLE DEL CAUCA","76364","JAMUNDI",,"1"
"2022-09-06T00:00:00.000","76","VALLE DEL CAUCA","76364","JAMUNDI",,"1"
"2022-09-06T00:00:00.000","76","VALLE DEL CAUCA","76364","JAMUNDI",,"1"
"2022-09-02T00:00:00.000","76","VALLE DEL CAUCA","76364","JAMUNDI",,"1"
"2022-09-01T00:00:00.000","76","VALLE DEL CAUCA","76364","JAMUNDI",,"1"
"2022-08-28T00:00:00.000","76","VALLE DEL CAUCA","76364","JAMUNDI",,"1"
"2022-08-21T00:00:00.000","76","VALLE DEL CAUCA","76364","JAMUNDI",,"1"
"2022-08-20T00:00:00.000","76","VALLE DEL CAUCA","76364","JAMUNDI",,"1"
"2022-08-18T00:00:00.000","76","VALLE DEL CAUCA","76364","JAMUNDI",,"1"
"2022-08-13T00:00:00.000","76","VALLE DEL CAUCA","76364","JAMUNDI",,"1"
"2022-08-11T00:00:00.000","76","VALLE DEL CAUCA","76364","JAMUNDI",,"1"
"2022-08-03T00:00:00.000","76","VALLE DEL CAUCA","76364","JAMUNDI",,"1"
"2022-07-30T00:00:00.000","76","VALLE DEL CAUCA","76364","JAMUNDI",,"1"
"2022-07-30T00:00:00.000","76","VALLE DEL CAUCA","76364","JAMUNDI",,"1"
"2022-07-28T00:00:00.000","76","VALLE DEL CAUCA","76364","JAMUNDI",,"1"
"2022-07-24T00:00:00.000","76","VALLE DEL CAUCA","76364","JAMUNDI",,"1"
"2022-07-22T00:00:00.000","76","VALLE DEL CAUCA","76364","JAMUNDI",,"1"
"2022-07-22T00:00:00.000","76","VALLE DEL CAUCA","76364","JAMUNDI",,"1"
"2022-07-11T00:00:00.000","76","VALLE DEL CAUCA","76364","JAMUNDI",,"1"
"2022-07-06T00:00:00.000","76","VALLE DEL CAUCA","76364","JAMUNDI",,"1"
"2022-07-05T00:00:00.000","76","VALLE DEL CAUCA","76364","JAMUNDI",,"1"
"2022-06-30T00:00:00.000","76","VALLE DEL CAUCA","76364","JAMUNDI",,"1"
"2022-06-30T00:00:00.000","76","VALLE DEL CAUCA","76364","JAMUNDI",,"1"
"2022-06-29T00:00:00.000","76","VALLE DEL CAUCA","76364","JAMUNDI",,"1"
"2022-06-25T00:00:00.000","76","VALLE DEL CAUCA","76364","JAMUNDI",,"1"
"2022-06-23T00:00:00.000","76","VALLE DEL CAUCA","76364","JAMUNDI",,"1"
"2022-06-17T00:00:00.000","76","VALLE DEL CAUCA","76364","JAMUNDI",,"1"
"2022-06-16T00:00:00.000","76","VALLE DEL CAUCA","76364","JAMUNDI",,"1"
"2022-06-15T00:00:00.000","76","VALLE DEL CAUCA","76364","JAMUNDI",,"1"
"2022-06-13T00:00:00.000","76","VALLE DEL CAUCA","76364","JAMUNDI",,"1"
"2022-06-08T00:00:00.000","76","VALLE DEL CAUCA","76364","JAMUNDI",,"1"
"2022-06-06T00:00:00.000","76","VALLE DEL CAUCA","76364","JAMUNDI",,"1"
"2022-06-04T00:00:00.000","76","VALLE DEL CAUCA","76364","JAMUNDI",,"1"
"2022-05-26T00:00:00.000","76","VALLE DEL CAUCA","76364","JAMUNDI",,"1"
"2022-05-25T00:00:00.000","76","VALLE DEL CAUCA","76364","JAMUNDI",,"1"
"2022-05-17T00:00:00.000","76","VALLE DEL CAUCA","76364","JAMUNDI",,"1"
"2022-05-16T00:00:00.000","76","VALLE DEL CAUCA","76364","JAMUNDI",,"1"
"2022-05-09T00:00:00.000","76","VALLE DEL CAUCA","76364","JAMUNDI",,"1"
"2022-05-07T00:00:00.000","76","VALLE DEL CAUCA","76364","JAMUNDI",,"1"
"2022-05-06T00:00:00.000","76","VALLE DEL CAUCA","76364","JAMUNDI",,"1"
"2022-05-03T00:00:00.000","76","VALLE DEL CAUCA","76364","JAMUNDI",,"1"
"2022-04-29T00:00:00.000","76","VALLE DEL CAUCA","76364","JAMUNDI",,"1"
"2022-04-29T00:00:00.000","76","VALLE DEL CAUCA","76364","JAMUNDI",,"1"
"2022-04-29T00:00:00.000","76","VALLE DEL CAUCA","76364","JAMUNDI",,"1"
"2022-04-29T00:00:00.000","76","VALLE DEL CAUCA","76364","JAMUNDI",,"1"
"2022-04-29T00:00:00.000","76","VALLE DEL CAUCA","76364","JAMUNDI",,"1"
"2022-04-26T00:00:00.000","76","VALLE DEL CAUCA","76364","JAMUNDI",,"1"
"2022-04-26T00:00:00.000","76","VALLE DEL CAUCA","76364","JAMUNDI",,"1"
"2022-04-23T00:00:00.000","76","VALLE DEL CAUCA","76364","JAMUNDI",,"1"
"2022-04-20T00:00:00.000","76","VALLE DEL CAUCA","76364","JAMUNDI",,"1"
"2022-04-19T00:00:00.000","76","VALLE DEL CAUCA","76364","JAMUNDI",,"1"
"2022-04-13T00:00:00.000","76","VALLE DEL CAUCA","76364","JAMUNDI",,"1"
"2022-04-10T00:00:00.000","76","VALLE DEL CAUCA","76364","JAMUNDI",,"1"
"2022-04-10T00:00:00.000","76","VALLE DEL CAUCA","76364","JAMUNDI",,"1"
"2022-04-09T00:00:00.000","76","VALLE DEL CAUCA","76364","JAMUNDI",,"1"
"2022-04-08T00:00:00.000","76","VALLE DEL CAUCA","76364","JAMUNDI",,"1"
"2022-04-08T00:00:00.000","76","VALLE DEL CAUCA","76364","JAMUNDI",,"1"
"2022-04-08T00:00:00.000","76","VALLE DEL CAUCA","76364","JAMUNDI",,"1"
"2022-04-06T00:00:00.000","76","VALLE DEL CAUCA","76364","JAMUNDI",,"1"
"2022-04-05T00:00:00.000","76","VALLE DEL CAUCA","76364","JAMUNDI",,"1"
"2022-03-31T00:00:00.000","76","VALLE DEL CAUCA","76364","JAMUNDI",,"1"
"2022-03-26T00:00:00.000","76","VALLE DEL CAUCA","76364","JAMUNDI",,"1"
"2022-03-25T00:00:00.000","76","VALLE DEL CAUCA","76364","JAMUNDI",,"1"
"2022-03-24T00:00:00.000","76","VALLE DEL CAUCA","76364","JAMUNDI",,"1"
"2022-03-16T00:00:00.000","76","VALLE DEL CAUCA","76364","JAMUNDI",,"1"
"2022-03-15T00:00:00.000","76","VALLE DEL CAUCA","76364","JAMUNDI",,"1"
"2022-03-11T00:00:00.000","76","VALLE DEL CAUCA","76364","JAMUNDI",,"1"
"2022-03-10T00:00:00.000","76","VALLE DEL CAUCA","76364","JAMUNDI",,"1"
"2022-02-28T00:00:00.000","76","VALLE DEL CAUCA","76364","JAMUNDI",,"1"
"2022-02-27T00:00:00.000","76","VALLE DEL CAUCA","76364","JAMUNDI",,"1"
"2022-02-27T00:00:00.000","76","VALLE DEL CAUCA","76364","JAMUNDI",,"1"
"2022-02-26T00:00:00.000","76","VALLE DEL CAUCA","76364","JAMUNDI",,"1"
"2022-02-25T00:00:00.000","76","VALLE DEL CAUCA","76364","JAMUNDI",,"1"
"2022-02-24T00:00:00.000","76","VALLE DEL CAUCA","76364","JAMUNDI",,"1"
"2022-02-22T00:00:00.000","76","VALLE DEL CAUCA","76364","JAMUNDI",,"1"
"2022-02-22T00:00:00.000","76","VALLE DEL CAUCA","76364","JAMUNDI",,"1"
"2022-02-20T00:00:00.000","76","VALLE DEL CAUCA","76364","JAMUNDI",,"1"
"2022-02-15T00:00:00.000","76","VALLE DEL CAUCA","76364","JAMUNDI",,"1"
"2022-02-14T00:00:00.000","76","VALLE DEL CAUCA","76364","JAMUNDI",,"1"
"2022-02-14T00:00:00.000","76","VALLE DEL CAUCA","76364","JAMUNDI",,"1"
"2022-02-10T00:00:00.000","76","VALLE DEL CAUCA","76364","JAMUNDI",,"1"
"2022-02-08T00:00:00.000","76","VALLE DEL CAUCA","76364","JAMUNDI",,"1"
"2022-02-08T00:00:00.000","76","VALLE DEL CAUCA","76364","JAMUNDI",,"1"
"2022-02-07T00:00:00.000","76","VALLE DEL CAUCA","76364","JAMUNDI",,"1"
"2022-02-06T00:00:00.000","76","VALLE DEL CAUCA","76364","JAMUNDI",,"1"
"2022-02-02T00:00:00.000","76","VALLE DEL CAUCA","76364","JAMUNDI",,"1"
"2022-02-01T00:00:00.000","76","VALLE DEL CAUCA","76364","JAMUNDI",,"1"
"2022-01-29T00:00:00.000","76","VALLE DEL CAUCA","76364","JAMUNDI",,"1"
"2022-01-23T00:00:00.000","76","VALLE DEL CAUCA","76364","JAMUNDI",,"1"
"2022-01-20T00:00:00.000","76","VALLE DEL CAUCA","76364","JAMUNDI",,"1"
"2022-01-15T00:00:00.000","76","VALLE DEL CAUCA","76364","JAMUNDI",,"1"
"2022-01-13T00:00:00.000","76","VALLE DEL CAUCA","76364","JAMUNDI",,"1"
"2022-01-13T00:00:00.000","76","VALLE DEL CAUCA","76364","JAMUNDI",,"1"
"2022-01-12T00:00:00.000","76","VALLE DEL CAUCA","76364","JAMUNDI",,"1"
"2022-01-09T00:00:00.000","76","VALLE DEL CAUCA","76364","JAMUNDI",,"1"
"2022-01-08T00:00:00.000","76","VALLE DEL CAUCA","76364","JAMUNDI",,"1"
"2021-12-30T00:00:00.000","76","VALLE DEL CAUCA","76364","JAMUNDI",,"1"
"2021-12-29T00:00:00.000","76","VALLE DEL CAUCA","76364","JAMUNDI",,"1"
"2021-12-27T00:00:00.000","76","VALLE DEL CAUCA","76364","JAMUNDI",,"1"
"2021-12-23T00:00:00.000","76","VALLE DEL CAUCA","76364","JAMUNDI",,"1"
"2021-12-23T00:00:00.000","76","VALLE DEL CAUCA","76364","JAMUNDI",,"1"
"2021-12-17T00:00:00.000","76","VALLE DEL CAUCA","76364","JAMUNDI",,"1"
"2021-12-15T00:00:00.000","76","VALLE DEL CAUCA","76364","JAMUNDI",,"1"
"2021-12-08T00:00:00.000","76","VALLE DEL CAUCA","76364","JAMUNDI",,"1"
"2021-12-07T00:00:00.000","76","VALLE DEL CAUCA","76364","JAMUNDI",,"1"
"2021-12-04T00:00:00.000","76","VALLE DEL CAUCA","76364","JAMUNDI",,"1"
"2021-11-25T00:00:00.000","76","VALLE DEL CAUCA","76364","JAMUNDI",,"1"
"2021-11-21T00:00:00.000","76","VALLE DEL CAUCA","76364","JAMUNDI",,"1"
"2021-11-20T00:00:00.000","76","VALLE DEL CAUCA","76364","JAMUNDI",,"1"
"2021-11-19T00:00:00.000","76","VALLE DEL CAUCA","76364","JAMUNDI",,"1"
"2021-11-16T00:00:00.000","76","VALLE DEL CAUCA","76364","JAMUNDI",,"1"
"2021-11-13T00:00:00.000","76","VALLE DEL CAUCA","76364","JAMUNDI",,"1"
"2021-11-10T00:00:00.000","76","VALLE DEL CAUCA","76364","JAMUNDI",,"1"
"2021-11-09T00:00:00.000","76","VALLE DEL CAUCA","76364","JAMUNDI",,"1"
"2021-11-07T00:00:00.000","76","VALLE DEL CAUCA","76364","JAMUNDI",,"1"
"2021-11-07T00:00:00.000","76","VALLE DEL CAUCA","76364","JAMUNDI",,"1"
"2021-11-01T00:00:00.000","76","VALLE DEL CAUCA","76364","JAMUNDI",,"1"
"2021-11-01T00:00:00.000","76","VALLE DEL CAUCA","76364","JAMUNDI",,"1"
"2021-10-29T00:00:00.000","76","VALLE DEL CAUCA","76364","JAMUNDI",,"1"
"2021-10-24T00:00:00.000","76","VALLE DEL CAUCA","76364","JAMUNDI",,"1"
"2021-10-23T00:00:00.000","76","VALLE DEL CAUCA","76364","JAMUNDI",,"1"
"2021-10-17T00:00:00.000","76","VALLE DEL CAUCA","76364","JAMUNDI",,"1"
"2021-10-14T00:00:00.000","76","VALLE DEL CAUCA","76364","JAMUNDI",,"1"
"2021-10-13T00:00:00.000","76","VALLE DEL CAUCA","76364","JAMUNDI",,"1"
"2021-10-12T00:00:00.000","76","VALLE DEL CAUCA","76364","JAMUNDI",,"1"
"2021-10-12T00:00:00.000","76","VALLE DEL CAUCA","76364","JAMUNDI",,"1"
"2021-10-12T00:00:00.000","76","VALLE DEL CAUCA","76364","JAMUNDI",,"1"
"2021-10-11T00:00:00.000","76","VALLE DEL CAUCA","76364","JAMUNDI",,"1"
"2021-10-08T00:00:00.000","76","VALLE DEL CAUCA","76364","JAMUNDI",,"1"
"2021-10-08T00:00:00.000","76","VALLE DEL CAUCA","76364","JAMUNDI",,"1"
"2021-10-03T00:00:00.000","76","VALLE DEL CAUCA","76364","JAMUNDI",,"1"
"2021-10-02T00:00:00.000","76","VALLE DEL CAUCA","76364","JAMUNDI",,"1"
"2021-09-30T00:00:00.000","76","VALLE DEL CAUCA","76364","JAMUNDI",,"1"
"2021-09-23T00:00:00.000","76","VALLE DEL CAUCA","76364","JAMUNDI",,"1"
"2021-09-23T00:00:00.000","76","VALLE DEL CAUCA","76364","JAMUNDI",,"1"
"2021-09-23T00:00:00.000","76","VALLE DEL CAUCA","76364","JAMUNDI",,"1"
"2021-09-21T00:00:00.000","76","VALLE DEL CAUCA","76364","JAMUNDI",,"1"
"2021-09-18T00:00:00.000","76","VALLE DEL CAUCA","76364","JAMUNDI",,"1"
"2021-09-15T00:00:00.000","76","VALLE DEL CAUCA","76364","JAMUNDI",,"1"
"2021-09-09T00:00:00.000","76","VALLE DEL CAUCA","76364","JAMUNDI",,"1"
"2021-09-09T00:00:00.000","76","VALLE DEL CAUCA","76364","JAMUNDI",,"1"
"2021-09-03T00:00:00.000","76","VALLE DEL CAUCA","76364","JAMUNDI",,"1"
"2021-09-02T00:00:00.000","76","VALLE DEL CAUCA","76364","JAMUNDI",,"1"
"2021-08-24T00:00:00.000","76","VALLE DEL CAUCA","76364","JAMUNDI",,"1"
"2021-08-20T00:00:00.000","76","VALLE DEL CAUCA","76364","JAMUNDI",,"1"
"2021-08-20T00:00:00.000","76","VALLE DEL CAUCA","76364","JAMUNDI",,"1"
"2021-08-16T00:00:00.000","76","VALLE DEL CAUCA","76364","JAMUNDI",,"1"
"2021-08-16T00:00:00.000","76","VALLE DEL CAUCA","76364","JAMUNDI",,"1"
"2021-08-15T00:00:00.000","76","VALLE DEL CAUCA","76364","JAMUNDI",,"1"
"2021-08-13T00:00:00.000","76","VALLE DEL CAUCA","76364","JAMUNDI",,"1"
"2021-07-31T00:00:00.000","76","VALLE DEL CAUCA","76364","JAMUNDI",,"1"
"2021-07-28T00:00:00.000","76","VALLE DEL CAUCA","76364","JAMUNDI",,"1"
"2021-07-25T00:00:00.000","76","VALLE DEL CAUCA","76364","JAMUNDI",,"1"
"2021-07-17T00:00:00.000","76","VALLE DEL CAUCA","76364","JAMUNDI",,"1"
"2021-07-14T00:00:00.000","76","VALLE DEL CAUCA","76364","JAMUNDI",,"1"
"2021-07-14T00:00:00.000","76","VALLE DEL CAUCA","76364","JAMUNDI",,"1"
"2021-07-14T00:00:00.000","76","VALLE DEL CAUCA","76364","JAMUNDI",,"1"
"2021-07-09T00:00:00.000","76","VALLE DEL CAUCA","76364","JAMUNDI",,"1"
"2021-07-08T00:00:00.000","76","VALLE DEL CAUCA","76364","JAMUNDI",,"1"
"2021-07-08T00:00:00.000","76","VALLE DEL CAUCA","76364","JAMUNDI",,"1"
"2021-07-08T00:00:00.000","76","VALLE DEL CAUCA","76364","JAMUNDI",,"1"
"2021-07-04T00:00:00.000","76","VALLE DEL CAUCA","76364","JAMUNDI",,"1"
"2021-07-03T00:00:00.000","76","VALLE DEL CAUCA","76364","JAMUNDI",,"1"
"2021-07-03T00:00:00.000","76","VALLE DEL CAUCA","76364","JAMUNDI",,"1"
"2021-06-29T00:00:00.000","76","VALLE DEL CAUCA","76364","JAMUNDI",,"1"
"2021-06-26T00:00:00.000","76","VALLE DEL CAUCA","76364","JAMUNDI",,"1"
"2021-06-21T00:00:00.000","76","VALLE DEL CAUCA","76364","JAMUNDI",,"1"
"2021-06-20T00:00:00.000","76","VALLE DEL CAUCA","76364","JAMUNDI",,"1"
"2021-06-19T00:00:00.000","76","VALLE DEL CAUCA","76364","JAMUNDI",,"1"
"2021-06-13T00:00:00.000","76","VALLE DEL CAUCA","76364","JAMUNDI",,"1"
"2021-06-09T00:00:00.000","76","VALLE DEL CAUCA","76364","JAMUNDI",,"1"
"2021-06-06T00:00:00.000","76","VALLE DEL CAUCA","76364","JAMUNDI",,"1"
"2021-06-05T00:00:00.000","76","VALLE DEL CAUCA","76364","JAMUNDI",,"1"
"2021-06-05T00:00:00.000","76","VALLE DEL CAUCA","76364","JAMUNDI",,"1"
"2021-05-25T00:00:00.000","76","VALLE DEL CAUCA","76364","JAMUNDI",,"1"
"2021-05-16T00:00:00.000","76","VALLE DEL CAUCA","76364","JAMUNDI",,"1"
"2021-04-20T00:00:00.000","76","VALLE DEL CAUCA","76364","JAMUNDI",,"1"
"2021-04-04T00:00:00.000","76","VALLE DEL CAUCA","76364","JAMUNDI",,"1"
"2021-04-02T00:00:00.000","76","VALLE DEL CAUCA","76364","JAMUNDI",,"1"
"2021-03-31T00:00:00.000","76","VALLE DEL CAUCA","76364","JAMUNDI",,"1"
"2021-03-30T00:00:00.000","76","VALLE DEL CAUCA","76364","JAMUNDI",,"1"
"2021-03-25T00:00:00.000","76","VALLE DEL CAUCA","76364","JAMUNDI",,"1"
"2021-03-25T00:00:00.000","76","VALLE DEL CAUCA","76364","JAMUNDI",,"1"
"2021-03-18T00:00:00.000","76","VALLE DEL CAUCA","76364","JAMUNDI",,"1"
"2021-03-13T00:00:00.000","76","VALLE DEL CAUCA","76364","JAMUNDI",,"1"
"2021-03-11T00:00:00.000","76","VALLE DEL CAUCA","76364","JAMUNDI",,"1"
"2021-03-07T00:00:00.000","76","VALLE DEL CAUCA","76364","JAMUNDI",,"1"
"2021-03-02T00:00:00.000","76","VALLE DEL CAUCA","76364","JAMUNDI",,"1"
"2021-02-24T00:00:00.000","76","VALLE DEL CAUCA","76364","JAMUNDI",,"1"
"2021-02-20T00:00:00.000","76","VALLE DEL CAUCA","76364","JAMUNDI",,"1"
"2021-02-18T00:00:00.000","76","VALLE DEL CAUCA","76364","JAMUNDI",,"1"
"2021-02-15T00:00:00.000","76","VALLE DEL CAUCA","76364","JAMUNDI",,"1"
"2021-02-13T00:00:00.000","76","VALLE DEL CAUCA","76364","JAMUNDI",,"1"
"2021-02-12T00:00:00.000","76","VALLE DEL CAUCA","76364","JAMUNDI",,"1"
"2021-02-10T00:00:00.000","76","VALLE DEL CAUCA","76364","JAMUNDI",,"1"
"2021-02-07T00:00:00.000","76","VALLE DEL CAUCA","76364","JAMUNDI",,"1"
"2021-01-27T00:00:00.000","76","VALLE DEL CAUCA","76364","JAMUNDI",,"1"
"2021-01-25T00:00:00.000","76","VALLE DEL CAUCA","76364","JAMUNDI",,"1"
"2021-01-21T00:00:00.000","76","VALLE DEL CAUCA","76364","JAMUNDI",,"1"
"2021-01-20T00:00:00.000","76","VALLE DEL CAUCA","76364","JAMUNDI",,"1"
"2020-12-29T00:00:00.000","76","VALLE DEL CAUCA","76364","JAMUNDI",,"1"
"2020-12-29T00:00:00.000","76","VALLE DEL CAUCA","76364","JAMUNDI",,"1"
"2020-12-26T00:00:00.000","76","VALLE DEL CAUCA","76364","JAMUNDI",,"1"
"2020-12-23T00:00:00.000","76","VALLE DEL CAUCA","76364","JAMUNDI",,"1"
"2020-12-19T00:00:00.000","76","VALLE DEL CAUCA","76364","JAMUNDI",,"1"
"2020-12-17T00:00:00.000","76","VALLE DEL CAUCA","76364","JAMUNDI",,"1"
"2020-12-08T00:00:00.000","76","VALLE DEL CAUCA","76364","JAMUNDI",,"1"
"2020-12-06T00:00:00.000","76","VALLE DEL CAUCA","76364","JAMUNDI",,"1"
"2020-12-04T00:00:00.000","76","VALLE DEL CAUCA","76364","JAMUNDI",,"1"
"2020-12-04T00:00:00.000","76","VALLE DEL CAUCA","76364","JAMUNDI",,"1"
"2020-11-29T00:00:00.000","76","VALLE DEL CAUCA","76364","JAMUNDI",,"1"
"2020-11-26T00:00:00.000","76","VALLE DEL CAUCA","76364","JAMUNDI",,"1"
"2020-11-24T00:00:00.000","76","VALLE DEL CAUCA","76364","JAMUNDI",,"1"
"2020-11-20T00:00:00.000","76","VALLE DEL CAUCA","76364","JAMUNDI",,"1"
"2020-11-17T00:00:00.000","76","VALLE DEL CAUCA","76364","JAMUNDI",,"1"
"2020-11-17T00:00:00.000","76","VALLE DEL CAUCA","76364","JAMUNDI",,"1"
"2020-11-15T00:00:00.000","76","VALLE DEL CAUCA","76364","JAMUNDI",,"1"
"2020-11-11T00:00:00.000","76","VALLE DEL CAUCA","76364","JAMUNDI",,"1"
"2020-11-07T00:00:00.000","76","VALLE DEL CAUCA","76364","JAMUNDI",,"1"
"2020-11-02T00:00:00.000","76","VALLE DEL CAUCA","76364","JAMUNDI",,"1"
"2020-11-01T00:00:00.000","76","VALLE DEL CAUCA","76364","JAMUNDI",,"1"
"2020-10-31T00:00:00.000","76","VALLE DEL CAUCA","76364","JAMUNDI",,"1"
"2020-10-31T00:00:00.000","76","VALLE DEL CAUCA","76364","JAMUNDI",,"1"
"2020-10-31T00:00:00.000","76","VALLE DEL CAUCA","76364","JAMUNDI",,"1"
"2020-10-25T00:00:00.000","76","VALLE DEL CAUCA","76364","JAMUNDI",,"1"
"2020-10-16T00:00:00.000","76","VALLE DEL CAUCA","76364","JAMUNDI",,"1"
"2020-10-16T00:00:00.000","76","VALLE DEL CAUCA","76364","JAMUNDI",,"1"
"2020-10-14T00:00:00.000","76","VALLE DEL CAUCA","76364","JAMUNDI",,"1"
"2020-10-04T00:00:00.000","76","VALLE DEL CAUCA","76364","JAMUNDI",,"1"
"2020-10-04T00:00:00.000","76","VALLE DEL CAUCA","76364","JAMUNDI",,"1"
"2020-10-01T00:00:00.000","76","VALLE DEL CAUCA","76364","JAMUNDI",,"1"
"2020-10-01T00:00:00.000","76","VALLE DEL CAUCA","76364","JAMUNDI",,"1"
"2020-10-01T00:00:00.000","76","VALLE DEL CAUCA","76364","JAMUNDI",,"1"
"2020-09-30T00:00:00.000","76","VALLE DEL CAUCA","76364","JAMUNDI",,"1"
"2020-09-29T00:00:00.000","76","VALLE DEL CAUCA","76364","JAMUNDI",,"1"
"2020-09-24T00:00:00.000","76","VALLE DEL CAUCA","76364","JAMUNDI",,"1"
"2020-09-20T00:00:00.000","76","VALLE DEL CAUCA","76364","JAMUNDI",,"1"
"2020-09-20T00:00:00.000","76","VALLE DEL CAUCA","76364","JAMUNDI",,"1"
"2020-09-19T00:00:00.000","76","VALLE DEL CAUCA","76364","JAMUNDI",,"1"
"2020-09-17T00:00:00.000","76","VALLE DEL CAUCA","76364","JAMUNDI",,"1"
"2020-09-12T00:00:00.000","76","VALLE DEL CAUCA","76364","JAMUNDI",,"1"
"2020-09-10T00:00:00.000","76","VALLE DEL CAUCA","76364","JAMUNDI",,"1"
"2020-08-31T00:00:00.000","76","VALLE DEL CAUCA","76364","JAMUNDI",,"1"
"2020-08-20T00:00:00.000","76","VALLE DEL CAUCA","76364","JAMUNDI",,"1"
"2020-08-03T00:00:00.000","76","VALLE DEL CAUCA","76364","JAMUNDI",,"1"
"2020-08-02T00:00:00.000","76","VALLE DEL CAUCA","76364","JAMUNDI",,"1"
"2020-08-01T00:00:00.000","76","VALLE DEL CAUCA","76364","JAMUNDI",,"1"
"2020-07-29T00:00:00.000","76","VALLE DEL CAUCA","76364","JAMUNDI",,"1"
"2020-07-23T00:00:00.000","76","VALLE DEL CAUCA","76364","JAMUNDI",,"1"
"2020-07-13T00:00:00.000","76","VALLE DEL CAUCA","76364","JAMUNDI",,"1"
"2020-07-07T00:00:00.000","76","VALLE DEL CAUCA","76364","JAMUNDI",,"1"
"2020-07-05T00:00:00.000","76","VALLE DEL CAUCA","76364","JAMUNDI",,"1"
"2020-07-04T00:00:00.000","76","VALLE DEL CAUCA","76364","JAMUNDI",,"1"
"2020-07-03T00:00:00.000","76","VALLE DEL CAUCA","76364","JAMUNDI",,"1"
"2020-07-01T00:00:00.000","76","VALLE DEL CAUCA","76364","JAMUNDI",,"1"
"2020-06-28T00:00:00.000","76","VALLE DEL CAUCA","76364","JAMUNDI",,"1"
"2020-06-15T00:00:00.000","76","VALLE DEL CAUCA","76364","JAMUNDI",,"1"
"2020-06-13T00:00:00.000","76","VALLE DEL CAUCA","76364","JAMUNDI",,"1"
"2020-06-02T00:00:00.000","76","VALLE DEL CAUCA","76364","JAMUNDI",,"1"
"2020-05-30T00:00:00.000","76","VALLE DEL CAUCA","76364","JAMUNDI",,"1"
"2020-05-25T00:00:00.000","76","VALLE DEL CAUCA","76364","JAMUNDI",,"1"
"2020-05-20T00:00:00.000","76","VALLE DEL CAUCA","76364","JAMUNDI",,"1"
"2020-05-18T00:00:00.000","76","VALLE DEL CAUCA","76364","JAMUNDI",,"1"
"2020-05-16T00:00:00.000","76","VALLE DEL CAUCA","76364","JAMUNDI",,"1"
"2020-05-15T00:00:00.000","76","VALLE DEL CAUCA","76364","JAMUNDI",,"1"
"2020-04-22T00:00:00.000","76","VALLE DEL CAUCA","76364","JAMUNDI",,"1"
"2020-04-14T00:00:00.000","76","VALLE DEL CAUCA","76364","JAMUNDI",,"1"
"2020-04-01T00:00:00.000","76","VALLE DEL CAUCA","76364","JAMUNDI",,"1"
"2020-03-18T00:00:00.000","76","VALLE DEL CAUCA","76364","JAMUNDI",,"1"
"2020-03-17T00:00:00.000","76","VALLE DEL CAUCA","76364","JAMUNDI",,"1"
"2020-03-17T00:00:00.000","76","VALLE DEL CAUCA","76364","JAMUNDI",,"1"
"2020-03-16T00:00:00.000","76","VALLE DEL CAUCA","76364","JAMUNDI",,"1"
"2020-03-15T00:00:00.000","76","VALLE DEL CAUCA","76364","JAMUNDI",,"1"
"2020-03-11T00:00:00.000","76","VALLE DEL CAUCA","76364","JAMUNDI",,"1"
"2020-03-06T00:00:00.000","76","VALLE DEL CAUCA","76364","JAMUNDI",,"1"
"2020-03-05T00:00:00.000","76","VALLE DEL CAUCA","76364","JAMUNDI",,"1"
"2020-03-04T00:00:00.000","76","VALLE DEL CAUCA","76364","JAMUNDI",,"1"
"2020-03-03T00:00:00.000","76","VALLE DEL CAUCA","76364","JAMUNDI",,"1"
"2020-03-02T00:00:00.000","76","VALLE DEL CAUCA","76364","JAMUNDI",,"1"
"2020-03-02T00:00:00.000","76","VALLE DEL CAUCA","76364","JAMUNDI",,"1"
"2020-02-25T00:00:00.000","76","VALLE DEL CAUCA","76364","JAMUNDI",,"1"
"2020-02-13T00:00:00.000","76","VALLE DEL CAUCA","76364","JAMUNDI",,"1"
"2020-02-12T00:00:00.000","76","VALLE DEL CAUCA","76364","JAMUNDI",,"1"
"2020-02-10T00:00:00.000","76","VALLE DEL CAUCA","76364","JAMUNDI",,"1"
"2020-02-07T00:00:00.000","76","VALLE DEL CAUCA","76364","JAMUNDI",,"1"
"2020-02-05T00:00:00.000","76","VALLE DEL CAUCA","76364","JAMUNDI",,"1"
"2020-02-04T00:00:00.000","76","VALLE DEL CAUCA","76364","JAMUNDI",,"1"
"2020-02-03T00:00:00.000","76","VALLE DEL CAUCA","76364","JAMUNDI",,"1"
"2020-02-01T00:00:00.000","76","VALLE DEL CAUCA","76364","JAMUNDI",,"1"
"2020-02-01T00:00:00.000","76","VALLE DEL CAUCA","76364","JAMUNDI",,"1"
"2020-01-27T00:00:00.000","76","VALLE DEL CAUCA","76364","JAMUNDI",,"1"
"2020-01-27T00:00:00.000","76","VALLE DEL CAUCA","76364","JAMUNDI",,"1"
"2020-01-23T00:00:00.000","76","VALLE DEL CAUCA","76364","JAMUNDI",,"1"
"2020-01-23T00:00:00.000","76","VALLE DEL CAUCA","76364","JAMUNDI",,"1"
"2020-01-23T00:00:00.000","76","VALLE DEL CAUCA","76364","JAMUNDI",,"1"
"2020-01-17T00:00:00.000","76","VALLE DEL CAUCA","76364","JAMUNDI",,"1"
"2020-01-16T00:00:00.000","76","VALLE DEL CAUCA","76364","JAMUNDI",,"1"
"2020-01-14T00:00:00.000","76","VALLE DEL CAUCA","76364","JAMUNDI",,"1"
"2020-01-12T00:00:00.000","76","VALLE DEL CAUCA","76364","JAMUNDI",,"1"
"2020-01-12T00:00:00.000","76","VALLE DEL CAUCA","76364","JAMUNDI",,"1"
"2020-01-11T00:00:00.000","76","VALLE DEL CAUCA","76364","JAMUNDI",,"1"
"2020-01-10T00:00:00.000","76","VALLE DEL CAUCA","76364","JAMUNDI",,"1"
"2020-01-09T00:00:00.000","76","VALLE DEL CAUCA","76364","JAMUNDI",,"1"
"2020-01-08T00:00:00.000","76","VALLE DEL CAUCA","76364","JAMUNDI",,"1"
"2020-01-08T00:00:00.000","76","VALLE DEL CAUCA","76364","JAMUNDI",,"1"
"2020-01-07T00:00:00.000","76","VALLE DEL CAUCA","76364","JAMUNDI",,"1"
"2020-01-06T00:00:00.000","76","VALLE DEL CAUCA","76364","JAMUNDI",,"1"
"2020-01-05T00:00:00.000","76","VALLE DEL CAUCA","76364","JAMUNDI",,"1"
"2019-12-30T00:00:00.000","76","VALLE DEL CAUCA","76364","JAMUNDI",,"1"
"2019-12-29T00:00:00.000","76","VALLE DEL CAUCA","76364","JAMUNDI",,"1"
"2019-12-29T00:00:00.000","76","VALLE DEL CAUCA","76364","JAMUNDI",,"1"
"2019-12-23T00:00:00.000","76","VALLE DEL CAUCA","76364","JAMUNDI",,"1"
"2019-12-22T00:00:00.000","76","VALLE DEL CAUCA","76364","JAMUNDI",,"1"
"2019-12-20T00:00:00.000","76","VALLE DEL CAUCA","76364","JAMUNDI",,"1"
"2019-12-19T00:00:00.000","76","VALLE DEL CAUCA","76364","JAMUNDI",,"1"
"2019-12-19T00:00:00.000","76","VALLE DEL CAUCA","76364","JAMUNDI",,"1"
"2019-12-19T00:00:00.000","76","VALLE DEL CAUCA","76364","JAMUNDI",,"1"
"2019-12-19T00:00:00.000","76","VALLE DEL CAUCA","76364","JAMUNDI",,"1"
"2019-12-19T00:00:00.000","76","VALLE DEL CAUCA","76364","JAMUNDI",,"1"
"2019-12-17T00:00:00.000","76","VALLE DEL CAUCA","76364","JAMUNDI",,"1"
"2019-12-16T00:00:00.000","76","VALLE DEL CAUCA","76364","JAMUNDI",,"1"
"2019-12-15T00:00:00.000","76","VALLE DEL CAUCA","76364","JAMUNDI",,"1"
"2019-12-14T00:00:00.000","76","VALLE DEL CAUCA","76364","JAMUNDI",,"1"
"2019-12-12T00:00:00.000","76","VALLE DEL CAUCA","76364","JAMUNDI",,"1"
"2019-12-12T00:00:00.000","76","VALLE DEL CAUCA","76364","JAMUNDI",,"1"
"2019-12-10T00:00:00.000","76","VALLE DEL CAUCA","76364","JAMUNDI",,"1"
"2019-12-09T00:00:00.000","76","VALLE DEL CAUCA","76364","JAMUNDI",,"1"
"2019-12-08T00:00:00.000","76","VALLE DEL CAUCA","76364","JAMUNDI",,"1"
"2019-12-07T00:00:00.000","76","VALLE DEL CAUCA","76364","JAMUNDI",,"1"
"2019-12-07T00:00:00.000","76","VALLE DEL CAUCA","76364","JAMUNDI",,"1"
"2019-12-07T00:00:00.000","76","VALLE DEL CAUCA","76364","JAMUNDI",,"1"
"2019-12-03T00:00:00.000","76","VALLE DEL CAUCA","76364","JAMUNDI",,"1"
"2019-11-30T00:00:00.000","76","VALLE DEL CAUCA","76364","JAMUNDI",,"1"
"2019-11-30T00:00:00.000","76","VALLE DEL CAUCA","76364","JAMUNDI",,"1"
"2019-11-30T00:00:00.000","76","VALLE DEL CAUCA","76364","JAMUNDI",,"1"
"2019-11-24T00:00:00.000","76","VALLE DEL CAUCA","76364","JAMUNDI",,"1"
"2019-11-24T00:00:00.000","76","VALLE DEL CAUCA","76364","JAMUNDI",,"1"
"2019-11-24T00:00:00.000","76","VALLE DEL CAUCA","76364","JAMUNDI",,"1"
"2019-11-16T00:00:00.000","76","VALLE DEL CAUCA","76364","JAMUNDI",,"1"
"2019-11-15T00:00:00.000","76","VALLE DEL CAUCA","76364","JAMUNDI",,"1"
"2019-11-14T00:00:00.000","76","VALLE DEL CAUCA","76364","JAMUNDI",,"1"
"2019-11-14T00:00:00.000","76","VALLE DEL CAUCA","76364","JAMUNDI",,"1"
"2019-11-12T00:00:00.000","76","VALLE DEL CAUCA","76364","JAMUNDI",,"1"
"2019-11-10T00:00:00.000","76","VALLE DEL CAUCA","76364","JAMUNDI",,"1"
"2019-11-09T00:00:00.000","76","VALLE DEL CAUCA","76364","JAMUNDI",,"1"
"2019-11-09T00:00:00.000","76","VALLE DEL CAUCA","76364","JAMUNDI",,"1"
"2019-11-06T00:00:00.000","76","VALLE DEL CAUCA","76364","JAMUNDI",,"1"
"2019-11-05T00:00:00.000","76","VALLE DEL CAUCA","76364","JAMUNDI",,"1"
"2019-11-02T00:00:00.000","76","VALLE DEL CAUCA","76364","JAMUNDI",,"1"
"2019-11-02T00:00:00.000","76","VALLE DEL CAUCA","76364","JAMUNDI",,"1"
"2019-11-01T00:00:00.000","76","VALLE DEL CAUCA","76364","JAMUNDI",,"1"
"2019-10-31T00:00:00.000","76","VALLE DEL CAUCA","76364","JAMUNDI",,"1"
"2019-10-31T00:00:00.000","76","VALLE DEL CAUCA","76364","JAMUNDI",,"1"
"2019-10-28T00:00:00.000","76","VALLE DEL CAUCA","76364","JAMUNDI",,"1"
"2019-10-27T00:00:00.000","76","VALLE DEL CAUCA","76364","JAMUNDI",,"1"
"2019-10-24T00:00:00.000","76","VALLE DEL CAUCA","76364","JAMUNDI",,"1"
"2019-10-23T00:00:00.000","76","VALLE DEL CAUCA","76364","JAMUNDI",,"1"
"2019-10-22T00:00:00.000","76","VALLE DEL CAUCA","76364","JAMUNDI",,"1"
"2019-10-20T00:00:00.000","76","VALLE DEL CAUCA","76364","JAMUNDI",,"1"
"2019-10-20T00:00:00.000","76","VALLE DEL CAUCA","76364","JAMUNDI",,"1"
"2019-10-20T00:00:00.000","76","VALLE DEL CAUCA","76364","JAMUNDI",,"1"
"2019-10-18T00:00:00.000","76","VALLE DEL CAUCA","76364","JAMUNDI",,"1"
"2019-10-09T00:00:00.000","76","VALLE DEL CAUCA","76364","JAMUNDI",,"1"
"2019-10-09T00:00:00.000","76","VALLE DEL CAUCA","76364","JAMUNDI",,"1"
"2019-10-07T00:00:00.000","76","VALLE DEL CAUCA","76364","JAMUNDI",,"1"
"2019-10-07T00:00:00.000","76","VALLE DEL CAUCA","76364","JAMUNDI",,"1"
"2019-10-07T00:00:00.000","76","VALLE DEL CAUCA","76364","JAMUNDI",,"1"
"2019-09-29T00:00:00.000","76","VALLE DEL CAUCA","76364","JAMUNDI",,"1"
"2019-09-28T00:00:00.000","76","VALLE DEL CAUCA","76364","JAMUNDI",,"1"
"2019-09-26T00:00:00.000","76","VALLE DEL CAUCA","76364","JAMUNDI",,"1"
"2019-09-26T00:00:00.000","76","VALLE DEL CAUCA","76364","JAMUNDI",,"1"
"2019-09-21T00:00:00.000","76","VALLE DEL CAUCA","76364","JAMUNDI",,"1"
"2019-09-20T00:00:00.000","76","VALLE DEL CAUCA","76364","JAMUNDI",,"1"
"2019-09-19T00:00:00.000","76","VALLE DEL CAUCA","76364","JAMUNDI",,"1"
"2019-09-17T00:00:00.000","76","VALLE DEL CAUCA","76364","JAMUNDI",,"1"
"2019-09-16T00:00:00.000","76","VALLE DEL CAUCA","76364","JAMUNDI",,"1"
"2019-09-16T00:00:00.000","76","VALLE DEL CAUCA","76364","JAMUNDI",,"1"
"2019-09-14T00:00:00.000","76","VALLE DEL CAUCA","76364","JAMUNDI",,"1"
"2019-09-12T00:00:00.000","76","VALLE DEL CAUCA","76364","JAMUNDI",,"1"
"2019-09-12T00:00:00.000","76","VALLE DEL CAUCA","76364","JAMUNDI",,"1"
"2019-09-12T00:00:00.000","76","VALLE DEL CAUCA","76364","JAMUNDI",,"1"
"2019-09-06T00:00:00.000","76","VALLE DEL CAUCA","76364","JAMUNDI",,"1"
"2019-09-03T00:00:00.000","76","VALLE DEL CAUCA","76364","JAMUNDI",,"1"
"2019-08-31T00:00:00.000","76","VALLE DEL CAUCA","76364","JAMUNDI",,"1"
"2019-08-30T00:00:00.000","76","VALLE DEL CAUCA","76364","JAMUNDI",,"1"
"2019-08-28T00:00:00.000","76","VALLE DEL CAUCA","76364","JAMUNDI",,"1"
"2019-08-28T00:00:00.000","76","VALLE DEL CAUCA","76364","JAMUNDI",,"1"
"2019-08-21T00:00:00.000","76","VALLE DEL CAUCA","76364","JAMUNDI",,"1"
"2019-08-16T00:00:00.000","76","VALLE DEL CAUCA","76364","JAMUNDI",,"1"
"2019-08-15T00:00:00.000","76","VALLE DEL CAUCA","76364","JAMUNDI",,"1"
"2019-08-14T00:00:00.000","76","VALLE DEL CAUCA","76364","JAMUNDI",,"1"
"2019-08-13T00:00:00.000","76","VALLE DEL CAUCA","76364","JAMUNDI",,"1"
"2019-08-10T00:00:00.000","76","VALLE DEL CAUCA","76364","JAMUNDI",,"1"
"2019-08-10T00:00:00.000","76","VALLE DEL CAUCA","76364","JAMUNDI",,"1"
"2019-08-05T00:00:00.000","76","VALLE DEL CAUCA","76364","JAMUNDI",,"1"
"2019-08-03T00:00:00.000","76","VALLE DEL CAUCA","76364","JAMUNDI",,"1"
"2019-08-01T00:00:00.000","76","VALLE DEL CAUCA","76364","JAMUNDI",,"1"
"2019-07-31T00:00:00.000","76","VALLE DEL CAUCA","76364","JAMUNDI",,"1"
"2019-07-31T00:00:00.000","76","VALLE DEL CAUCA","76364","JAMUNDI",,"1"
"2019-07-27T00:00:00.000","76","VALLE DEL CAUCA","76364","JAMUNDI",,"1"
"2019-07-24T00:00:00.000","76","VALLE DEL CAUCA","76364","JAMUNDI",,"1"
"2019-07-24T00:00:00.000","76","VALLE DEL CAUCA","76364","JAMUNDI",,"1"
"2019-07-24T00:00:00.000","76","VALLE DEL CAUCA","76364","JAMUNDI",,"1"
"2019-07-23T00:00:00.000","76","VALLE DEL CAUCA","76364","JAMUNDI",,"1"
"2019-07-16T00:00:00.000","76","VALLE DEL CAUCA","76364","JAMUNDI",,"1"
"2019-07-16T00:00:00.000","76","VALLE DEL CAUCA","76364","JAMUNDI",,"1"
"2019-07-16T00:00:00.000","76","VALLE DEL CAUCA","76364","JAMUNDI",,"1"
"2019-07-15T00:00:00.000","76","VALLE DEL CAUCA","76364","JAMUNDI",,"1"
"2019-07-13T00:00:00.000","76","VALLE DEL CAUCA","76364","JAMUNDI",,"1"
"2019-07-11T00:00:00.000","76","VALLE DEL CAUCA","76364","JAMUNDI",,"1"
"2019-07-10T00:00:00.000","76","VALLE DEL CAUCA","76364","JAMUNDI",,"1"
"2019-07-10T00:00:00.000","76","VALLE DEL CAUCA","76364","JAMUNDI",,"1"
"2019-07-09T00:00:00.000","76","VALLE DEL CAUCA","76364","JAMUNDI",,"1"
"2019-07-09T00:00:00.000","76","VALLE DEL CAUCA","76364","JAMUNDI",,"1"
"2019-07-03T00:00:00.000","76","VALLE DEL CAUCA","76364","JAMUNDI",,"1"
"2019-06-27T00:00:00.000","76","VALLE DEL CAUCA","76364","JAMUNDI",,"1"
"2019-06-26T00:00:00.000","76","VALLE DEL CAUCA","76364","JAMUNDI",,"1"
"2019-06-24T00:00:00.000","76","VALLE DEL CAUCA","76364","JAMUNDI",,"1"
"2019-06-22T00:00:00.000","76","VALLE DEL CAUCA","76364","JAMUNDI",,"1"
"2019-06-21T00:00:00.000","76","VALLE DEL CAUCA","76364","JAMUNDI",,"1"
"2019-06-21T00:00:00.000","76","VALLE DEL CAUCA","76364","JAMUNDI",,"1"
"2019-06-16T00:00:00.000","76","VALLE DEL CAUCA","76364","JAMUNDI",,"1"
"2019-06-15T00:00:00.000","76","VALLE DEL CAUCA","76364","JAMUNDI",,"1"
"2019-06-15T00:00:00.000","76","VALLE DEL CAUCA","76364","JAMUNDI",,"1"
"2019-06-13T00:00:00.000","76","VALLE DEL CAUCA","76364","JAMUNDI",,"1"
"2019-06-10T00:00:00.000","76","VALLE DEL CAUCA","76364","JAMUNDI",,"1"
"2019-06-10T00:00:00.000","76","VALLE DEL CAUCA","76364","JAMUNDI",,"1"
"2019-06-09T00:00:00.000","76","VALLE DEL CAUCA","76364","JAMUNDI",,"1"
"2019-06-06T00:00:00.000","76","VALLE DEL CAUCA","76364","JAMUNDI",,"1"
"2019-06-02T00:00:00.000","76","VALLE DEL CAUCA","76364","JAMUNDI",,"1"
"2019-05-31T00:00:00.000","76","VALLE DEL CAUCA","76364","JAMUNDI",,"1"
"2019-05-29T00:00:00.000","76","VALLE DEL CAUCA","76364","JAMUNDI",,"1"
"2019-05-27T00:00:00.000","76","VALLE DEL CAUCA","76364","JAMUNDI",,"1"
"2019-05-26T00:00:00.000","76","VALLE DEL CAUCA","76364","JAMUNDI",,"1"
"2019-05-23T00:00:00.000","76","VALLE DEL CAUCA","76364","JAMUNDI",,"1"
"2019-05-20T00:00:00.000","76","VALLE DEL CAUCA","76364","JAMUNDI",,"1"
"2019-05-19T00:00:00.000","76","VALLE DEL CAUCA","76364","JAMUNDI",,"1"
"2019-05-19T00:00:00.000","76","VALLE DEL CAUCA","76364","JAMUNDI",,"1"
"2019-05-18T00:00:00.000","76","VALLE DEL CAUCA","76364","JAMUNDI",,"1"
"2019-05-17T00:00:00.000","76","VALLE DEL CAUCA","76364","JAMUNDI",,"1"
"2019-05-15T00:00:00.000","76","VALLE DEL CAUCA","76364","JAMUNDI",,"1"
"2019-05-15T00:00:00.000","76","VALLE DEL CAUCA","76364","JAMUNDI",,"1"
"2019-05-14T00:00:00.000","76","VALLE DEL CAUCA","76364","JAMUNDI",,"1"
"2019-05-14T00:00:00.000","76","VALLE DEL CAUCA","76364","JAMUNDI",,"1"
"2019-05-14T00:00:00.000","76","VALLE DEL CAUCA","76364","JAMUNDI",,"1"
"2019-05-14T00:00:00.000","76","VALLE DEL CAUCA","76364","JAMUNDI",,"1"
"2019-05-13T00:00:00.000","76","VALLE DEL CAUCA","76364","JAMUNDI",,"1"
"2019-05-12T00:00:00.000","76","VALLE DEL CAUCA","76364","JAMUNDI",,"1"
"2019-05-11T00:00:00.000","76","VALLE DEL CAUCA","76364","JAMUNDI",,"1"
"2019-05-08T00:00:00.000","76","VALLE DEL CAUCA","76364","JAMUNDI",,"1"
"2019-05-08T00:00:00.000","76","VALLE DEL CAUCA","76364","JAMUNDI",,"1"
"2019-05-06T00:00:00.000","76","VALLE DEL CAUCA","76364","JAMUNDI",,"1"
"2019-05-03T00:00:00.000","76","VALLE DEL CAUCA","76364","JAMUNDI",,"1"
"2019-05-03T00:00:00.000","76","VALLE DEL CAUCA","76364","JAMUNDI",,"1"
"2019-05-03T00:00:00.000","76","VALLE DEL CAUCA","76364","JAMUNDI",,"1"
"2019-04-25T00:00:00.000","76","VALLE DEL CAUCA","76364","JAMUNDI",,"1"
"2019-04-25T00:00:00.000","76","VALLE DEL CAUCA","76364","JAMUNDI",,"1"
"2019-04-25T00:00:00.000","76","VALLE DEL CAUCA","76364","JAMUNDI",,"1"
"2019-04-23T00:00:00.000","76","VALLE DEL CAUCA","76364","JAMUNDI",,"1"
"2019-04-22T00:00:00.000","76","VALLE DEL CAUCA","76364","JAMUNDI",,"1"
"2019-04-21T00:00:00.000","76","VALLE DEL CAUCA","76364","JAMUNDI",,"1"
"2019-04-20T00:00:00.000","76","VALLE DEL CAUCA","76364","JAMUNDI",,"1"
"2019-04-17T00:00:00.000","76","VALLE DEL CAUCA","76364","JAMUNDI",,"1"
"2019-04-16T00:00:00.000","76","VALLE DEL CAUCA","76364","JAMUNDI",,"1"
"2019-04-16T00:00:00.000","76","VALLE DEL CAUCA","76364","JAMUNDI",,"1"
"2019-04-16T00:00:00.000","76","VALLE DEL CAUCA","76364","JAMUNDI",,"1"
"2019-04-15T00:00:00.000","76","VALLE DEL CAUCA","76364","JAMUNDI",,"1"
"2019-04-14T00:00:00.000","76","VALLE DEL CAUCA","76364","JAMUNDI",,"1"
"2019-04-13T00:00:00.000","76","VALLE DEL CAUCA","76364","JAMUNDI",,"1"
"2019-04-11T00:00:00.000","76","VALLE DEL CAUCA","76364","JAMUNDI",,"1"
"2019-04-11T00:00:00.000","76","VALLE DEL CAUCA","76364","JAMUNDI",,"1"
"2019-04-09T00:00:00.000","76","VALLE DEL CAUCA","76364","JAMUNDI",,"1"
"2019-04-08T00:00:00.000","76","VALLE DEL CAUCA","76364","JAMUNDI",,"1"
"2019-04-01T00:00:00.000","76","VALLE DEL CAUCA","76364","JAMUNDI",,"1"
"2019-03-29T00:00:00.000","76","VALLE DEL CAUCA","76364","JAMUNDI",,"1"
"2019-03-28T00:00:00.000","76","VALLE DEL CAUCA","76364","JAMUNDI",,"1"
"2019-03-25T00:00:00.000","76","VALLE DEL CAUCA","76364","JAMUNDI",,"1"
"2019-03-25T00:00:00.000","76","VALLE DEL CAUCA","76364","JAMUNDI",,"1"
"2019-03-24T00:00:00.000","76","VALLE DEL CAUCA","76364","JAMUNDI",,"1"
"2019-03-24T00:00:00.000","76","VALLE DEL CAUCA","76364","JAMUNDI",,"1"
"2019-03-23T00:00:00.000","76","VALLE DEL CAUCA","76364","JAMUNDI",,"1"
"2019-03-21T00:00:00.000","76","VALLE DEL CAUCA","76364","JAMUNDI",,"1"
"2019-03-21T00:00:00.000","76","VALLE DEL CAUCA","76364","JAMUNDI",,"1"
"2019-03-21T00:00:00.000","76","VALLE DEL CAUCA","76364","JAMUNDI",,"1"
"2019-03-19T00:00:00.000","76","VALLE DEL CAUCA","76364","JAMUNDI",,"1"
"2019-03-17T00:00:00.000","76","VALLE DEL CAUCA","76364","JAMUNDI",,"1"
"2019-03-15T00:00:00.000","76","VALLE DEL CAUCA","76364","JAMUNDI",,"1"
"2019-03-15T00:00:00.000","76","VALLE DEL CAUCA","76364","JAMUNDI",,"1"
"2019-03-14T00:00:00.000","76","VALLE DEL CAUCA","76364","JAMUNDI",,"1"
"2019-03-12T00:00:00.000","76","VALLE DEL CAUCA","76364","JAMUNDI",,"1"
"2019-03-12T00:00:00.000","76","VALLE DEL CAUCA","76364","JAMUNDI",,"1"
"2019-03-11T00:00:00.000","76","VALLE DEL CAUCA","76364","JAMUNDI",,"1"
"2019-03-10T00:00:00.000","76","VALLE DEL CAUCA","76364","JAMUNDI",,"1"
"2019-03-07T00:00:00.000","76","VALLE DEL CAUCA","76364","JAMUNDI",,"1"
"2019-03-05T00:00:00.000","76","VALLE DEL CAUCA","76364","JAMUNDI",,"1"
"2019-03-03T00:00:00.000","76","VALLE DEL CAUCA","76364","JAMUNDI",,"1"
"2019-03-02T00:00:00.000","76","VALLE DEL CAUCA","76364","JAMUNDI",,"1"
"2019-03-01T00:00:00.000","76","VALLE DEL CAUCA","76364","JAMUNDI",,"1"
"2019-02-28T00:00:00.000","76","VALLE DEL CAUCA","76364","JAMUNDI",,"1"
"2019-02-23T00:00:00.000","76","VALLE DEL CAUCA","76364","JAMUNDI",,"1"
"2019-02-17T00:00:00.000","76","VALLE DEL CAUCA","76364","JAMUNDI",,"1"
"2019-02-16T00:00:00.000","76","VALLE DEL CAUCA","76364","JAMUNDI",,"1"
"2019-02-13T00:00:00.000","76","VALLE DEL CAUCA","76364","JAMUNDI",,"1"
"2019-02-08T00:00:00.000","76","VALLE DEL CAUCA","76364","JAMUNDI",,"1"
"2019-02-08T00:00:00.000","76","VALLE DEL CAUCA","76364","JAMUNDI",,"1"
"2019-02-05T00:00:00.000","76","VALLE DEL CAUCA","76364","JAMUNDI",,"1"
"2019-02-04T00:00:00.000","76","VALLE DEL CAUCA","76364","JAMUNDI",,"1"
"2019-02-03T00:00:00.000","76","VALLE DEL CAUCA","76364","JAMUNDI",,"1"
"2019-02-02T00:00:00.000","76","VALLE DEL CAUCA","76364","JAMUNDI",,"1"
"2019-01-29T00:00:00.000","76","VALLE DEL CAUCA","76364","JAMUNDI",,"1"
"2019-01-24T00:00:00.000","76","VALLE DEL CAUCA","76364","JAMUNDI",,"1"
"2019-01-24T00:00:00.000","76","VALLE DEL CAUCA","76364","JAMUNDI",,"1"
"2019-01-22T00:00:00.000","76","VALLE DEL CAUCA","76364","JAMUNDI",,"1"
"2019-01-22T00:00:00.000","76","VALLE DEL CAUCA","76364","JAMUNDI",,"1"
"2019-01-20T00:00:00.000","76","VALLE DEL CAUCA","76364","JAMUNDI",,"1"
"2019-01-20T00:00:00.000","76","VALLE DEL CAUCA","76364","JAMUNDI",,"1"
"2019-01-20T00:00:00.000","76","VALLE DEL CAUCA","76364","JAMUNDI",,"1"
"2019-01-18T00:00:00.000","76","VALLE DEL CAUCA","76364","JAMUNDI",,"1"
"2019-01-16T00:00:00.000","76","VALLE DEL CAUCA","76364","JAMUNDI",,"1"
"2019-01-13T00:00:00.000","76","VALLE DEL CAUCA","76364","JAMUNDI",,"1"
"2019-01-10T00:00:00.000","76","VALLE DEL CAUCA","76364","JAMUNDI",,"1"
"2019-01-10T00:00:00.000","76","VALLE DEL CAUCA","76364","JAMUNDI",,"1"
"2019-01-09T00:00:00.000","76","VALLE DEL CAUCA","76364","JAMUNDI",,"1"
"2019-01-05T00:00:00.000","76","VALLE DEL CAUCA","76364","JAMUNDI",,"1"
"2019-01-04T00:00:00.000","76","VALLE DEL CAUCA","76364","JAMUNDI",,"1"
"2019-01-02T00:00:00.000","76","VALLE DEL CAUCA","76364","JAMUNDI",,"1"
"2018-12-31T00:00:00.000","76","VALLE DEL CAUCA","76364","JAMUNDI",,"1"
"2018-12-30T00:00:00.000","76","VALLE DEL CAUCA","76364","JAMUNDI",,"1"
"2018-12-28T00:00:00.000","76","VALLE DEL CAUCA","76364","JAMUNDI",,"1"
"2018-12-26T00:00:00.000","76","VALLE DEL CAUCA","76364","JAMUNDI",,"1"
"2018-12-22T00:00:00.000","76","VALLE DEL CAUCA","76364","JAMUNDI",,"1"
"2018-12-21T00:00:00.000","76","VALLE DEL CAUCA","76364","JAMUNDI",,"1"
"2018-12-12T00:00:00.000","76","VALLE DEL CAUCA","76364","JAMUNDI",,"1"
"2018-12-12T00:00:00.000","76","VALLE DEL CAUCA","76364","JAMUNDI",,"1"
"2018-12-11T00:00:00.000","76","VALLE DEL CAUCA","76364","JAMUNDI",,"1"
"2018-12-10T00:00:00.000","76","VALLE DEL CAUCA","76364","JAMUNDI",,"1"
"2018-12-10T00:00:00.000","76","VALLE DEL CAUCA","76364","JAMUNDI",,"1"
"2018-12-09T00:00:00.000","76","VALLE DEL CAUCA","76364","JAMUNDI",,"1"
"2018-12-02T00:00:00.000","76","VALLE DEL CAUCA","76364","JAMUNDI",,"1"
"2018-12-01T00:00:00.000","76","VALLE DEL CAUCA","76364","JAMUNDI",,"1"
"2018-12-01T00:00:00.000","76","VALLE DEL CAUCA","76364","JAMUNDI",,"1"
"2018-11-27T00:00:00.000","76","VALLE DEL CAUCA","76364","JAMUNDI",,"1"
"2018-11-27T00:00:00.000","76","VALLE DEL CAUCA","76364","JAMUNDI",,"1"
"2018-11-24T00:00:00.000","76","VALLE DEL CAUCA","76364","JAMUNDI",,"1"
"2018-11-22T00:00:00.000","76","VALLE DEL CAUCA","76364","JAMUNDI",,"1"
"2018-11-22T00:00:00.000","76","VALLE DEL CAUCA","76364","JAMUNDI",,"1"
"2018-11-22T00:00:00.000","76","VALLE DEL CAUCA","76364","JAMUNDI",,"1"
"2018-11-22T00:00:00.000","76","VALLE DEL CAUCA","76364","JAMUNDI",,"1"
"2018-11-11T00:00:00.000","76","VALLE DEL CAUCA","76364","JAMUNDI",,"1"
"2018-11-10T00:00:00.000","76","VALLE DEL CAUCA","76364","JAMUNDI",,"1"
"2018-11-07T00:00:00.000","76","VALLE DEL CAUCA","76364","JAMUNDI",,"1"
"2018-11-07T00:00:00.000","76","VALLE DEL CAUCA","76364","JAMUNDI",,"1"
"2018-11-04T00:00:00.000","76","VALLE DEL CAUCA","76364","JAMUNDI",,"1"
"2018-11-03T00:00:00.000","76","VALLE DEL CAUCA","76364","JAMUNDI",,"1"
"2018-11-03T00:00:00.000","76","VALLE DEL CAUCA","76364","JAMUNDI",,"1"
"2018-11-01T00:00:00.000","76","VALLE DEL CAUCA","76364","JAMUNDI",,"1"
"2018-11-01T00:00:00.000","76","VALLE DEL CAUCA","76364","JAMUNDI",,"1"
"2018-11-01T00:00:00.000","76","VALLE DEL CAUCA","76364","JAMUNDI",,"1"
"2018-10-31T00:00:00.000","76","VALLE DEL CAUCA","76364","JAMUNDI",,"1"
"2018-10-31T00:00:00.000","76","VALLE DEL CAUCA","76364","JAMUNDI",,"1"
"2018-10-29T00:00:00.000","76","VALLE DEL CAUCA","76364","JAMUNDI",,"1"
"2018-10-26T00:00:00.000","76","VALLE DEL CAUCA","76364","JAMUNDI",,"1"
"2018-10-17T00:00:00.000","76","VALLE DEL CAUCA","76364","JAMUNDI",,"1"
"2018-10-16T00:00:00.000","76","VALLE DEL CAUCA","76364","JAMUNDI",,"1"
"2018-10-12T00:00:00.000","76","VALLE DEL CAUCA","76364","JAMUNDI",,"1"
"2018-10-10T00:00:00.000","76","VALLE DEL CAUCA","76364","JAMUNDI",,"1"
"2018-10-07T00:00:00.000","76","VALLE DEL CAUCA","76364","JAMUNDI",,"1"
"2018-10-04T00:00:00.000","76","VALLE DEL CAUCA","76364","JAMUNDI",,"1"
"2018-10-03T00:00:00.000","76","VALLE DEL CAUCA","76364","JAMUNDI",,"1"
"2018-09-24T00:00:00.000","76","VALLE DEL CAUCA","76364","JAMUNDI",,"1"
"2018-09-22T00:00:00.000","76","VALLE DEL CAUCA","76364","JAMUNDI",,"1"
"2018-09-18T00:00:00.000","76","VALLE DEL CAUCA","76364","JAMUNDI",,"1"
"2018-09-17T00:00:00.000","76","VALLE DEL CAUCA","76364","JAMUNDI",,"1"
"2018-09-12T00:00:00.000","76","VALLE DEL CAUCA","76364","JAMUNDI",,"1"
"2018-09-11T00:00:00.000","76","VALLE DEL CAUCA","76364","JAMUNDI",,"1"
"2018-09-08T00:00:00.000","76","VALLE DEL CAUCA","76364","JAMUNDI",,"1"
"2018-09-07T00:00:00.000","76","VALLE DEL CAUCA","76364","JAMUNDI",,"1"
"2018-09-05T00:00:00.000","76","VALLE DEL CAUCA","76364","JAMUNDI",,"1"
"2018-09-04T00:00:00.000","76","VALLE DEL CAUCA","76364","JAMUNDI",,"1"
"2018-09-03T00:00:00.000","76","VALLE DEL CAUCA","76364","JAMUNDI",,"1"
"2018-08-29T00:00:00.000","76","VALLE DEL CAUCA","76364","JAMUNDI",,"1"
"2018-08-25T00:00:00.000","76","VALLE DEL CAUCA","76364","JAMUNDI",,"1"
"2018-08-24T00:00:00.000","76","VALLE DEL CAUCA","76364","JAMUNDI",,"1"
"2018-08-22T00:00:00.000","76","VALLE DEL CAUCA","76364","JAMUNDI",,"1"
"2018-08-21T00:00:00.000","76","VALLE DEL CAUCA","76364","JAMUNDI",,"1"
"2018-08-20T00:00:00.000","76","VALLE DEL CAUCA","76364","JAMUNDI",,"1"
"2018-08-20T00:00:00.000","76","VALLE DEL CAUCA","76364","JAMUNDI",,"1"
"2018-08-18T00:00:00.000","76","VALLE DEL CAUCA","76364","JAMUNDI",,"1"
"2018-08-16T00:00:00.000","76","VALLE DEL CAUCA","76364","JAMUNDI",,"1"
"2018-08-06T00:00:00.000","76","VALLE DEL CAUCA","76364","JAMUNDI",,"1"
"2018-08-06T00:00:00.000","76","VALLE DEL CAUCA","76364","JAMUNDI",,"1"
"2018-08-05T00:00:00.000","76","VALLE DEL CAUCA","76364","JAMUNDI",,"1"
"2018-08-04T00:00:00.000","76","VALLE DEL CAUCA","76364","JAMUNDI",,"1"
"2018-08-01T00:00:00.000","76","VALLE DEL CAUCA","76364","JAMUNDI",,"1"
"2018-07-30T00:00:00.000","76","VALLE DEL CAUCA","76364","JAMUNDI",,"1"
"2018-07-30T00:00:00.000","76","VALLE DEL CAUCA","76364","JAMUNDI",,"1"
"2018-07-30T00:00:00.000","76","VALLE DEL CAUCA","76364","JAMUNDI",,"1"
"2018-07-27T00:00:00.000","76","VALLE DEL CAUCA","76364","JAMUNDI",,"1"
"2018-07-27T00:00:00.000","76","VALLE DEL CAUCA","76364","JAMUNDI",,"1"
"2018-07-25T00:00:00.000","76","VALLE DEL CAUCA","76364","JAMUNDI",,"1"
"2018-07-24T00:00:00.000","76","VALLE DEL CAUCA","76364","JAMUNDI",,"1"
"2018-07-23T00:00:00.000","76","VALLE DEL CAUCA","76364","JAMUNDI",,"1"
"2018-07-23T00:00:00.000","76","VALLE DEL CAUCA","76364","JAMUNDI",,"1"
"2018-07-20T00:00:00.000","76","VALLE DEL CAUCA","76364","JAMUNDI",,"1"
"2018-06-29T00:00:00.000","76","VALLE DEL CAUCA","76364","JAMUNDI",,"1"
"2018-06-28T00:00:00.000","76","VALLE DEL CAUCA","76364","JAMUNDI",,"1"
"2018-06-27T00:00:00.000","76","VALLE DEL CAUCA","76364","JAMUNDI",,"1"
"2018-06-19T00:00:00.000","76","VALLE DEL CAUCA","76364","JAMUNDI",,"1"
"2018-06-14T00:00:00.000","76","VALLE DEL CAUCA","76364","JAMUNDI",,"1"
"2018-06-03T00:00:00.000","76","VALLE DEL CAUCA","76364","JAMUNDI",,"1"
"2018-06-01T00:00:00.000","76","VALLE DEL CAUCA","76364","JAMUNDI",,"1"
"2018-05-28T00:00:00.000","76","VALLE DEL CAUCA","76364","JAMUNDI",,"1"
"2018-05-27T00:00:00.000","76","VALLE DEL CAUCA","76364","JAMUNDI",,"1"
"2018-05-26T00:00:00.000","76","VALLE DEL CAUCA","76364","JAMUNDI",,"1"
"2018-05-23T00:00:00.000","76","VALLE DEL CAUCA","76364","JAMUNDI",,"1"
"2018-05-22T00:00:00.000","76","VALLE DEL CAUCA","76364","JAMUNDI",,"1"
"2018-05-20T00:00:00.000","76","VALLE DEL CAUCA","76364","JAMUNDI",,"1"
"2018-05-18T00:00:00.000","76","VALLE DEL CAUCA","76364","JAMUNDI",,"1"
"2018-05-14T00:00:00.000","76","VALLE DEL CAUCA","76364","JAMUNDI",,"1"
"2018-05-12T00:00:00.000","76","VALLE DEL CAUCA","76364","JAMUNDI",,"1"
"2018-05-11T00:00:00.000","76","VALLE DEL CAUCA","76364","JAMUNDI",,"1"
"2018-05-10T00:00:00.000","76","VALLE DEL CAUCA","76364","JAMUNDI",,"1"
"2018-05-07T00:00:00.000","76","VALLE DEL CAUCA","76364","JAMUNDI",,"1"
"2018-04-28T00:00:00.000","76","VALLE DEL CAUCA","76364","JAMUNDI",,"1"
"2018-04-26T00:00:00.000","76","VALLE DEL CAUCA","76364","JAMUNDI",,"1"
"2018-04-25T00:00:00.000","76","VALLE DEL CAUCA","76364","JAMUNDI",,"1"
"2018-04-25T00:00:00.000","76","VALLE DEL CAUCA","76364","JAMUNDI",,"1"
"2018-04-20T00:00:00.000","76","VALLE DEL CAUCA","76364","JAMUNDI",,"1"
"2018-04-16T00:00:00.000","76","VALLE DEL CAUCA","76364","JAMUNDI",,"1"
"2018-04-14T00:00:00.000","76","VALLE DEL CAUCA","76364","JAMUNDI",,"1"
"2018-04-14T00:00:00.000","76","VALLE DEL CAUCA","76364","JAMUNDI",,"1"
"2018-04-07T00:00:00.000","76","VALLE DEL CAUCA","76364","JAMUNDI",,"1"
"2018-04-06T00:00:00.000","76","VALLE DEL CAUCA","76364","JAMUNDI",,"1"
"2018-04-06T00:00:00.000","76","VALLE DEL CAUCA","76364","JAMUNDI",,"1"
"2018-04-05T00:00:00.000","76","VALLE DEL CAUCA","76364","JAMUNDI",,"1"
"2018-04-03T00:00:00.000","76","VALLE DEL CAUCA","76364","JAMUNDI",,"1"
"2018-04-03T00:00:00.000","76","VALLE DEL CAUCA","76364","JAMUNDI",,"1"
"2018-03-30T00:00:00.000","76","VALLE DEL CAUCA","76364","JAMUNDI",,"1"
"2018-03-22T00:00:00.000","76","VALLE DEL CAUCA","76364","JAMUNDI",,"1"
"2018-03-21T00:00:00.000","76","VALLE DEL CAUCA","76364","JAMUNDI",,"1"
"2018-03-18T00:00:00.000","76","VALLE DEL CAUCA","76364","JAMUNDI",,"1"
"2018-03-14T00:00:00.000","76","VALLE DEL CAUCA","76364","JAMUNDI",,"1"
"2018-03-12T00:00:00.000","76","VALLE DEL CAUCA","76364","JAMUNDI",,"1"
"2018-03-10T00:00:00.000","76","VALLE DEL CAUCA","76364","JAMUNDI",,"1"
"2018-03-08T00:00:00.000","76","VALLE DEL CAUCA","76364","JAMUNDI",,"1"
"2018-03-03T00:00:00.000","76","VALLE DEL CAUCA","76364","JAMUNDI",,"1"
"2018-03-02T00:00:00.000","76","VALLE DEL CAUCA","76364","JAMUNDI",,"1"
"2018-03-01T00:00:00.000","76","VALLE DEL CAUCA","76364","JAMUNDI",,"1"
"2018-02-25T00:00:00.000","76","VALLE DEL CAUCA","76364","JAMUNDI",,"1"
"2018-02-25T00:00:00.000","76","VALLE DEL CAUCA","76364","JAMUNDI",,"1"
"2018-02-20T00:00:00.000","76","VALLE DEL CAUCA","76364","JAMUNDI",,"1"
"2018-02-19T00:00:00.000","76","VALLE DEL CAUCA","76364","JAMUNDI",,"1"
"2018-02-15T00:00:00.000","76","VALLE DEL CAUCA","76364","JAMUNDI",,"1"
"2018-02-15T00:00:00.000","76","VALLE DEL CAUCA","76364","JAMUNDI",,"1"
"2018-02-14T00:00:00.000","76","VALLE DEL CAUCA","76364","JAMUNDI",,"1"
"2018-02-13T00:00:00.000","76","VALLE DEL CAUCA","76364","JAMUNDI",,"1"
"2018-02-10T00:00:00.000","76","VALLE DEL CAUCA","76364","JAMUNDI",,"1"
"2018-02-09T00:00:00.000","76","VALLE DEL CAUCA","76364","JAMUNDI",,"1"
"2018-02-08T00:00:00.000","76","VALLE DEL CAUCA","76364","JAMUNDI",,"1"
"2018-01-31T00:00:00.000","76","VALLE DEL CAUCA","76364","JAMUNDI",,"1"
"2018-01-22T00:00:00.000","76","VALLE DEL CAUCA","76364","JAMUNDI",,"1"
"2018-01-22T00:00:00.000","76","VALLE DEL CAUCA","76364","JAMUNDI",,"1"
"2018-01-19T00:00:00.000","76","VALLE DEL CAUCA","76364","JAMUNDI",,"1"
"2018-01-17T00:00:00.000","76","VALLE DEL CAUCA","76364","JAMUNDI",,"1"
"2018-01-16T00:00:00.000","76","VALLE DEL CAUCA","76364","JAMUNDI",,"1"
"2018-01-12T00:00:00.000","76","VALLE DEL CAUCA","76364","JAMUNDI",,"1"
"2017-12-31T00:00:00.000","76","VALLE DEL CAUCA","76364","JAMUNDI",,"1"
"2017-12-29T00:00:00.000","76","VALLE DEL CAUCA","76364","JAMUNDI",,"1"
"2017-12-28T00:00:00.000","76","VALLE DEL CAUCA","76364","JAMUNDI",,"1"
"2017-12-26T00:00:00.000","76","VALLE DEL CAUCA","76364","JAMUNDI",,"1"
"2017-12-26T00:00:00.000","76","VALLE DEL CAUCA","76364","JAMUNDI",,"1"
"2017-12-25T00:00:00.000","76","VALLE DEL CAUCA","76364","JAMUNDI",,"1"
"2017-12-24T00:00:00.000","76","VALLE DEL CAUCA","76364","JAMUNDI",,"1"
"2017-12-24T00:00:00.000","76","VALLE DEL CAUCA","76364","JAMUNDI",,"1"
"2017-12-18T00:00:00.000","76","VALLE DEL CAUCA","76364","JAMUNDI",,"1"
"2017-12-11T00:00:00.000","76","VALLE DEL CAUCA","76364","JAMUNDI",,"1"
"2017-12-11T00:00:00.000","76","VALLE DEL CAUCA","76364","JAMUNDI",,"1"
"2017-12-11T00:00:00.000","76","VALLE DEL CAUCA","76364","JAMUNDI",,"1"
"2017-12-09T00:00:00.000","76","VALLE DEL CAUCA","76364","JAMUNDI",,"1"
"2017-12-07T00:00:00.000","76","VALLE DEL CAUCA","76364","JAMUNDI",,"1"
"2017-12-07T00:00:00.000","76","VALLE DEL CAUCA","76364","JAMUNDI",,"1"
"2017-12-01T00:00:00.000","76","VALLE DEL CAUCA","76364","JAMUNDI",,"1"
"2017-11-30T00:00:00.000","76","VALLE DEL CAUCA","76364","JAMUNDI",,"1"
"2017-11-27T00:00:00.000","76","VALLE DEL CAUCA","76364","JAMUNDI",,"1"
"2017-11-24T00:00:00.000","76","VALLE DEL CAUCA","76364","JAMUNDI",,"1"
"2017-11-23T00:00:00.000","76","VALLE DEL CAUCA","76364","JAMUNDI",,"1"
"2017-11-22T00:00:00.000","76","VALLE DEL CAUCA","76364","JAMUNDI",,"1"
"2017-11-21T00:00:00.000","76","VALLE DEL CAUCA","76364","JAMUNDI",,"1"
"2017-11-19T00:00:00.000","76","VALLE DEL CAUCA","76364","JAMUNDI",,"1"
"2017-11-19T00:00:00.000","76","VALLE DEL CAUCA","76364","JAMUNDI",,"1"
"2017-11-18T00:00:00.000","76","VALLE DEL CAUCA","76364","JAMUNDI",,"1"
"2017-11-15T00:00:00.000","76","VALLE DEL CAUCA","76364","JAMUNDI",,"1"
"2017-11-13T00:00:00.000","76","VALLE DEL CAUCA","76364","JAMUNDI",,"1"
"2017-11-10T00:00:00.000","76","VALLE DEL CAUCA","76364","JAMUNDI",,"1"
"2017-11-10T00:00:00.000","76","VALLE DEL CAUCA","76364","JAMUNDI",,"1"
"2017-11-07T00:00:00.000","76","VALLE DEL CAUCA","76364","JAMUNDI",,"1"
"2017-11-02T00:00:00.000","76","VALLE DEL CAUCA","76364","JAMUNDI",,"1"
"2017-11-02T00:00:00.000","76","VALLE DEL CAUCA","76364","JAMUNDI",,"1"
"2017-10-28T00:00:00.000","76","VALLE DEL CAUCA","76364","JAMUNDI",,"1"
"2017-10-24T00:00:00.000","76","VALLE DEL CAUCA","76364","JAMUNDI",,"1"
"2017-10-19T00:00:00.000","76","VALLE DEL CAUCA","76364","JAMUNDI",,"1"
"2017-10-19T00:00:00.000","76","VALLE DEL CAUCA","76364","JAMUNDI",,"1"
"2017-10-16T00:00:00.000","76","VALLE DEL CAUCA","76364","JAMUNDI",,"1"
"2017-10-13T00:00:00.000","76","VALLE DEL CAUCA","76364","JAMUNDI",,"1"
"2017-10-12T00:00:00.000","76","VALLE DEL CAUCA","76364","JAMUNDI",,"1"
"2017-10-10T00:00:00.000","76","VALLE DEL CAUCA","76364","JAMUNDI",,"1"
"2017-09-27T00:00:00.000","76","VALLE DEL CAUCA","76364","JAMUNDI",,"1"
"2017-09-27T00:00:00.000","76","VALLE DEL CAUCA","76364","JAMUNDI",,"1"
"2017-09-26T00:00:00.000","76","VALLE DEL CAUCA","76364","JAMUNDI",,"1"
"2017-09-26T00:00:00.000","76","VALLE DEL CAUCA","76364","JAMUNDI",,"1"
"2017-09-14T00:00:00.000","76","VALLE DEL CAUCA","76364","JAMUNDI",,"1"
"2017-09-13T00:00:00.000","76","VALLE DEL CAUCA","76364","JAMUNDI",,"1"
"2017-09-11T00:00:00.000","76","VALLE DEL CAUCA","76364","JAMUNDI",,"1"
"2017-09-03T00:00:00.000","76","VALLE DEL CAUCA","76364","JAMUNDI",,"1"
"2017-09-03T00:00:00.000","76","VALLE DEL CAUCA","76364","JAMUNDI",,"1"
"2017-09-03T00:00:00.000","76","VALLE DEL CAUCA","76364","JAMUNDI",,"1"
"2017-08-25T00:00:00.000","76","VALLE DEL CAUCA","76364","JAMUNDI",,"1"
"2017-08-21T00:00:00.000","76","VALLE DEL CAUCA","76364","JAMUNDI",,"1"
"2017-08-19T00:00:00.000","76","VALLE DEL CAUCA","76364","JAMUNDI",,"1"
"2017-08-19T00:00:00.000","76","VALLE DEL CAUCA","76364","JAMUNDI",,"1"
"2017-08-17T00:00:00.000","76","VALLE DEL CAUCA","76364","JAMUNDI",,"1"
"2017-08-13T00:00:00.000","76","VALLE DEL CAUCA","76364","JAMUNDI",,"1"
"2017-08-13T00:00:00.000","76","VALLE DEL CAUCA","76364","JAMUNDI",,"1"
"2017-08-06T00:00:00.000","76","VALLE DEL CAUCA","76364","JAMUNDI",,"1"
"2017-07-30T00:00:00.000","76","VALLE DEL CAUCA","76364","JAMUNDI",,"1"
"2017-07-25T00:00:00.000","76","VALLE DEL CAUCA","76364","JAMUNDI",,"1"
"2017-07-25T00:00:00.000","76","VALLE DEL CAUCA","76364","JAMUNDI",,"1"
"2017-07-25T00:00:00.000","76","VALLE DEL CAUCA","76364","JAMUNDI",,"1"
"2017-07-23T00:00:00.000","76","VALLE DEL CAUCA","76364","JAMUNDI",,"1"
"2017-07-21T00:00:00.000","76","VALLE DEL CAUCA","76364","JAMUNDI",,"1"
"2017-07-19T00:00:00.000","76","VALLE DEL CAUCA","76364","JAMUNDI",,"1"
"2017-07-19T00:00:00.000","76","VALLE DEL CAUCA","76364","JAMUNDI",,"1"
"2017-07-11T00:00:00.000","76","VALLE DEL CAUCA","76364","JAMUNDI",,"1"
"2017-07-08T00:00:00.000","76","VALLE DEL CAUCA","76364","JAMUNDI",,"1"
"2017-07-04T00:00:00.000","76","VALLE DEL CAUCA","76364","JAMUNDI",,"1"
"2017-06-27T00:00:00.000","76","VALLE DEL CAUCA","76364","JAMUNDI",,"1"
"2017-06-25T00:00:00.000","76","VALLE DEL CAUCA","76364","JAMUNDI",,"1"
"2017-06-17T00:00:00.000","76","VALLE DEL CAUCA","76364","JAMUNDI",,"1"
"2017-06-17T00:00:00.000","76","VALLE DEL CAUCA","76364","JAMUNDI",,"1"
"2017-06-15T00:00:00.000","76","VALLE DEL CAUCA","76364","JAMUNDI",,"1"
"2017-06-15T00:00:00.000","76","VALLE DEL CAUCA","76364","JAMUNDI",,"1"
"2017-06-10T00:00:00.000","76","VALLE DEL CAUCA","76364","JAMUNDI",,"1"
"2017-06-09T00:00:00.000","76","VALLE DEL CAUCA","76364","JAMUNDI",,"1"
"2017-06-08T00:00:00.000","76","VALLE DEL CAUCA","76364","JAMUNDI",,"1"
"2017-06-01T00:00:00.000","76","VALLE DEL CAUCA","76364","JAMUNDI",,"1"
"2017-05-30T00:00:00.000","76","VALLE DEL CAUCA","76364","JAMUNDI",,"1"
"2017-05-28T00:00:00.000","76","VALLE DEL CAUCA","76364","JAMUNDI",,"1"
"2017-05-25T00:00:00.000","76","VALLE DEL CAUCA","76364","JAMUNDI",,"1"
"2017-05-19T00:00:00.000","76","VALLE DEL CAUCA","76364","JAMUNDI",,"1"
"2017-05-08T00:00:00.000","76","VALLE DEL CAUCA","76364","JAMUNDI",,"1"
"2017-05-04T00:00:00.000","76","VALLE DEL CAUCA","76364","JAMUNDI",,"1"
"2017-05-02T00:00:00.000","76","VALLE DEL CAUCA","76364","JAMUNDI",,"1"
"2017-04-28T00:00:00.000","76","VALLE DEL CAUCA","76364","JAMUNDI",,"1"
"2017-04-28T00:00:00.000","76","VALLE DEL CAUCA","76364","JAMUNDI",,"1"
"2017-04-26T00:00:00.000","76","VALLE DEL CAUCA","76364","JAMUNDI",,"1"
"2017-04-24T00:00:00.000","76","VALLE DEL CAUCA","76364","JAMUNDI",,"1"
"2017-04-24T00:00:00.000","76","VALLE DEL CAUCA","76364","JAMUNDI",,"1"
"2017-04-21T00:00:00.000","76","VALLE DEL CAUCA","76364","JAMUNDI",,"1"
"2017-04-20T00:00:00.000","76","VALLE DEL CAUCA","76364","JAMUNDI",,"1"
"2017-04-16T00:00:00.000","76","VALLE DEL CAUCA","76364","JAMUNDI",,"1"
"2017-04-13T00:00:00.000","76","VALLE DEL CAUCA","76364","JAMUNDI",,"1"
"2017-04-09T00:00:00.000","76","VALLE DEL CAUCA","76364","JAMUNDI",,"1"
"2017-04-08T00:00:00.000","76","VALLE DEL CAUCA","76364","JAMUNDI",,"1"
"2017-04-05T00:00:00.000","76","VALLE DEL CAUCA","76364","JAMUNDI",,"1"
"2017-04-05T00:00:00.000","76","VALLE DEL CAUCA","76364","JAMUNDI",,"1"
"2017-03-30T00:00:00.000","76","VALLE DEL CAUCA","76364","JAMUNDI",,"1"
"2017-03-24T00:00:00.000","76","VALLE DEL CAUCA","76364","JAMUNDI",,"1"
"2017-03-23T00:00:00.000","76","VALLE DEL CAUCA","76364","JAMUNDI",,"1"
"2017-03-22T00:00:00.000","76","VALLE DEL CAUCA","76364","JAMUNDI",,"1"
"2017-03-20T00:00:00.000","76","VALLE DEL CAUCA","76364","JAMUNDI",,"1"
"2017-03-15T00:00:00.000","76","VALLE DEL CAUCA","76364","JAMUNDI",,"1"
"2017-03-15T00:00:00.000","76","VALLE DEL CAUCA","76364","JAMUNDI",,"1"
"2017-03-14T00:00:00.000","76","VALLE DEL CAUCA","76364","JAMUNDI",,"1"
"2017-03-10T00:00:00.000","76","VALLE DEL CAUCA","76364","JAMUNDI",,"1"
"2017-03-09T00:00:00.000","76","VALLE DEL CAUCA","76364","JAMUNDI",,"1"
"2017-03-04T00:00:00.000","76","VALLE DEL CAUCA","76364","JAMUNDI",,"1"
"2017-02-28T00:00:00.000","76","VALLE DEL CAUCA","76364","JAMUNDI",,"1"
"2017-02-28T00:00:00.000","76","VALLE DEL CAUCA","76364","JAMUNDI",,"1"
"2017-02-24T00:00:00.000","76","VALLE DEL CAUCA","76364","JAMUNDI",,"1"
"2017-02-23T00:00:00.000","76","VALLE DEL CAUCA","76364","JAMUNDI",,"1"
"2017-02-20T00:00:00.000","76","VALLE DEL CAUCA","76364","JAMUNDI",,"1"
"2017-02-19T00:00:00.000","76","VALLE DEL CAUCA","76364","JAMUNDI",,"1"
"2017-02-19T00:00:00.000","76","VALLE DEL CAUCA","76364","JAMUNDI",,"1"
"2017-02-19T00:00:00.000","76","VALLE DEL CAUCA","76364","JAMUNDI",,"1"
"2017-02-17T00:00:00.000","76","VALLE DEL CAUCA","76364","JAMUNDI",,"1"
"2017-02-15T00:00:00.000","76","VALLE DEL CAUCA","76364","JAMUNDI",,"1"
"2017-02-09T00:00:00.000","76","VALLE DEL CAUCA","76364","JAMUNDI",,"1"
"2017-01-27T00:00:00.000","76","VALLE DEL CAUCA","76364","JAMUNDI",,"1"
"2017-01-27T00:00:00.000","76","VALLE DEL CAUCA","76364","JAMUNDI",,"1"
"2017-01-19T00:00:00.000","76","VALLE DEL CAUCA","76364","JAMUNDI",,"1"
"2017-01-05T00:00:00.000","76","VALLE DEL CAUCA","76364","JAMUNDI",,"1"
"2017-01-05T00:00:00.000","76","VALLE DEL CAUCA","76364","JAMUNDI",,"1"
"2017-01-02T00:00:00.000","76","VALLE DEL CAUCA","76364","JAMUNDI",,"1"
"2016-12-27T00:00:00.000","76","VALLE DEL CAUCA","76364","JAMUNDI",,"1"
"2016-12-25T00:00:00.000","76","VALLE DEL CAUCA","76364","JAMUNDI",,"1"
"2016-12-21T00:00:00.000","76","VALLE DEL CAUCA","76364","JAMUNDI",,"1"
"2016-12-13T00:00:00.000","76","VALLE DEL CAUCA","76364","JAMUNDI",,"1"
"2016-12-12T00:00:00.000","76","VALLE DEL CAUCA","76364","JAMUNDI",,"1"
"2016-12-09T00:00:00.000","76","VALLE DEL CAUCA","76364","JAMUNDI",,"1"
"2016-12-05T00:00:00.000","76","VALLE DEL CAUCA","76364","JAMUNDI",,"1"
"2016-12-04T00:00:00.000","76","VALLE DEL CAUCA","76364","JAMUNDI",,"1"
"2016-11-24T00:00:00.000","76","VALLE DEL CAUCA","76364","JAMUNDI",,"1"
"2016-11-18T00:00:00.000","76","VALLE DEL CAUCA","76364","JAMUNDI",,"1"
"2016-11-18T00:00:00.000","76","VALLE DEL CAUCA","76364","JAMUNDI",,"1"
"2016-11-17T00:00:00.000","76","VALLE DEL CAUCA","76364","JAMUNDI",,"1"
"2016-11-06T00:00:00.000","76","VALLE DEL CAUCA","76364","JAMUNDI",,"1"
"2016-10-29T00:00:00.000","76","VALLE DEL CAUCA","76364","JAMUNDI",,"1"
"2016-10-28T00:00:00.000","76","VALLE DEL CAUCA","76364","JAMUNDI",,"1"
"2016-10-22T00:00:00.000","76","VALLE DEL CAUCA","76364","JAMUNDI",,"1"
"2016-10-09T00:00:00.000","76","VALLE DEL CAUCA","76364","JAMUNDI",,"1"
"2016-09-30T00:00:00.000","76","VALLE DEL CAUCA","76364","JAMUNDI",,"1"
"2016-09-28T00:00:00.000","76","VALLE DEL CAUCA","76364","JAMUNDI",,"1"
"2016-09-28T00:00:00.000","76","VALLE DEL CAUCA","76364","JAMUNDI",,"1"
"2016-09-26T00:00:00.000","76","VALLE DEL CAUCA","76364","JAMUNDI",,"1"
"2016-09-24T00:00:00.000","76","VALLE DEL CAUCA","76364","JAMUNDI",,"1"
"2016-09-23T00:00:00.000","76","VALLE DEL CAUCA","76364","JAMUNDI",,"1"
"2016-09-18T00:00:00.000","76","VALLE DEL CAUCA","76364","JAMUNDI",,"1"
"2016-09-18T00:00:00.000","76","VALLE DEL CAUCA","76364","JAMUNDI",,"1"
"2016-09-12T00:00:00.000","76","VALLE DEL CAUCA","76364","JAMUNDI",,"1"
"2016-09-10T00:00:00.000","76","VALLE DEL CAUCA","76364","JAMUNDI",,"1"
"2016-09-10T00:00:00.000","76","VALLE DEL CAUCA","76364","JAMUNDI",,"1"
"2016-09-09T00:00:00.000","76","VALLE DEL CAUCA","76364","JAMUNDI",,"1"
"2016-09-01T00:00:00.000","76","VALLE DEL CAUCA","76364","JAMUNDI",,"1"
"2016-08-29T00:00:00.000","76","VALLE DEL CAUCA","76364","JAMUNDI",,"1"
"2016-08-26T00:00:00.000","76","VALLE DEL CAUCA","76364","JAMUNDI",,"1"
"2016-08-24T00:00:00.000","76","VALLE DEL CAUCA","76364","JAMUNDI",,"1"
"2016-08-24T00:00:00.000","76","VALLE DEL CAUCA","76364","JAMUNDI",,"1"
"2016-08-22T00:00:00.000","76","VALLE DEL CAUCA","76364","JAMUNDI",,"1"
"2016-08-20T00:00:00.000","76","VALLE DEL CAUCA","76364","JAMUNDI",,"1"
"2016-08-19T00:00:00.000","76","VALLE DEL CAUCA","76364","JAMUNDI",,"1"
"2016-08-18T00:00:00.000","76","VALLE DEL CAUCA","76364","JAMUNDI",,"1"
"2016-08-17T00:00:00.000","76","VALLE DEL CAUCA","76364","JAMUNDI",,"1"
"2016-08-12T00:00:00.000","76","VALLE DEL CAUCA","76364","JAMUNDI",,"1"
"2016-08-11T00:00:00.000","76","VALLE DEL CAUCA","76364","JAMUNDI",,"1"
"2016-08-10T00:00:00.000","76","VALLE DEL CAUCA","76364","JAMUNDI",,"1"
"2016-08-06T00:00:00.000","76","VALLE DEL CAUCA","76364","JAMUNDI",,"1"
"2016-07-23T00:00:00.000","76","VALLE DEL CAUCA","76364","JAMUNDI",,"1"
"2016-07-21T00:00:00.000","76","VALLE DEL CAUCA","76364","JAMUNDI",,"1"
"2016-07-19T00:00:00.000","76","VALLE DEL CAUCA","76364","JAMUNDI",,"1"
"2016-07-17T00:00:00.000","76","VALLE DEL CAUCA","76364","JAMUNDI",,"1"
"2016-07-13T00:00:00.000","76","VALLE DEL CAUCA","76364","JAMUNDI",,"1"
"2016-07-01T00:00:00.000","76","VALLE DEL CAUCA","76364","JAMUNDI",,"1"
"2016-07-01T00:00:00.000","76","VALLE DEL CAUCA","76364","JAMUNDI",,"1"
"2016-06-25T00:00:00.000","76","VALLE DEL CAUCA","76364","JAMUNDI",,"1"
"2016-06-22T00:00:00.000","76","VALLE DEL CAUCA","76364","JAMUNDI",,"1"
"2016-06-20T00:00:00.000","76","VALLE DEL CAUCA","76364","JAMUNDI",,"1"
"2016-06-18T00:00:00.000","76","VALLE DEL CAUCA","76364","JAMUNDI",,"1"
"2016-06-17T00:00:00.000","76","VALLE DEL CAUCA","76364","JAMUNDI",,"1"
"2016-06-10T00:00:00.000","76","VALLE DEL CAUCA","76364","JAMUNDI",,"1"
"2016-06-10T00:00:00.000","76","VALLE DEL CAUCA","76364","JAMUNDI",,"1"
"2016-06-05T00:00:00.000","76","VALLE DEL CAUCA","76364","JAMUNDI",,"1"
"2016-06-05T00:00:00.000","76","VALLE DEL CAUCA","76364","JAMUNDI",,"1"
"2016-06-04T00:00:00.000","76","VALLE DEL CAUCA","76364","JAMUNDI",,"1"
"2016-06-01T00:00:00.000","76","VALLE DEL CAUCA","76364","JAMUNDI",,"1"
"2016-05-31T00:00:00.000","76","VALLE DEL CAUCA","76364","JAMUNDI",,"1"
"2016-05-28T00:00:00.000","76","VALLE DEL CAUCA","76364","JAMUNDI",,"1"
"2016-05-20T00:00:00.000","76","VALLE DEL CAUCA","76364","JAMUNDI",,"1"
"2016-05-18T00:00:00.000","76","VALLE DEL CAUCA","76364","JAMUNDI",,"1"
"2016-05-15T00:00:00.000","76","VALLE DEL CAUCA","76364","JAMUNDI",,"1"
"2016-05-14T00:00:00.000","76","VALLE DEL CAUCA","76364","JAMUNDI",,"1"
"2016-05-12T00:00:00.000","76","VALLE DEL CAUCA","76364","JAMUNDI",,"1"
"2016-05-04T00:00:00.000","76","VALLE DEL CAUCA","76364","JAMUNDI",,"1"
"2016-04-30T00:00:00.000","76","VALLE DEL CAUCA","76364","JAMUNDI",,"1"
"2016-04-07T00:00:00.000","76","VALLE DEL CAUCA","76364","JAMUNDI",,"1"
"2016-04-07T00:00:00.000","76","VALLE DEL CAUCA","76364","JAMUNDI",,"1"
"2016-04-02T00:00:00.000","76","VALLE DEL CAUCA","76364","JAMUNDI",,"1"
"2016-03-30T00:00:00.000","76","VALLE DEL CAUCA","76364","JAMUNDI",,"1"
"2016-03-27T00:00:00.000","76","VALLE DEL CAUCA","76364","JAMUNDI",,"1"
"2016-03-12T00:00:00.000","76","VALLE DEL CAUCA","76364","JAMUNDI",,"1"
"2016-03-09T00:00:00.000","76","VALLE DEL CAUCA","76364","JAMUNDI",,"1"
"2016-03-09T00:00:00.000","76","VALLE DEL CAUCA","76364","JAMUNDI",,"1"
"2016-03-06T00:00:00.000","76","VALLE DEL CAUCA","76364","JAMUNDI",,"1"
"2016-03-05T00:00:00.000","76","VALLE DEL CAUCA","76364","JAMUNDI",,"1"
"2016-02-21T00:00:00.000","76","VALLE DEL CAUCA","76364","JAMUNDI",,"1"
"2016-02-14T00:00:00.000","76","VALLE DEL CAUCA","76364","JAMUNDI",,"1"
"2016-02-06T00:00:00.000","76","VALLE DEL CAUCA","76364","JAMUNDI",,"1"
"2016-01-31T00:00:00.000","76","VALLE DEL CAUCA","76364","JAMUNDI",,"1"
"2016-01-29T00:00:00.000","76","VALLE DEL CAUCA","76364","JAMUNDI",,"1"
"2016-01-23T00:00:00.000","76","VALLE DEL CAUCA","76364","JAMUNDI",,"1"
"2016-01-22T00:00:00.000","76","VALLE DEL CAUCA","76364","JAMUNDI",,"1"
"2016-01-22T00:00:00.000","76","VALLE DEL CAUCA","76364","JAMUNDI",,"1"
"2016-01-01T00:00:00.000","76","VALLE DEL CAUCA","76364","JAMUNDI",,"1"
"2015-12-26T00:00:00.000","76","VALLE DEL CAUCA","76364","JAMUNDI",,"1"
"2015-12-23T00:00:00.000","76","VALLE DEL CAUCA","76364","JAMUNDI",,"1"
"2015-12-20T00:00:00.000","76","VALLE DEL CAUCA","76364","JAMUNDI",,"1"
"2015-12-12T00:00:00.000","76","VALLE DEL CAUCA","76364","JAMUNDI",,"1"
"2015-12-12T00:00:00.000","76","VALLE DEL CAUCA","76364","JAMUNDI",,"1"
"2015-12-03T00:00:00.000","76","VALLE DEL CAUCA","76364","JAMUNDI",,"1"
"2015-11-28T00:00:00.000","76","VALLE DEL CAUCA","76364","JAMUNDI",,"1"
"2015-11-28T00:00:00.000","76","VALLE DEL CAUCA","76364","JAMUNDI",,"1"
"2015-11-27T00:00:00.000","76","VALLE DEL CAUCA","76364","JAMUNDI",,"1"
"2015-11-26T00:00:00.000","76","VALLE DEL CAUCA","76364","JAMUNDI",,"1"
"2015-11-22T00:00:00.000","76","VALLE DEL CAUCA","76364","JAMUNDI",,"1"
"2015-11-21T00:00:00.000","76","VALLE DEL CAUCA","76364","JAMUNDI",,"1"
"2015-11-20T00:00:00.000","76","VALLE DEL CAUCA","76364","JAMUNDI",,"1"
"2015-11-20T00:00:00.000","76","VALLE DEL CAUCA","76364","JAMUNDI",,"1"
"2015-10-31T00:00:00.000","76","VALLE DEL CAUCA","76364","JAMUNDI",,"1"
"2015-10-31T00:00:00.000","76","VALLE DEL CAUCA","76364","JAMUNDI",,"1"
"2015-10-16T00:00:00.000","76","VALLE DEL CAUCA","76364","JAMUNDI",,"1"
"2015-10-02T00:00:00.000","76","VALLE DEL CAUCA","76364","JAMUNDI",,"1"
"2015-10-01T00:00:00.000","76","VALLE DEL CAUCA","76364","JAMUNDI",,"1"
"2015-09-18T00:00:00.000","76","VALLE DEL CAUCA","76364","JAMUNDI",,"1"
"2015-09-18T00:00:00.000","76","VALLE DEL CAUCA","76364","JAMUNDI",,"1"
"2015-09-16T00:00:00.000","76","VALLE DEL CAUCA","76364","JAMUNDI",,"1"
"2015-09-11T00:00:00.000","76","VALLE DEL CAUCA","76364","JAMUNDI",,"1"
"2015-09-09T00:00:00.000","76","VALLE DEL CAUCA","76364","JAMUNDI",,"1"
"2015-08-26T00:00:00.000","76","VALLE DEL CAUCA","76364","JAMUNDI",,"1"
"2015-08-26T00:00:00.000","76","VALLE DEL CAUCA","76364","JAMUNDI",,"1"
"2015-08-24T00:00:00.000","76","VALLE DEL CAUCA","76364","JAMUNDI",,"1"
"2015-08-23T00:00:00.000","76","VALLE DEL CAUCA","76364","JAMUNDI",,"1"
"2015-08-19T00:00:00.000","76","VALLE DEL CAUCA","76364","JAMUNDI",,"1"
"2015-08-09T00:00:00.000","76","VALLE DEL CAUCA","76364","JAMUNDI",,"1"
"2015-08-02T00:00:00.000","76","VALLE DEL CAUCA","76364","JAMUNDI",,"1"
"2015-08-01T00:00:00.000","76","VALLE DEL CAUCA","76364","JAMUNDI",,"1"
"2015-07-30T00:00:00.000","76","VALLE DEL CAUCA","76364","JAMUNDI",,"1"
"2015-07-29T00:00:00.000","76","VALLE DEL CAUCA","76364","JAMUNDI",,"1"
"2015-07-26T00:00:00.000","76","VALLE DEL CAUCA","76364","JAMUNDI",,"1"
"2015-07-21T00:00:00.000","76","VALLE DEL CAUCA","76364","JAMUNDI",,"1"
"2015-06-24T00:00:00.000","76","VALLE DEL CAUCA","76364","JAMUNDI",,"1"
"2015-06-23T00:00:00.000","76","VALLE DEL CAUCA","76364","JAMUNDI",,"1"
"2015-05-24T00:00:00.000","76","VALLE DEL CAUCA","76364","JAMUNDI",,"1"
"2015-05-19T00:00:00.000","76","VALLE DEL CAUCA","76364","JAMUNDI",,"1"
"2015-05-11T00:00:00.000","76","VALLE DEL CAUCA","76364","JAMUNDI",,"1"
"2015-05-09T00:00:00.000","76","VALLE DEL CAUCA","76364","JAMUNDI",,"1"
"2015-05-07T00:00:00.000","76","VALLE DEL CAUCA","76364","JAMUNDI",,"1"
"2015-04-16T00:00:00.000","76","VALLE DEL CAUCA","76364","JAMUNDI",,"1"
"2015-04-02T00:00:00.000","76","VALLE DEL CAUCA","76364","JAMUNDI",,"1"
"2015-03-15T00:00:00.000","76","VALLE DEL CAUCA","76364","JAMUNDI",,"1"
"2015-03-11T00:00:00.000","76","VALLE DEL CAUCA","76364","JAMUNDI",,"1"
"2015-03-10T00:00:00.000","76","VALLE DEL CAUCA","76364","JAMUNDI",,"1"
"2015-03-06T00:00:00.000","76","VALLE DEL CAUCA","76364","JAMUNDI",,"1"
"2015-02-23T00:00:00.000","76","VALLE DEL CAUCA","76364","JAMUNDI",,"1"
"2015-02-08T00:00:00.000","76","VALLE DEL CAUCA","76364","JAMUNDI",,"1"
"2015-02-04T00:00:00.000","76","VALLE DEL CAUCA","76364","JAMUNDI",,"1"
"2015-01-21T00:00:00.000","76","VALLE DEL CAUCA","76364","JAMUNDI",,"1"
"2015-01-18T00:00:00.000","76","VALLE DEL CAUCA","76364","JAMUNDI",,"1"
"2015-01-09T00:00:00.000","76","VALLE DEL CAUCA","76364","JAMUNDI",,"1"
"2015-01-08T00:00:00.000","76","VALLE DEL CAUCA","76364","JAMUNDI",,"1"
"2015-01-05T00:00:00.000","76","VALLE DEL CAUCA","76364","JAMUNDI",,"1"
"2014-12-25T00:00:00.000","76","VALLE DEL CAUCA","76364","JAMUNDI",,"1"
"2014-12-20T00:00:00.000","76","VALLE DEL CAUCA","76364","JAMUNDI",,"1"
"2014-12-20T00:00:00.000","76","VALLE DEL CAUCA","76364","JAMUNDI",,"1"
"2014-12-15T00:00:00.000","76","VALLE DEL CAUCA","76364","JAMUNDI",,"1"
"2014-12-09T00:00:00.000","76","VALLE DEL CAUCA","76364","JAMUNDI",,"1"
"2014-12-03T00:00:00.000","76","VALLE DEL CAUCA","76364","JAMUNDI",,"1"
"2014-11-30T00:00:00.000","76","VALLE DEL CAUCA","76364","JAMUNDI",,"1"
"2014-11-29T00:00:00.000","76","VALLE DEL CAUCA","76364","JAMUNDI",,"1"
"2014-11-20T00:00:00.000","76","VALLE DEL CAUCA","76364","JAMUNDI",,"1"
"2014-10-28T00:00:00.000","76","VALLE DEL CAUCA","76364","JAMUNDI",,"1"
"2014-10-22T00:00:00.000","76","VALLE DEL CAUCA","76364","JAMUNDI",,"1"
"2014-10-19T00:00:00.000","76","VALLE DEL CAUCA","76364","JAMUNDI",,"1"
"2014-10-16T00:00:00.000","76","VALLE DEL CAUCA","76364","JAMUNDI",,"1"
"2014-10-12T00:00:00.000","76","VALLE DEL CAUCA","76364","JAMUNDI",,"1"
"2014-10-11T00:00:00.000","76","VALLE DEL CAUCA","76364","JAMUNDI",,"1"
"2014-10-07T00:00:00.000","76","VALLE DEL CAUCA","76364","JAMUNDI",,"1"
"2014-10-06T00:00:00.000","76","VALLE DEL CAUCA","76364","JAMUNDI",,"1"
"2014-10-05T00:00:00.000","76","VALLE DEL CAUCA","76364","JAMUNDI",,"1"
"2014-10-04T00:00:00.000","76","VALLE DEL CAUCA","76364","JAMUNDI",,"1"
"2014-10-04T00:00:00.000","76","VALLE DEL CAUCA","76364","JAMUNDI",,"1"
"2014-10-04T00:00:00.000","76","VALLE DEL CAUCA","76364","JAMUNDI",,"1"
"2014-10-04T00:00:00.000","76","VALLE DEL CAUCA","76364","JAMUNDI",,"1"
"2014-09-20T00:00:00.000","76","VALLE DEL CAUCA","76364","JAMUNDI",,"1"
"2014-09-17T00:00:00.000","76","VALLE DEL CAUCA","76364","JAMUNDI",,"1"
"2014-09-12T00:00:00.000","76","VALLE DEL CAUCA","76364","JAMUNDI",,"1"
"2014-09-12T00:00:00.000","76","VALLE DEL CAUCA","76364","JAMUNDI",,"1"
"2014-09-11T00:00:00.000","76","VALLE DEL CAUCA","76364","JAMUNDI",,"1"
"2014-09-11T00:00:00.000","76","VALLE DEL CAUCA","76364","JAMUNDI",,"1"
"2014-09-04T00:00:00.000","76","VALLE DEL CAUCA","76364","JAMUNDI",,"1"
"2014-08-29T00:00:00.000","76","VALLE DEL CAUCA","76364","JAMUNDI",,"1"
"2014-08-28T00:00:00.000","76","VALLE DEL CAUCA","76364","JAMUNDI",,"1"
"2014-08-28T00:00:00.000","76","VALLE DEL CAUCA","76364","JAMUNDI",,"1"
"2014-08-25T00:00:00.000","76","VALLE DEL CAUCA","76364","JAMUNDI",,"1"
"2014-08-25T00:00:00.000","76","VALLE DEL CAUCA","76364","JAMUNDI",,"1"
"2014-07-30T00:00:00.000","76","VALLE DEL CAUCA","76364","JAMUNDI",,"1"
"2014-07-28T00:00:00.000","76","VALLE DEL CAUCA","76364","JAMUNDI",,"1"
"2014-07-28T00:00:00.000","76","VALLE DEL CAUCA","76364","JAMUNDI",,"1"
"2014-07-27T00:00:00.000","76","VALLE DEL CAUCA","76364","JAMUNDI",,"1"
"2014-07-27T00:00:00.000","76","VALLE DEL CAUCA","76364","JAMUNDI",,"1"
"2014-07-25T00:00:00.000","76","VALLE DEL CAUCA","76364","JAMUNDI",,"1"
"2014-07-10T00:00:00.000","76","VALLE DEL CAUCA","76364","JAMUNDI",,"1"
"2014-06-30T00:00:00.000","76","VALLE DEL CAUCA","76364","JAMUNDI",,"1"
"2014-06-13T00:00:00.000","76","VALLE DEL CAUCA","76364","JAMUNDI",,"1"
"2014-06-08T00:00:00.000","76","VALLE DEL CAUCA","76364","JAMUNDI",,"1"
"2014-05-27T00:00:00.000","76","VALLE DEL CAUCA","76364","JAMUNDI",,"1"
"2014-05-15T00:00:00.000","76","VALLE DEL CAUCA","76364","JAMUNDI",,"1"
"2014-05-05T00:00:00.000","76","VALLE DEL CAUCA","76364","JAMUNDI",,"1"
"2014-04-23T00:00:00.000","76","VALLE DEL CAUCA","76364","JAMUNDI",,"1"
"2014-04-11T00:00:00.000","76","VALLE DEL CAUCA","76364","JAMUNDI",,"1"
"2014-03-27T00:00:00.000","76","VALLE DEL CAUCA","76364","JAMUNDI",,"1"
"2014-03-16T00:00:00.000","76","VALLE DEL CAUCA","76364","JAMUNDI",,"1"
"2014-03-15T00:00:00.000","76","VALLE DEL CAUCA","76364","JAMUNDI",,"1"
"2014-03-13T00:00:00.000","76","VALLE DEL CAUCA","76364","JAMUNDI",,"1"
"2014-03-08T00:00:00.000","76","VALLE DEL CAUCA","76364","JAMUNDI",,"1"
"2014-03-07T00:00:00.000","76","VALLE DEL CAUCA","76364","JAMUNDI",,"1"
"2014-02-24T00:00:00.000","76","VALLE DEL CAUCA","76364","JAMUNDI",,"1"
"2014-02-19T00:00:00.000","76","VALLE DEL CAUCA","76364","JAMUNDI",,"1"
"2014-02-08T00:00:00.000","76","VALLE DEL CAUCA","76364","JAMUNDI",,"1"
"2014-01-30T00:00:00.000","76","VALLE DEL CAUCA","76364","JAMUNDI",,"1"
"2014-01-28T00:00:00.000","76","VALLE DEL CAUCA","76364","JAMUNDI",,"1"
"2014-01-24T00:00:00.000","76","VALLE DEL CAUCA","76364","JAMUNDI",,"1"
"2014-01-17T00:00:00.000","76","VALLE DEL CAUCA","76364","JAMUNDI",,"1"
"2014-01-11T00:00:00.000","76","VALLE DEL CAUCA","76364","JAMUNDI",,"1"
"2014-01-05T00:00:00.000","76","VALLE DEL CAUCA","76364","JAMUNDI",,"1"
"2013-12-21T00:00:00.000","76","VALLE DEL CAUCA","76364","JAMUNDI",,"1"
"2013-12-20T00:00:00.000","76","VALLE DEL CAUCA","76364","JAMUNDI",,"1"
"2013-12-07T00:00:00.000","76","VALLE DEL CAUCA","76364","JAMUNDI",,"1"
"2013-11-17T00:00:00.000","76","VALLE DEL CAUCA","76364","JAMUNDI",,"1"
"2013-11-06T00:00:00.000","76","VALLE DEL CAUCA","76364","JAMUNDI",,"1"
"2013-11-01T00:00:00.000","76","VALLE DEL CAUCA","76364","JAMUNDI",,"1"
"2013-10-16T00:00:00.000","76","VALLE DEL CAUCA","76364","JAMUNDI",,"1"
"2013-09-28T00:00:00.000","76","VALLE DEL CAUCA","76364","JAMUNDI",,"1"
"2013-09-05T00:00:00.000","76","VALLE DEL CAUCA","76364","JAMUNDI",,"1"
"2013-07-18T00:00:00.000","76","VALLE DEL CAUCA","76364","JAMUNDI",,"1"
"2013-07-12T00:00:00.000","76","VALLE DEL CAUCA","76364","JAMUNDI",,"1"
"2013-06-17T00:00:00.000","76","VALLE DEL CAUCA","76364","JAMUNDI",,"1"
"2013-06-15T00:00:00.000","76","VALLE DEL CAUCA","76364","JAMUNDI",,"1"
"2013-06-13T00:00:00.000","76","VALLE DEL CAUCA","76364","JAMUNDI",,"1"
"2013-06-05T00:00:00.000","76","VALLE DEL CAUCA","76364","JAMUNDI",,"1"
"2013-05-25T00:00:00.000","76","VALLE DEL CAUCA","76364","JAMUNDI",,"1"
"2013-05-25T00:00:00.000","76","VALLE DEL CAUCA","76364","JAMUNDI",,"1"
"2013-05-03T00:00:00.000","76","VALLE DEL CAUCA","76364","JAMUNDI",,"1"
"2013-04-28T00:00:00.000","76","VALLE DEL CAUCA","76364","JAMUNDI",,"1"
"2013-04-27T00:00:00.000","76","VALLE DEL CAUCA","76364","JAMUNDI",,"1"
"2013-04-19T00:00:00.000","76","VALLE DEL CAUCA","76364","JAMUNDI",,"1"
"2013-04-10T00:00:00.000","76","VALLE DEL CAUCA","76364","JAMUNDI",,"1"
"2013-04-08T00:00:00.000","76","VALLE DEL CAUCA","76364","JAMUNDI",,"1"
"2013-04-08T00:00:00.000","76","VALLE DEL CAUCA","76364","JAMUNDI",,"1"
"2013-04-04T00:00:00.000","76","VALLE DEL CAUCA","76364","JAMUNDI",,"1"
"2013-03-09T00:00:00.000","76","VALLE DEL CAUCA","76364","JAMUNDI",,"1"
"2013-03-09T00:00:00.000","76","VALLE DEL CAUCA","76364","JAMUNDI",,"1"
"2013-02-22T00:00:00.000","76","VALLE DEL CAUCA","76364","JAMUNDI",,"1"
"2013-02-12T00:00:00.000","76","VALLE DEL CAUCA","76364","JAMUNDI",,"1"
"2013-02-08T00:00:00.000","76","VALLE DEL CAUCA","76364","JAMUNDI",,"1"
"2013-02-03T00:00:00.000","76","VALLE DEL CAUCA","76364","JAMUNDI",,"1"
"2013-02-01T00:00:00.000","76","VALLE DEL CAUCA","76364","JAMUNDI",,"1"
"2013-01-31T00:00:00.000","76","VALLE DEL CAUCA","76364","JAMUNDI",,"1"
"2013-01-26T00:00:00.000","76","VALLE DEL CAUCA","76364","JAMUNDI",,"1"
"2013-01-19T00:00:00.000","76","VALLE DEL CAUCA","76364","JAMUNDI",,"1"
"2013-01-18T00:00:00.000","76","VALLE DEL CAUCA","76364","JAMUNDI",,"1"
"2013-01-11T00:00:00.000","76","VALLE DEL CAUCA","76364","JAMUNDI",,"1"
"2013-01-06T00:00:00.000","76","VALLE DEL CAUCA","76364","JAMUNDI",,"1"
"2012-12-26T00:00:00.000","76","VALLE DEL CAUCA","76364","JAMUNDI",,"1"
"2012-12-13T00:00:00.000","76","VALLE DEL CAUCA","76364","JAMUNDI",,"1"
"2012-11-10T00:00:00.000","76","VALLE DEL CAUCA","76364","JAMUNDI",,"1"
"2012-11-08T00:00:00.000","76","VALLE DEL CAUCA","76364","JAMUNDI",,"1"
"2012-11-06T00:00:00.000","76","VALLE DEL CAUCA","76364","JAMUNDI",,"1"
"2012-10-01T00:00:00.000","76","VALLE DEL CAUCA","76364","JAMUNDI",,"1"
"2012-09-06T00:00:00.000","76","VALLE DEL CAUCA","76364","JAMUNDI",,"1"
"2012-07-26T00:00:00.000","76","VALLE DEL CAUCA","76364","JAMUNDI",,"1"
"2012-07-06T00:00:00.000","76","VALLE DEL CAUCA","76364","JAMUNDI",,"1"
"2012-06-16T00:00:00.000","76","VALLE DEL CAUCA","76364","JAMUNDI",,"1"
"2012-05-28T00:00:00.000","76","VALLE DEL CAUCA","76364","JAMUNDI",,"1"
"2012-05-18T00:00:00.000","76","VALLE DEL CAUCA","76364","JAMUNDI",,"1"
"2012-05-01T00:00:00.000","76","VALLE DEL CAUCA","76364","JAMUNDI",,"1"
"2012-04-25T00:00:00.000","76","VALLE DEL CAUCA","76364","JAMUNDI",,"1"
"2012-04-14T00:00:00.000","76","VALLE DEL CAUCA","76364","JAMUNDI",,"1"
"2012-04-13T00:00:00.000","76","VALLE DEL CAUCA","76364","JAMUNDI",,"1"
"2012-04-09T00:00:00.000","76","VALLE DEL CAUCA","76364","JAMUNDI",,"1"
"2012-04-09T00:00:00.000","76","VALLE DEL CAUCA","76364","JAMUNDI",,"1"
"2012-04-08T00:00:00.000","76","VALLE DEL CAUCA","76364","JAMUNDI",,"1"
"2012-04-01T00:00:00.000","76","VALLE DEL CAUCA","76364","JAMUNDI",,"1"
"2012-03-27T00:00:00.000","76","VALLE DEL CAUCA","76364","JAMUNDI",,"1"
"2012-03-24T00:00:00.000","76","VALLE DEL CAUCA","76364","JAMUNDI",,"1"
"2012-03-19T00:00:00.000","76","VALLE DEL CAUCA","76364","JAMUNDI",,"1"
"2012-03-10T00:00:00.000","76","VALLE DEL CAUCA","76364","JAMUNDI",,"1"
"2012-03-06T00:00:00.000","76","VALLE DEL CAUCA","76364","JAMUNDI",,"1"
"2012-02-29T00:00:00.000","76","VALLE DEL CAUCA","76364","JAMUNDI",,"1"
"2012-02-19T00:00:00.000","76","VALLE DEL CAUCA","76364","JAMUNDI",,"1"
"2012-02-18T00:00:00.000","76","VALLE DEL CAUCA","76364","JAMUNDI",,"1"
"2012-02-16T00:00:00.000","76","VALLE DEL CAUCA","76364","JAMUNDI",,"1"
"2012-02-08T00:00:00.000","76","VALLE DEL CAUCA","76364","JAMUNDI",,"1"
"2012-02-06T00:00:00.000","76","VALLE DEL CAUCA","76364","JAMUNDI",,"1"
"2012-02-05T00:00:00.000","76","VALLE DEL CAUCA","76364","JAMUNDI",,"1"
"2012-02-04T00:00:00.000","76","VALLE DEL CAUCA","76364","JAMUNDI",,"1"
"2012-01-25T00:00:00.000","76","VALLE DEL CAUCA","76364","JAMUNDI",,"1"
"2012-01-23T00:00:00.000","76","VALLE DEL CAUCA","76364","JAMUNDI",,"1"
"2012-01-17T00:00:00.000","76","VALLE DEL CAUCA","76364","JAMUNDI",,"1"
"2011-12-25T00:00:00.000","76","VALLE DEL CAUCA","76364","JAMUNDI",,"1"
"2011-12-25T00:00:00.000","76","VALLE DEL CAUCA","76364","JAMUNDI",,"1"
"2011-12-22T00:00:00.000","76","VALLE DEL CAUCA","76364","JAMUNDI",,"1"
"2011-12-21T00:00:00.000","76","VALLE DEL CAUCA","76364","JAMUNDI",,"1"
"2011-12-17T00:00:00.000","76","VALLE DEL CAUCA","76364","JAMUNDI",,"1"
"2011-12-03T00:00:00.000","76","VALLE DEL CAUCA","76364","JAMUNDI",,"1"
"2011-12-01T00:00:00.000","76","VALLE DEL CAUCA","76364","JAMUNDI",,"1"
"2011-11-28T00:00:00.000","76","VALLE DEL CAUCA","76364","JAMUNDI",,"1"
"2011-11-21T00:00:00.000","76","VALLE DEL CAUCA","76364","JAMUNDI",,"1"
"2011-11-19T00:00:00.000","76","VALLE DEL CAUCA","76364","JAMUNDI",,"1"
"2011-11-14T00:00:00.000","76","VALLE DEL CAUCA","76364","JAMUNDI",,"1"
"2011-11-04T00:00:00.000","76","VALLE DEL CAUCA","76364","JAMUNDI",,"1"
"2011-11-03T00:00:00.000","76","VALLE DEL CAUCA","76364","JAMUNDI",,"1"
"2011-10-27T00:00:00.000","76","VALLE DEL CAUCA","76364","JAMUNDI",,"1"
"2011-10-25T00:00:00.000","76","VALLE DEL CAUCA","76364","JAMUNDI",,"1"
"2011-10-21T00:00:00.000","76","VALLE DEL CAUCA","76364","JAMUNDI",,"1"
"2011-10-17T00:00:00.000","76","VALLE DEL CAUCA","76364","JAMUNDI",,"1"
"2011-10-13T00:00:00.000","76","VALLE DEL CAUCA","76364","JAMUNDI",,"1"
"2011-09-26T00:00:00.000","76","VALLE DEL CAUCA","76364","JAMUNDI",,"1"
"2011-09-26T00:00:00.000","76","VALLE DEL CAUCA","76364","JAMUNDI",,"1"
"2011-09-17T00:00:00.000","76","VALLE DEL CAUCA","76364","JAMUNDI",,"1"
"2011-09-10T00:00:00.000","76","VALLE DEL CAUCA","76364","JAMUNDI",,"1"
"2011-09-03T00:00:00.000","76","VALLE DEL CAUCA","76364","JAMUNDI",,"1"
"2011-08-28T00:00:00.000","76","VALLE DEL CAUCA","76364","JAMUNDI",,"1"
"2011-08-25T00:00:00.000","76","VALLE DEL CAUCA","76364","JAMUNDI",,"1"
"2011-08-24T00:00:00.000","76","VALLE DEL CAUCA","76364","JAMUNDI",,"1"
"2011-08-21T00:00:00.000","76","VALLE DEL CAUCA","76364","JAMUNDI",,"1"
"2011-08-16T00:00:00.000","76","VALLE DEL CAUCA","76364","JAMUNDI",,"1"
"2011-08-15T00:00:00.000","76","VALLE DEL CAUCA","76364","JAMUNDI",,"1"
"2011-07-29T00:00:00.000","76","VALLE DEL CAUCA","76364","JAMUNDI",,"1"
"2011-07-29T00:00:00.000","76","VALLE DEL CAUCA","76364","JAMUNDI",,"1"
"2011-07-28T00:00:00.000","76","VALLE DEL CAUCA","76364","JAMUNDI",,"1"
"2011-07-27T00:00:00.000","76","VALLE DEL CAUCA","76364","JAMUNDI",,"1"
"2011-07-24T00:00:00.000","76","VALLE DEL CAUCA","76364","JAMUNDI",,"1"
"2011-07-19T00:00:00.000","76","VALLE DEL CAUCA","76364","JAMUNDI",,"1"
"2011-06-20T00:00:00.000","76","VALLE DEL CAUCA","76364","JAMUNDI",,"1"
"2011-06-06T00:00:00.000","76","VALLE DEL CAUCA","76364","JAMUNDI",,"1"
"2011-05-30T00:00:00.000","76","VALLE DEL CAUCA","76364","JAMUNDI",,"1"
"2011-05-30T00:00:00.000","76","VALLE DEL CAUCA","76364","JAMUNDI",,"1"
"2011-05-27T00:00:00.000","76","VALLE DEL CAUCA","76364","JAMUNDI",,"1"
"2011-05-19T00:00:00.000","76","VALLE DEL CAUCA","76364","JAMUNDI",,"1"
"2011-05-16T00:00:00.000","76","VALLE DEL CAUCA","76364","JAMUNDI",,"1"
"2011-05-02T00:00:00.000","76","VALLE DEL CAUCA","76364","JAMUNDI",,"1"
"2011-04-28T00:00:00.000","76","VALLE DEL CAUCA","76364","JAMUNDI",,"1"
"2011-04-23T00:00:00.000","76","VALLE DEL CAUCA","76364","JAMUNDI",,"1"
"2011-04-08T00:00:00.000","76","VALLE DEL CAUCA","76364","JAMUNDI",,"1"
"2011-04-08T00:00:00.000","76","VALLE DEL CAUCA","76364","JAMUNDI",,"1"
"2011-04-08T00:00:00.000","76","VALLE DEL CAUCA","76364","JAMUNDI",,"1"
"2011-03-16T00:00:00.000","76","VALLE DEL CAUCA","76364","JAMUNDI",,"1"
"2011-03-09T00:00:00.000","76","VALLE DEL CAUCA","76364","JAMUNDI",,"1"
"2011-03-07T00:00:00.000","76","VALLE DEL CAUCA","76364","JAMUNDI",,"1"
"2011-03-05T00:00:00.000","76","VALLE DEL CAUCA","76364","JAMUNDI",,"1"
"2011-02-23T00:00:00.000","76","VALLE DEL CAUCA","76364","JAMUNDI",,"1"
"2011-02-14T00:00:00.000","76","VALLE DEL CAUCA","76364","JAMUNDI",,"1"
"2011-02-14T00:00:00.000","76","VALLE DEL CAUCA","76364","JAMUNDI",,"1"
"2011-02-04T00:00:00.000","76","VALLE DEL CAUCA","76364","JAMUNDI",,"1"
"2011-01-28T00:00:00.000","76","VALLE DEL CAUCA","76364","JAMUNDI",,"1"
"2011-01-26T00:00:00.000","76","VALLE DEL CAUCA","76364","JAMUNDI",,"1"
"2011-01-13T00:00:00.000","76","VALLE DEL CAUCA","76364","JAMUNDI",,"1"
"2011-01-12T00:00:00.000","76","VALLE DEL CAUCA","76364","JAMUNDI",,"1"
"2011-01-05T00:00:00.000","76","VALLE DEL CAUCA","76364","JAMUNDI",,"1"
"2010-12-21T00:00:00.000","76","VALLE DEL CAUCA","76364","JAMUNDI",,"1"
"2010-12-16T00:00:00.000","76","VALLE DEL CAUCA","76364","JAMUNDI",,"1"
"2010-12-10T00:00:00.000","76","VALLE DEL CAUCA","76364","JAMUNDI",,"1"
"2010-12-10T00:00:00.000","76","VALLE DEL CAUCA","76364","JAMUNDI",,"1"
"2010-12-09T00:00:00.000","76","VALLE DEL CAUCA","76364","JAMUNDI",,"1"
"2010-12-01T00:00:00.000","76","VALLE DEL CAUCA","76364","JAMUNDI",,"1"
"2010-11-30T00:00:00.000","76","VALLE DEL CAUCA","76364","JAMUNDI",,"1"
"2010-11-21T00:00:00.000","76","VALLE DEL CAUCA","76364","JAMUNDI",,"1"
"2010-11-15T00:00:00.000","76","VALLE DEL CAUCA","76364","JAMUNDI",,"1"
"2010-11-15T00:00:00.000","76","VALLE DEL CAUCA","76364","JAMUNDI",,"1"
"2010-11-04T00:00:00.000","76","VALLE DEL CAUCA","76364","JAMUNDI",,"1"
"2010-10-21T00:00:00.000","76","VALLE DEL CAUCA","76364","JAMUNDI",,"1"
"2010-10-18T00:00:00.000","76","VALLE DEL CAUCA","76364","JAMUNDI",,"1"
"2010-10-17T00:00:00.000","76","VALLE DEL CAUCA","76364","JAMUNDI",,"1"
"2010-10-14T00:00:00.000","76","VALLE DEL CAUCA","76364","JAMUNDI",,"1"
"2010-10-11T00:00:00.000","76","VALLE DEL CAUCA","76364","JAMUNDI",,"1"
"2010-09-27T00:00:00.000","76","VALLE DEL CAUCA","76364","JAMUNDI",,"1"
"2010-09-27T00:00:00.000","76","VALLE DEL CAUCA","76364","JAMUNDI",,"1"
"2010-09-25T00:00:00.000","76","VALLE DEL CAUCA","76364","JAMUNDI",,"1"
"2010-09-24T00:00:00.000","76","VALLE DEL CAUCA","76364","JAMUNDI",,"1"
"2010-09-20T00:00:00.000","76","VALLE DEL CAUCA","76364","JAMUNDI",,"1"
"2010-09-04T00:00:00.000","76","VALLE DEL CAUCA","76364","JAMUNDI",,"1"
"2010-09-04T00:00:00.000","76","VALLE DEL CAUCA","76364","JAMUNDI",,"1"
"2010-09-02T00:00:00.000","76","VALLE DEL CAUCA","76364","JAMUNDI",,"1"
"2010-08-28T00:00:00.000","76","VALLE DEL CAUCA","76364","JAMUNDI",,"1"
"2010-08-08T00:00:00.000","76","VALLE DEL CAUCA","76364","JAMUNDI",,"1"
"2010-07-25T00:00:00.000","76","VALLE DEL CAUCA","76364","JAMUNDI",,"1"
"2010-07-10T00:00:00.000","76","VALLE DEL CAUCA","76364","JAMUNDI",,"1"
"2010-07-04T00:00:00.000","76","VALLE DEL CAUCA","76364","JAMUNDI",,"1"
"2010-06-26T00:00:00.000","76","VALLE DEL CAUCA","76364","JAMUNDI",,"1"
"2010-06-16T00:00:00.000","76","VALLE DEL CAUCA","76364","JAMUNDI",,"1"
"2010-06-15T00:00:00.000","76","VALLE DEL CAUCA","76364","JAMUNDI",,"1"
"2010-06-10T00:00:00.000","76","VALLE DEL CAUCA","76364","JAMUNDI",,"1"
"2010-05-19T00:00:00.000","76","VALLE DEL CAUCA","76364","JAMUNDI",,"1"
"2010-04-21T00:00:00.000","76","VALLE DEL CAUCA","76364","JAMUNDI",,"1"
"2010-04-13T00:00:00.000","76","VALLE DEL CAUCA","76364","JAMUNDI",,"1"
"2010-04-02T00:00:00.000","76","VALLE DEL CAUCA","76364","JAMUNDI",,"1"
"2010-03-18T00:00:00.000","76","VALLE DEL CAUCA","76364","JAMUNDI",,"1"
"2010-03-15T00:00:00.000","76","VALLE DEL CAUCA","76364","JAMUNDI",,"1"
"2010-03-11T00:00:00.000","76","VALLE DEL CAUCA","76364","JAMUNDI",,"1"
"2010-02-27T00:00:00.000","76","VALLE DEL CAUCA","76364","JAMUNDI",,"1"
"2010-02-16T00:00:00.000","76","VALLE DEL CAUCA","76364","JAMUNDI",,"1"
"2010-02-13T00:00:00.000","76","VALLE DEL CAUCA","76364","JAMUNDI",,"1"
"2010-02-10T00:00:00.000","76","VALLE DEL CAUCA","76364","JAMUNDI",,"1"
"2010-01-29T00:00:00.000","76","VALLE DEL CAUCA","76364","JAMUNDI",,"1"
"2010-01-27T00:00:00.000","76","VALLE DEL CAUCA","76364","JAMUNDI",,"1"
"2010-01-24T00:00:00.000","76","VALLE DEL CAUCA","76364","JAMUNDI",,"1"
"2010-01-20T00:00:00.000","76","VALLE DEL CAUCA","76364","JAMUNDI",,"1"
"2010-01-19T00:00:00.000","76","VALLE DEL CAUCA","76364","JAMUNDI",,"1"
"2010-01-19T00:00:00.000","76","VALLE DEL CAUCA","76364","JAMUNDI",,"1"
"2010-01-16T00:00:00.000","76","VALLE DEL CAUCA","76364","JAMUNDI",,"1"
"2010-01-01T00:00:00.000","76","VALLE DEL CAUCA","76364","JAMUNDI",,"1"
"2009-12-15T00:00:00.000","76","VALLE DEL CAUCA","76364","JAMUNDI",,"1"
"2009-12-05T00:00:00.000","76","VALLE DEL CAUCA","76364","JAMUNDI",,"1"
"2009-12-05T00:00:00.000","76","VALLE DEL CAUCA","76364","JAMUNDI",,"1"
"2009-11-26T00:00:00.000","76","VALLE DEL CAUCA","76364","JAMUNDI",,"1"
"2009-11-17T00:00:00.000","76","VALLE DEL CAUCA","76364","JAMUNDI",,"1"
"2009-11-11T00:00:00.000","76","VALLE DEL CAUCA","76364","JAMUNDI",,"1"
"2009-11-09T00:00:00.000","76","VALLE DEL CAUCA","76364","JAMUNDI",,"1"
"2009-11-08T00:00:00.000","76","VALLE DEL CAUCA","76364","JAMUNDI",,"1"
"2009-11-07T00:00:00.000","76","VALLE DEL CAUCA","76364","JAMUNDI",,"1"
"2009-11-05T00:00:00.000","76","VALLE DEL CAUCA","76364","JAMUNDI",,"1"
"2009-11-03T00:00:00.000","76","VALLE DEL CAUCA","76364","JAMUNDI",,"1"
"2009-10-30T00:00:00.000","76","VALLE DEL CAUCA","76364","JAMUNDI",,"1"
"2009-10-29T00:00:00.000","76","VALLE DEL CAUCA","76364","JAMUNDI",,"1"
"2009-10-20T00:00:00.000","76","VALLE DEL CAUCA","76364","JAMUNDI",,"1"
"2009-10-09T00:00:00.000","76","VALLE DEL CAUCA","76364","JAMUNDI",,"1"
"2009-10-08T00:00:00.000","76","VALLE DEL CAUCA","76364","JAMUNDI",,"1"
"2009-10-06T00:00:00.000","76","VALLE DEL CAUCA","76364","JAMUNDI",,"1"
"2009-10-02T00:00:00.000","76","VALLE DEL CAUCA","76364","JAMUNDI",,"1"
"2009-09-02T00:00:00.000","76","VALLE DEL CAUCA","76364","JAMUNDI",,"1"
"2009-08-24T00:00:00.000","76","VALLE DEL CAUCA","76364","JAMUNDI",,"1"
"2009-08-22T00:00:00.000","76","VALLE DEL CAUCA","76364","JAMUNDI",,"1"
"2009-08-15T00:00:00.000","76","VALLE DEL CAUCA","76364","JAMUNDI",,"1"
"2009-08-15T00:00:00.000","76","VALLE DEL CAUCA","76364","JAMUNDI",,"1"
"2009-08-13T00:00:00.000","76","VALLE DEL CAUCA","76364","JAMUNDI",,"1"
"2009-08-12T00:00:00.000","76","VALLE DEL CAUCA","76364","JAMUNDI",,"1"
"2009-08-04T00:00:00.000","76","VALLE DEL CAUCA","76364","JAMUNDI",,"1"
"2009-07-29T00:00:00.000","76","VALLE DEL CAUCA","76364","JAMUNDI",,"1"
"2009-07-25T00:00:00.000","76","VALLE DEL CAUCA","76364","JAMUNDI",,"1"
"2009-07-19T00:00:00.000","76","VALLE DEL CAUCA","76364","JAMUNDI",,"1"
"2009-07-15T00:00:00.000","76","VALLE DEL CAUCA","76364","JAMUNDI",,"1"
"2009-07-13T00:00:00.000","76","VALLE DEL CAUCA","76364","JAMUNDI",,"1"
"2009-07-10T00:00:00.000","76","VALLE DEL CAUCA","76364","JAMUNDI",,"1"
"2009-07-10T00:00:00.000","76","VALLE DEL CAUCA","76364","JAMUNDI",,"1"
"2009-06-26T00:00:00.000","76","VALLE DEL CAUCA","76364","JAMUNDI",,"1"
"2009-06-21T00:00:00.000","76","VALLE DEL CAUCA","76364","JAMUNDI",,"1"
"2009-06-20T00:00:00.000","76","VALLE DEL CAUCA","76364","JAMUNDI",,"1"
"2009-06-18T00:00:00.000","76","VALLE DEL CAUCA","76364","JAMUNDI",,"1"
"2009-06-13T00:00:00.000","76","VALLE DEL CAUCA","76364","JAMUNDI",,"1"
"2009-06-07T00:00:00.000","76","VALLE DEL CAUCA","76364","JAMUNDI",,"1"
"2009-06-02T00:00:00.000","76","VALLE DEL CAUCA","76364","JAMUNDI",,"1"
"2009-05-17T00:00:00.000","76","VALLE DEL CAUCA","76364","JAMUNDI",,"1"
"2009-05-15T00:00:00.000","76","VALLE DEL CAUCA","76364","JAMUNDI",,"1"
"2009-05-14T00:00:00.000","76","VALLE DEL CAUCA","76364","JAMUNDI",,"1"
"2009-05-09T00:00:00.000","76","VALLE DEL CAUCA","76364","JAMUNDI",,"1"
"2009-04-27T00:00:00.000","76","VALLE DEL CAUCA","76364","JAMUNDI",,"1"
"2009-04-24T00:00:00.000","76","VALLE DEL CAUCA","76364","JAMUNDI",,"1"
"2009-04-21T00:00:00.000","76","VALLE DEL CAUCA","76364","JAMUNDI",,"1"
"2009-04-17T00:00:00.000","76","VALLE DEL CAUCA","76364","JAMUNDI",,"1"
"2009-04-16T00:00:00.000","76","VALLE DEL CAUCA","76364","JAMUNDI",,"1"
"2009-04-15T00:00:00.000","76","VALLE DEL CAUCA","76364","JAMUNDI",,"1"
"2009-04-10T00:00:00.000","76","VALLE DEL CAUCA","76364","JAMUNDI",,"1"
"2009-04-05T00:00:00.000","76","VALLE DEL CAUCA","76364","JAMUNDI",,"1"
"2009-03-27T00:00:00.000","76","VALLE DEL CAUCA","76364","JAMUNDI",,"1"
"2009-03-27T00:00:00.000","76","VALLE DEL CAUCA","76364","JAMUNDI",,"1"
"2009-03-27T00:00:00.000","76","VALLE DEL CAUCA","76364","JAMUNDI",,"1"
"2009-03-25T00:00:00.000","76","VALLE DEL CAUCA","76364","JAMUNDI",,"1"
"2009-03-08T00:00:00.000","76","VALLE DEL CAUCA","76364","JAMUNDI",,"1"
"2009-03-05T00:00:00.000","76","VALLE DEL CAUCA","76364","JAMUNDI",,"1"
"2009-03-03T00:00:00.000","76","VALLE DEL CAUCA","76364","JAMUNDI",,"1"
"2009-03-02T00:00:00.000","76","VALLE DEL CAUCA","76364","JAMUNDI",,"1"
"2009-02-28T00:00:00.000","76","VALLE DEL CAUCA","76364","JAMUNDI",,"1"
"2009-02-26T00:00:00.000","76","VALLE DEL CAUCA","76364","JAMUNDI",,"1"
"2009-02-15T00:00:00.000","76","VALLE DEL CAUCA","76364","JAMUNDI",,"1"
"2009-02-14T00:00:00.000","76","VALLE DEL CAUCA","76364","JAMUNDI",,"1"
"2009-02-09T00:00:00.000","76","VALLE DEL CAUCA","76364","JAMUNDI",,"1"
"2009-02-05T00:00:00.000","76","VALLE DEL CAUCA","76364","JAMUNDI",,"1"
"2009-01-31T00:00:00.000","76","VALLE DEL CAUCA","76364","JAMUNDI",,"1"
"2009-01-31T00:00:00.000","76","VALLE DEL CAUCA","76364","JAMUNDI",,"1"
"2009-01-30T00:00:00.000","76","VALLE DEL CAUCA","76364","JAMUNDI",,"1"
"2009-01-27T00:00:00.000","76","VALLE DEL CAUCA","76364","JAMUNDI",,"1"
"2009-01-21T00:00:00.000","76","VALLE DEL CAUCA","76364","JAMUNDI",,"1"
"2009-01-17T00:00:00.000","76","VALLE DEL CAUCA","76364","JAMUNDI",,"1"
"2009-01-15T00:00:00.000","76","VALLE DEL CAUCA","76364","JAMUNDI",,"1"
"2009-01-13T00:00:00.000","76","VALLE DEL CAUCA","76364","JAMUNDI",,"1"
"2009-01-10T00:00:00.000","76","VALLE DEL CAUCA","76364","JAMUNDI",,"1"
"2008-12-18T00:00:00.000","76","VALLE DEL CAUCA","76364","JAMUNDI",,"1"
"2008-12-03T00:00:00.000","76","VALLE DEL CAUCA","76364","JAMUNDI",,"1"
"2008-11-28T00:00:00.000","76","VALLE DEL CAUCA","76364","JAMUNDI",,"1"
"2008-11-13T00:00:00.000","76","VALLE DEL CAUCA","76364","JAMUNDI",,"1"
"2008-11-07T00:00:00.000","76","VALLE DEL CAUCA","76364","JAMUNDI",,"1"
"2008-11-05T00:00:00.000","76","VALLE DEL CAUCA","76364","JAMUNDI",,"1"
"2008-10-15T00:00:00.000","76","VALLE DEL CAUCA","76364","JAMUNDI",,"1"
"2008-09-25T00:00:00.000","76","VALLE DEL CAUCA","76364","JAMUNDI",,"1"
"2008-09-18T00:00:00.000","76","VALLE DEL CAUCA","76364","JAMUNDI",,"1"
"2008-09-17T00:00:00.000","76","VALLE DEL CAUCA","76364","JAMUNDI",,"1"
"2008-09-15T00:00:00.000","76","VALLE DEL CAUCA","76364","JAMUNDI",,"1"
"2008-09-08T00:00:00.000","76","VALLE DEL CAUCA","76364","JAMUNDI",,"1"
"2008-09-04T00:00:00.000","76","VALLE DEL CAUCA","76364","JAMUNDI",,"1"
"2008-08-30T00:00:00.000","76","VALLE DEL CAUCA","76364","JAMUNDI",,"1"
"2008-08-30T00:00:00.000","76","VALLE DEL CAUCA","76364","JAMUNDI",,"1"
"2008-08-22T00:00:00.000","76","VALLE DEL CAUCA","76364","JAMUNDI",,"1"
"2008-08-08T00:00:00.000","76","VALLE DEL CAUCA","76364","JAMUNDI",,"1"
"2008-07-25T00:00:00.000","76","VALLE DEL CAUCA","76364","JAMUNDI",,"1"
"2008-07-24T00:00:00.000","76","VALLE DEL CAUCA","76364","JAMUNDI",,"1"
"2008-07-07T00:00:00.000","76","VALLE DEL CAUCA","76364","JAMUNDI",,"1"
"2008-06-25T00:00:00.000","76","VALLE DEL CAUCA","76364","JAMUNDI",,"1"
"2008-06-03T00:00:00.000","76","VALLE DEL CAUCA","76364","JAMUNDI",,"1"
"2008-05-12T00:00:00.000","76","VALLE DEL CAUCA","76364","JAMUNDI",,"1"
"2008-05-08T00:00:00.000","76","VALLE DEL CAUCA","76364","JAMUNDI",,"1"
"2008-05-02T00:00:00.000","76","VALLE DEL CAUCA","76364","JAMUNDI",,"1"
"2008-04-26T00:00:00.000","76","VALLE DEL CAUCA","76364","JAMUNDI",,"1"
"2008-04-16T00:00:00.000","76","VALLE DEL CAUCA","76364","JAMUNDI",,"1"
"2008-03-25T00:00:00.000","76","VALLE DEL CAUCA","76364","JAMUNDI",,"1"
"2008-02-16T00:00:00.000","76","VALLE DEL CAUCA","76364","JAMUNDI",,"1"
"2008-02-16T00:00:00.000","76","VALLE DEL CAUCA","76364","JAMUNDI",,"1"
"2008-02-15T00:00:00.000","76","VALLE DEL CAUCA","76364","JAMUNDI",,"1"
"2008-01-26T00:00:00.000","76","VALLE DEL CAUCA","76364","JAMUNDI",,"1"
"2008-01-25T00:00:00.000","76","VALLE DEL CAUCA","76364","JAMUNDI",,"1"
"2008-01-19T00:00:00.000","76","VALLE DEL CAUCA","76364","JAMUNDI",,"1"
"2008-01-15T00:00:00.000","76","VALLE DEL CAUCA","76364","JAMUNDI",,"1"
"2007-11-19T00:00:00.000","76","VALLE DEL CAUCA","76364","JAMUNDI",,"1"
"2007-10-08T00:00:00.000","76","VALLE DEL CAUCA","76364","JAMUNDI",,"1"
"2007-09-20T00:00:00.000","76","VALLE DEL CAUCA","76364","JAMUNDI",,"1"
"2007-09-17T00:00:00.000","76","VALLE DEL CAUCA","76364","JAMUNDI",,"1"
"2007-09-17T00:00:00.000","76","VALLE DEL CAUCA","76364","JAMUNDI",,"1"
"2007-09-16T00:00:00.000","76","VALLE DEL CAUCA","76364","JAMUNDI",,"1"
"2007-09-12T00:00:00.000","76","VALLE DEL CAUCA","76364","JAMUNDI",,"1"
"2007-09-12T00:00:00.000","76","VALLE DEL CAUCA","76364","JAMUNDI",,"1"
"2007-09-11T00:00:00.000","76","VALLE DEL CAUCA","76364","JAMUNDI",,"1"
"2007-09-11T00:00:00.000","76","VALLE DEL CAUCA","76364","JAMUNDI",,"1"
"2007-09-06T00:00:00.000","76","VALLE DEL CAUCA","76364","JAMUNDI",,"1"
"2007-09-05T00:00:00.000","76","VALLE DEL CAUCA","76364","JAMUNDI",,"1"
"2007-08-11T00:00:00.000","76","VALLE DEL CAUCA","76364","JAMUNDI",,"1"
"2007-08-11T00:00:00.000","76","VALLE DEL CAUCA","76364","JAMUNDI",,"1"
"2007-08-10T00:00:00.000","76","VALLE DEL CAUCA","76364","JAMUNDI",,"1"
"2007-08-10T00:00:00.000","76","VALLE DEL CAUCA","76364","JAMUNDI",,"1"
"2007-07-30T00:00:00.000","76","VALLE DEL CAUCA","76364","JAMUNDI",,"1"
"2007-07-27T00:00:00.000","76","VALLE DEL CAUCA","76364","JAMUNDI",,"1"
"2007-07-21T00:00:00.000","76","VALLE DEL CAUCA","76364","JAMUNDI",,"1"
"2007-07-19T00:00:00.000","76","VALLE DEL CAUCA","76364","JAMUNDI",,"1"
"2007-07-19T00:00:00.000","76","VALLE DEL CAUCA","76364","JAMUNDI",,"1"
"2007-07-13T00:00:00.000","76","VALLE DEL CAUCA","76364","JAMUNDI",,"1"
"2007-07-12T00:00:00.000","76","VALLE DEL CAUCA","76364","JAMUNDI",,"1"
"2007-07-07T00:00:00.000","76","VALLE DEL CAUCA","76364","JAMUNDI",,"1"
"2007-06-21T00:00:00.000","76","VALLE DEL CAUCA","76364","JAMUNDI",,"1"
"2007-06-06T00:00:00.000","76","VALLE DEL CAUCA","76364","JAMUNDI",,"1"
"2007-05-09T00:00:00.000","76","VALLE DEL CAUCA","76364","JAMUNDI",,"1"
"2007-03-29T00:00:00.000","76","VALLE DEL CAUCA","76364","JAMUNDI",,"1"
"2007-03-29T00:00:00.000","76","VALLE DEL CAUCA","76364","JAMUNDI",,"1"
"2007-03-29T00:00:00.000","76","VALLE DEL CAUCA","76364","JAMUNDI",,"1"
"2007-02-18T00:00:00.000","76","VALLE DEL CAUCA","76364","JAMUNDI",,"1"
"2007-02-15T00:00:00.000","76","VALLE DEL CAUCA","76364","JAMUNDI",,"1"
"2007-02-14T00:00:00.000","76","VALLE DEL CAUCA","76364","JAMUNDI",,"1"
"2007-02-14T00:00:00.000","76","VALLE DEL CAUCA","76364","JAMUNDI",,"1"
"2007-02-06T00:00:00.000","76","VALLE DEL CAUCA","76364","JAMUNDI",,"1"
"2007-02-04T00:00:00.000","76","VALLE DEL CAUCA","76364","JAMUNDI",,"1"
"2007-01-30T00:00:00.000","76","VALLE DEL CAUCA","76364","JAMUNDI",,"1"
"2007-01-29T00:00:00.000","76","VALLE DEL CAUCA","76364","JAMUNDI",,"1"
"2007-01-18T00:00:00.000","76","VALLE DEL CAUCA","76364","JAMUNDI",,"1"
"2007-01-18T00:00:00.000","76","VALLE DEL CAUCA","76364","JAMUNDI",,"1"
"2007-01-08T00:00:00.000","76","VALLE DEL CAUCA","76364","JAMUNDI",,"1"
"2007-01-02T00:00:00.000","76","VALLE DEL CAUCA","76364","JAMUNDI",,"1"
"2006-12-17T00:00:00.000","76","VALLE DEL CAUCA","76364","JAMUNDI",,"1"
"2006-12-13T00:00:00.000","76","VALLE DEL CAUCA","76364","JAMUNDI",,"1"
"2006-12-09T00:00:00.000","76","VALLE DEL CAUCA","76364","JAMUNDI",,"1"
"2006-12-04T00:00:00.000","76","VALLE DEL CAUCA","76364","JAMUNDI",,"1"
"2006-11-25T00:00:00.000","76","VALLE DEL CAUCA","76364","JAMUNDI",,"1"
"2006-11-14T00:00:00.000","76","VALLE DEL CAUCA","76364","JAMUNDI",,"1"
"2006-11-11T00:00:00.000","76","VALLE DEL CAUCA","76364","JAMUNDI",,"1"
"2006-11-09T00:00:00.000","76","VALLE DEL CAUCA","76364","JAMUNDI",,"1"
"2006-11-04T00:00:00.000","76","VALLE DEL CAUCA","76364","JAMUNDI",,"1"
"2006-10-26T00:00:00.000","76","VALLE DEL CAUCA","76364","JAMUNDI",,"1"
"2006-10-22T00:00:00.000","76","VALLE DEL CAUCA","76364","JAMUNDI",,"1"
"2006-10-18T00:00:00.000","76","VALLE DEL CAUCA","76364","JAMUNDI",,"1"
"2006-10-07T00:00:00.000","76","VALLE DEL CAUCA","76364","JAMUNDI",,"1"
"2006-09-22T00:00:00.000","76","VALLE DEL CAUCA","76364","JAMUNDI",,"1"
"2006-09-20T00:00:00.000","76","VALLE DEL CAUCA","76364","JAMUNDI",,"1"
"2006-09-18T00:00:00.000","76","VALLE DEL CAUCA","76364","JAMUNDI",,"1"
"2006-09-17T00:00:00.000","76","VALLE DEL CAUCA","76364","JAMUNDI",,"1"
"2006-09-17T00:00:00.000","76","VALLE DEL CAUCA","76364","JAMUNDI",,"1"
"2006-09-16T00:00:00.000","76","VALLE DEL CAUCA","76364","JAMUNDI",,"1"
"2006-09-13T00:00:00.000","76","VALLE DEL CAUCA","76364","JAMUNDI",,"1"
"2006-09-11T00:00:00.000","76","VALLE DEL CAUCA","76364","JAMUNDI",,"1"
"2006-09-10T00:00:00.000","76","VALLE DEL CAUCA","76364","JAMUNDI",,"1"
"2006-09-09T00:00:00.000","76","VALLE DEL CAUCA","76364","JAMUNDI",,"1"
"2006-09-07T00:00:00.000","76","VALLE DEL CAUCA","76364","JAMUNDI",,"1"
"2006-09-07T00:00:00.000","76","VALLE DEL CAUCA","76364","JAMUNDI",,"1"
"2006-09-01T00:00:00.000","76","VALLE DEL CAUCA","76364","JAMUNDI",,"1"
"2006-08-16T00:00:00.000","76","VALLE DEL CAUCA","76364","JAMUNDI",,"1"
"2006-07-27T00:00:00.000","76","VALLE DEL CAUCA","76364","JAMUNDI",,"1"
"2006-06-02T00:00:00.000","76","VALLE DEL CAUCA","76364","JAMUNDI",,"1"
"2006-05-24T00:00:00.000","76","VALLE DEL CAUCA","76364","JAMUNDI",,"1"
"2006-05-22T00:00:00.000","76","VALLE DEL CAUCA","76364","JAMUNDI",,"1"
"2006-05-20T00:00:00.000","76","VALLE DEL CAUCA","76364","JAMUNDI",,"1"
"2006-05-17T00:00:00.000","76","VALLE DEL CAUCA","76364","JAMUNDI",,"1"
"2006-05-14T00:00:00.000","76","VALLE DEL CAUCA","76364","JAMUNDI",,"1"
"2006-05-11T00:00:00.000","76","VALLE DEL CAUCA","76364","JAMUNDI",,"1"
"2006-05-10T00:00:00.000","76","VALLE DEL CAUCA","76364","JAMUNDI",,"1"
"2006-05-04T00:00:00.000","76","VALLE DEL CAUCA","76364","JAMUNDI",,"1"
"2006-04-30T00:00:00.000","76","VALLE DEL CAUCA","76364","JAMUNDI",,"1"
"2006-04-24T00:00:00.000","76","VALLE DEL CAUCA","76364","JAMUNDI",,"1"
"2006-04-20T00:00:00.000","76","VALLE DEL CAUCA","76364","JAMUNDI",,"1"
"2006-04-08T00:00:00.000","76","VALLE DEL CAUCA","76364","JAMUNDI",,"1"
"2006-04-07T00:00:00.000","76","VALLE DEL CAUCA","76364","JAMUNDI",,"1"
"2006-03-30T00:00:00.000","76","VALLE DEL CAUCA","76364","JAMUNDI",,"1"
"2006-03-27T00:00:00.000","76","VALLE DEL CAUCA","76364","JAMUNDI",,"1"
"2006-03-27T00:00:00.000","76","VALLE DEL CAUCA","76364","JAMUNDI",,"1"
"2006-03-13T00:00:00.000","76","VALLE DEL CAUCA","76364","JAMUNDI",,"1"
"2006-02-16T00:00:00.000","76","VALLE DEL CAUCA","76364","JAMUNDI",,"1"
"2006-02-11T00:00:00.000","76","VALLE DEL CAUCA","76364","JAMUNDI",,"1"
"2006-01-06T00:00:00.000","76","VALLE DEL CAUCA","76364","JAMUNDI",,"1"
"2005-11-26T00:00:00.000","76","VALLE DEL CAUCA","76364","JAMUNDI",,"1"
"2005-10-24T00:00:00.000","76","VALLE DEL CAUCA","76364","JAMUNDI",,"1"
"2005-08-31T00:00:00.000","76","VALLE DEL CAUCA","76364","JAMUNDI",,"1"
"2005-08-15T00:00:00.000","76","VALLE DEL CAUCA","76364","JAMUNDI",,"1"
"2005-01-30T00:00:00.000","76","VALLE DEL CAUCA","76364","JAMUNDI",,"1"
"2003-09-11T00:00:00.000","76","VALLE DEL CAUCA","76364","JAMUNDI",,"1"
"2003-09-11T00:00:00.000","76","VALLE DEL CAUCA","76364","JAMUNDI",,"1"
"2003-03-04T00:00:00.000","76","VALLE DEL CAUCA","76364","JAMUNDI",,"1"
