"fecha_hecho","cod_depto","departamento","cod_muni","municipio","zona","sexo","cantidad"
"2026-01-31T00:00:00.000","76","VALLE DEL CAUCA","76364","JAMUNDI","URBANA","MASCULINO","1"
"2026-01-29T00:00:00.000","76","VALLE DEL CAUCA","76364","JAMUNDI","URBANA","MASCULINO","1"
"2026-01-25T00:00:00.000","76","VALLE DEL CAUCA","76364","JAMUNDI","URBANA","MASCULINO","1"
"2026-01-25T00:00:00.000","76","VALLE DEL CAUCA","76364","JAMUNDI","RURAL","MASCULINO","1"
"2026-01-21T00:00:00.000","76","VALLE DEL CAUCA","76364","JAMUNDI","URBANA","MASCULINO","1"
"2026-01-20T00:00:00.000","76","VALLE DEL CAUCA","76364","JAMUNDI","URBANA","FEMENINO","1"
"2026-01-19T00:00:00.000","76","VALLE DEL CAUCA","76364","JAMUNDI","URBANA","MASCULINO","1"
"2026-01-17T00:00:00.000","76","VALLE DEL CAUCA","76364","JAMUNDI","URBANA","MASCULINO","1"
"2026-01-11T00:00:00.000","76","VALLE DEL CAUCA","76364","JAMUNDI","URBANA","MASCULINO","1"
"2026-01-08T00:00:00.000","76","VALLE DEL CAUCA","76364","JAMUNDI","URBANA","MASCULINO","1"
"2026-01-04T00:00:00.000","76","VALLE DEL CAUCA","76364","JAMUNDI","URBANA","MASCULINO","1"
"2026-01-04T00:00:00.000","76","VALLE DEL CAUCA","76364","JAMUNDI","URBANA","MASCULINO","1"
"2025-12-27T00:00:00.000","76","VALLE DEL CAUCA","76364","JAMUNDI","URBANA","MASCULINO","1"
"2025-12-27T00:00:00.000","76","VALLE DEL CAUCA","76364","JAMUNDI","URBANA","MASCULINO","1"
"2025-12-26T00:00:00.000","76","VALLE DEL CAUCA","76364","JAMUNDI","URBANA","MASCULINO","1"
"2025-12-21T00:00:00.000","76","VALLE DEL CAUCA","76364","JAMUNDI","RURAL","MASCULINO","1"
"2025-12-19T00:00:00.000","76","VALLE DEL CAUCA","76364","JAMUNDI","URBANA","MASCULINO","1"
"2025-12-15T00:00:00.000","76","VALLE DEL CAUCA","76364","JAMUNDI","RURAL","MASCULINO","1"
"2025-12-15T00:00:00.000","76","VALLE DEL CAUCA","76364","JAMUNDI","RURAL","MASCULINO","1"
"2025-12-07T00:00:00.000","76","VALLE DEL CAUCA","76364","JAMUNDI","URBANA","MASCULINO","1"
"2025-12-07T00:00:00.000","76","VALLE DEL CAUCA","76364","JAMUNDI","URBANA","MASCULINO","1"
"2025-12-07T00:00:00.000","76","VALLE DEL CAUCA","76364","JAMUNDI","URBANA","MASCULINO","1"
"2025-12-05T00:00:00.000","76","VALLE DEL CAUCA","76364","JAMUNDI","URBANA","MASCULINO","1"
"2025-11-30T00:00:00.000","76","VALLE DEL CAUCA","76364","JAMUNDI","URBANA","MASCULINO","1"
"2025-11-29T00:00:00.000","76","VALLE DEL CAUCA","76364","JAMUNDI","URBANA","MASCULINO","1"
"2025-11-20T00:00:00.000","76","VALLE DEL CAUCA","76364","JAMUNDI","URBANA","FEMENINO","1"
"2025-11-20T00:00:00.000","76","VALLE DEL CAUCA","76364","JAMUNDI","URBANA","MASCULINO","1"
"2025-11-20T00:00:00.000","76","VALLE DEL CAUCA","76364","JAMUNDI","RURAL","MASCULINO","1"
"2025-11-19T00:00:00.000","76","VALLE DEL CAUCA","76364","JAMUNDI","URBANA","MASCULINO","1"
"2025-11-17T00:00:00.000","76","VALLE DEL CAUCA","76364","JAMUNDI","RURAL","MASCULINO","1"
"2025-11-12T00:00:00.000","76","VALLE DEL CAUCA","76364","JAMUNDI","RURAL","MASCULINO","1"
"2025-11-09T00:00:00.000","76","VALLE DEL CAUCA","76364","JAMUNDI","RURAL","MASCULINO","1"
"2025-11-08T00:00:00.000","76","VALLE DEL CAUCA","76364","JAMUNDI","URBANA","MASCULINO","1"
"2025-11-07T00:00:00.000","76","VALLE DEL CAUCA","76364","JAMUNDI","RURAL","MASCULINO","1"
"2025-11-06T00:00:00.000","76","VALLE DEL CAUCA","76364","JAMUNDI","RURAL","MASCULINO","1"
"2025-11-06T00:00:00.000","76","VALLE DEL CAUCA","76364","JAMUNDI","URBANA","MASCULINO","1"
"2025-11-06T00:00:00.000","76","VALLE DEL CAUCA","76364","JAMUNDI","URBANA","MASCULINO","1"
"2025-11-05T00:00:00.000","76","VALLE DEL CAUCA","76364","JAMUNDI","URBANA","MASCULINO","1"
"2025-11-02T00:00:00.000","76","VALLE DEL CAUCA","76364","JAMUNDI","URBANA","MASCULINO","1"
"2025-10-31T00:00:00.000","76","VALLE DEL CAUCA","76364","JAMUNDI","URBANA","MASCULINO","1"
"2025-10-29T00:00:00.000","76","VALLE DEL CAUCA","76364","JAMUNDI","URBANA","MASCULINO","1"
"2025-10-20T00:00:00.000","76","VALLE DEL CAUCA","76364","JAMUNDI","RURAL","MASCULINO","1"
"2025-10-19T00:00:00.000","76","VALLE DEL CAUCA","76364","JAMUNDI","URBANA","MASCULINO","1"
"2025-10-14T00:00:00.000","76","VALLE DEL CAUCA","76364","JAMUNDI","RURAL","MASCULINO","1"
"2025-10-11T00:00:00.000","76","VALLE DEL CAUCA","76364","JAMUNDI","URBANA","MASCULINO","1"
"2025-10-03T00:00:00.000","76","VALLE DEL CAUCA","76364","JAMUNDI","RURAL","MASCULINO","1"
"2025-10-02T00:00:00.000","76","VALLE DEL CAUCA","76364","JAMUNDI","RURAL","MASCULINO","1"
"2025-09-28T00:00:00.000","76","VALLE DEL CAUCA","76364","JAMUNDI","URBANA","MASCULINO","1"
"2025-09-27T00:00:00.000","76","VALLE DEL CAUCA","76364","JAMUNDI","RURAL","MASCULINO","1"
"2025-09-20T00:00:00.000","76","VALLE DEL CAUCA","76364","JAMUNDI","RURAL","MASCULINO","1"
"2025-09-17T00:00:00.000","76","VALLE DEL CAUCA","76364","JAMUNDI","URBANA","MASCULINO","1"
"2025-09-08T00:00:00.000","76","VALLE DEL CAUCA","76364","JAMUNDI","URBANA","MASCULINO","1"
"2025-09-01T00:00:00.000","76","VALLE DEL CAUCA","76364","JAMUNDI","URBANA","MASCULINO","1"
"2025-08-30T00:00:00.000","76","VALLE DEL CAUCA","76364","JAMUNDI","URBANA","MASCULINO","1"
"2025-08-26T00:00:00.000","76","VALLE DEL CAUCA","76364","JAMUNDI","URBANA","MASCULINO","1"
"2025-08-26T00:00:00.000","76","VALLE DEL CAUCA","76364","JAMUNDI","URBANA","MASCULINO","1"
"2025-08-25T00:00:00.000","76","VALLE DEL CAUCA","76364","JAMUNDI","URBANA","MASCULINO","1"
"2025-08-24T00:00:00.000","76","VALLE DEL CAUCA","76364","JAMUNDI","RURAL","MASCULINO","1"
"2025-08-24T00:00:00.000","76","VALLE DEL CAUCA","76364","JAMUNDI","RURAL","MASCULINO","1"
"2025-08-19T00:00:00.000","76","VALLE DEL CAUCA","76364","JAMUNDI","URBANA","MASCULINO","1"
"2025-08-19T00:00:00.000","76","VALLE DEL CAUCA","76364","JAMUNDI","URBANA","MASCULINO","1"
"2025-08-18T00:00:00.000","76","VALLE DEL CAUCA","76364","JAMUNDI","RURAL","MASCULINO","1"
"2025-08-18T00:00:00.000","76","VALLE DEL CAUCA","76364","JAMUNDI","URBANA","MASCULINO","1"
"2025-08-16T00:00:00.000","76","VALLE DEL CAUCA","76364","JAMUNDI","URBANA","MASCULINO","1"
"2025-08-06T00:00:00.000","76","VALLE DEL CAUCA","76364","JAMUNDI","RURAL","MASCULINO","1"
"2025-07-31T00:00:00.000","76","VALLE DEL CAUCA","76364","JAMUNDI","RURAL","MASCULINO","1"
"2025-07-19T00:00:00.000","76","VALLE DEL CAUCA","76364","JAMUNDI","RURAL","MASCULINO","1"
"2025-07-17T00:00:00.000","76","VALLE DEL CAUCA","76364","JAMUNDI","URBANA","MASCULINO","1"
"2025-07-13T00:00:00.000","76","VALLE DEL CAUCA","76364","JAMUNDI","URBANA","MASCULINO","1"
"2025-07-08T00:00:00.000","76","VALLE DEL CAUCA","76364","JAMUNDI","URBANA","MASCULINO","1"
"2025-07-06T00:00:00.000","76","VALLE DEL CAUCA","76364","JAMUNDI","URBANA","MASCULINO","1"
"2025-07-03T00:00:00.000","76","VALLE DEL CAUCA","76364","JAMUNDI","RURAL","MASCULINO","1"
"2025-07-02T00:00:00.000","76","VALLE DEL CAUCA","76364","JAMUNDI","URBANA","MASCULINO","1"
"2025-06-20T00:00:00.000","76","VALLE DEL CAUCA","76364","JAMUNDI","URBANA","MASCULINO","1"
"2025-06-15T00:00:00.000","76","VALLE DEL CAUCA","76364","JAMUNDI","URBANA","MASCULINO","1"
"2025-06-15T00:00:00.000","76","VALLE DEL CAUCA","76364","JAMUNDI","URBANA","MASCULINO","1"
"2025-06-14T00:00:00.000","76","VALLE DEL CAUCA","76364","JAMUNDI","URBANA","MASCULINO","1"
"2025-06-10T00:00:00.000","76","VALLE DEL CAUCA","76364","JAMUNDI","RURAL","MASCULINO","1"
"2025-06-10T00:00:00.000","76","VALLE DEL CAUCA","76364","JAMUNDI","RURAL","MASCULINO","1"
"2025-06-10T00:00:00.000","76","VALLE DEL CAUCA","76364","JAMUNDI","RURAL","MASCULINO","1"
"2025-06-10T00:00:00.000","76","VALLE DEL CAUCA","76364","JAMUNDI","RURAL","MASCULINO","1"
"2025-06-08T00:00:00.000","76","VALLE DEL CAUCA","76364","JAMUNDI","URBANA","MASCULINO","1"
"2025-06-08T00:00:00.000","76","VALLE DEL CAUCA","76364","JAMUNDI","URBANA","MASCULINO","1"
"2025-06-08T00:00:00.000","76","VALLE DEL CAUCA","76364","JAMUNDI","URBANA","MASCULINO","1"
"2025-06-06T00:00:00.000","76","VALLE DEL CAUCA","76364","JAMUNDI","URBANA","MASCULINO","1"
"2025-06-05T00:00:00.000","76","VALLE DEL CAUCA","76364","JAMUNDI","RURAL","MASCULINO","1"
"2025-06-03T00:00:00.000","76","VALLE DEL CAUCA","76364","JAMUNDI","URBANA","MASCULINO","1"
"2025-06-01T00:00:00.000","76","VALLE DEL CAUCA","76364","JAMUNDI","URBANA","MASCULINO","1"
"2025-05-31T00:00:00.000","76","VALLE DEL CAUCA","76364","JAMUNDI","RURAL","MASCULINO","1"
"2025-05-30T00:00:00.000","76","VALLE DEL CAUCA","76364","JAMUNDI","URBANA","MASCULINO","1"
"2025-05-26T00:00:00.000","76","VALLE DEL CAUCA","76364","JAMUNDI","URBANA","MASCULINO","1"
"2025-05-21T00:00:00.000","76","VALLE DEL CAUCA","76364","JAMUNDI","RURAL","MASCULINO","1"
"2025-05-14T00:00:00.000","76","VALLE DEL CAUCA","76364","JAMUNDI","URBANA","MASCULINO","1"
"2025-05-12T00:00:00.000","76","VALLE DEL CAUCA","76364","JAMUNDI","URBANA","MASCULINO","1"
"2025-05-12T00:00:00.000","76","VALLE DEL CAUCA","76364","JAMUNDI","URBANA","MASCULINO","1"
"2025-05-11T00:00:00.000","76","VALLE DEL CAUCA","76364","JAMUNDI","URBANA","MASCULINO","1"
"2025-05-05T00:00:00.000","76","VALLE DEL CAUCA","76364","JAMUNDI","RURAL","MASCULINO","1"
"2025-05-05T00:00:00.000","76","VALLE DEL CAUCA","76364","JAMUNDI","RURAL","FEMENINO","1"
"2025-04-28T00:00:00.000","76","VALLE DEL CAUCA","76364","JAMUNDI","URBANA","MASCULINO","1"
"2025-04-27T00:00:00.000","76","VALLE DEL CAUCA","76364","JAMUNDI","RURAL","MASCULINO","1"
"2025-04-20T00:00:00.000","76","VALLE DEL CAUCA","76364","JAMUNDI","RURAL","MASCULINO","1"
"2025-04-14T00:00:00.000","76","VALLE DEL CAUCA","76364","JAMUNDI","RURAL","MASCULINO","1"
"2025-04-13T00:00:00.000","76","VALLE DEL CAUCA","76364","JAMUNDI","URBANA","MASCULINO","1"
"2025-04-12T00:00:00.000","76","VALLE DEL CAUCA","76364","JAMUNDI","URBANA","MASCULINO","1"
"2025-04-10T00:00:00.000","76","VALLE DEL CAUCA","76364","JAMUNDI","RURAL","MASCULINO","1"
"2025-04-08T00:00:00.000","76","VALLE DEL CAUCA","76364","JAMUNDI","URBANA","MASCULINO","1"
"2025-04-05T00:00:00.000","76","VALLE DEL CAUCA","76364","JAMUNDI","URBANA","MASCULINO","1"
"2025-04-03T00:00:00.000","76","VALLE DEL CAUCA","76364","JAMUNDI","URBANA","FEMENINO","1"
"2025-04-02T00:00:00.000","76","VALLE DEL CAUCA","76364","JAMUNDI","RURAL","MASCULINO","1"
"2025-03-31T00:00:00.000","76","VALLE DEL CAUCA","76364","JAMUNDI","URBANA","MASCULINO","1"
"2025-03-29T00:00:00.000","76","VALLE DEL CAUCA","76364","JAMUNDI","URBANA","MASCULINO","1"
"2025-03-20T00:00:00.000","76","VALLE DEL CAUCA","76364","JAMUNDI","URBANA","MASCULINO","1"
"2025-03-19T00:00:00.000","76","VALLE DEL CAUCA","76364","JAMUNDI","URBANA","MASCULINO","1"
"2025-03-19T00:00:00.000","76","VALLE DEL CAUCA","76364","JAMUNDI","URBANA","MASCULINO","1"
"2025-03-16T00:00:00.000","76","VALLE DEL CAUCA","76364","JAMUNDI","RURAL","MASCULINO","1"
"2025-03-12T00:00:00.000","76","VALLE DEL CAUCA","76364","JAMUNDI","URBANA","MASCULINO","1"
"2025-03-11T00:00:00.000","76","VALLE DEL CAUCA","76364","JAMUNDI","URBANA","MASCULINO","1"
"2025-03-11T00:00:00.000","76","VALLE DEL CAUCA","76364","JAMUNDI","URBANA","MASCULINO","1"
"2025-03-09T00:00:00.000","76","VALLE DEL CAUCA","76364","JAMUNDI","RURAL","MASCULINO","1"
"2025-03-01T00:00:00.000","76","VALLE DEL CAUCA","76364","JAMUNDI","URBANA","MASCULINO","1"
"2025-02-24T00:00:00.000","76","VALLE DEL CAUCA","76364","JAMUNDI","RURAL","MASCULINO","1"
"2025-02-23T00:00:00.000","76","VALLE DEL CAUCA","76364","JAMUNDI","URBANA","MASCULINO","1"
"2025-02-17T00:00:00.000","76","VALLE DEL CAUCA","76364","JAMUNDI","RURAL","MASCULINO","1"
"2025-02-16T00:00:00.000","76","VALLE DEL CAUCA","76364","JAMUNDI","URBANA","MASCULINO","1"
"2025-02-16T00:00:00.000","76","VALLE DEL CAUCA","76364","JAMUNDI","RURAL","MASCULINO","1"
"2025-02-16T00:00:00.000","76","VALLE DEL CAUCA","76364","JAMUNDI","URBANA","MASCULINO","1"
"2025-02-16T00:00:00.000","76","VALLE DEL CAUCA","76364","JAMUNDI","URBANA","MASCULINO","1"
"2025-02-10T00:00:00.000","76","VALLE DEL CAUCA","76364","JAMUNDI","URBANA","MASCULINO","1"
"2025-02-03T00:00:00.000","76","VALLE DEL CAUCA","76364","JAMUNDI","URBANA","MASCULINO","1"
"2025-01-31T00:00:00.000","76","VALLE DEL CAUCA","76364","JAMUNDI","URBANA","MASCULINO","1"
"2025-01-24T00:00:00.000","76","VALLE DEL CAUCA","76364","JAMUNDI","RURAL","MASCULINO","1"
"2025-01-23T00:00:00.000","76","VALLE DEL CAUCA","76364","JAMUNDI","URBANA","FEMENINO","1"
"2025-01-23T00:00:00.000","76","VALLE DEL CAUCA","76364","JAMUNDI","URBANA","MASCULINO","1"
"2025-01-23T00:00:00.000","76","VALLE DEL CAUCA","76364","JAMUNDI","URBANA","MASCULINO","1"
"2025-01-23T00:00:00.000","76","VALLE DEL CAUCA","76364","JAMUNDI","URBANA","MASCULINO","1"
"2025-01-22T00:00:00.000","76","VALLE DEL CAUCA","76364","JAMUNDI","RURAL","MASCULINO","1"
"2025-01-15T00:00:00.000","76","VALLE DEL CAUCA","76364","JAMUNDI","URBANA","MASCULINO","1"
"2025-01-06T00:00:00.000","76","VALLE DEL CAUCA","76364","JAMUNDI","URBANA","MASCULINO","1"
"2025-01-03T00:00:00.000","76","VALLE DEL CAUCA","76364","JAMUNDI","URBANA","MASCULINO","1"
"2024-12-27T00:00:00.000","76","VALLE DEL CAUCA","76364","JAMUNDI","URBANA","MASCULINO","1"
"2024-12-25T00:00:00.000","76","VALLE DEL CAUCA","76364","JAMUNDI","URBANA","MASCULINO","1"
"2024-12-25T00:00:00.000","76","VALLE DEL CAUCA","76364","JAMUNDI","URBANA","MASCULINO","1"
"2024-12-25T00:00:00.000","76","VALLE DEL CAUCA","76364","JAMUNDI","URBANA","MASCULINO","1"
"2024-12-25T00:00:00.000","76","VALLE DEL CAUCA","76364","JAMUNDI","URBANA","FEMENINO","1"
"2024-12-24T00:00:00.000","76","VALLE DEL CAUCA","76364","JAMUNDI","URBANA","MASCULINO","1"
"2024-12-24T00:00:00.000","76","VALLE DEL CAUCA","76364","JAMUNDI","URBANA","MASCULINO","1"
"2024-12-23T00:00:00.000","76","VALLE DEL CAUCA","76364","JAMUNDI","URBANA","MASCULINO","1"
"2024-12-19T00:00:00.000","76","VALLE DEL CAUCA","76364","JAMUNDI","URBANA","MASCULINO","1"
"2024-12-14T00:00:00.000","76","VALLE DEL CAUCA","76364","JAMUNDI","URBANA","MASCULINO","1"
"2024-12-07T00:00:00.000","76","VALLE DEL CAUCA","76364","JAMUNDI","URBANA","MASCULINO","1"
"2024-12-02T00:00:00.000","76","VALLE DEL CAUCA","76364","JAMUNDI","URBANA","MASCULINO","1"
"2024-11-30T00:00:00.000","76","VALLE DEL CAUCA","76364","JAMUNDI","URBANA","MASCULINO","1"
"2024-11-30T00:00:00.000","76","VALLE DEL CAUCA","76364","JAMUNDI","URBANA","MASCULINO","1"
"2024-11-29T00:00:00.000","76","VALLE DEL CAUCA","76364","JAMUNDI","URBANA","MASCULINO","1"
"2024-11-18T00:00:00.000","76","VALLE DEL CAUCA","76364","JAMUNDI","URBANA","MASCULINO","1"
"2024-11-18T00:00:00.000","76","VALLE DEL CAUCA","76364","JAMUNDI","URBANA","FEMENINO","1"
"2024-11-17T00:00:00.000","76","VALLE DEL CAUCA","76364","JAMUNDI","URBANA","MASCULINO","1"
"2024-11-09T00:00:00.000","76","VALLE DEL CAUCA","76364","JAMUNDI","RURAL","MASCULINO","1"
"2024-11-05T00:00:00.000","76","VALLE DEL CAUCA","76364","JAMUNDI","URBANA","FEMENINO","1"
"2024-10-31T00:00:00.000","76","VALLE DEL CAUCA","76364","JAMUNDI","URBANA","MASCULINO","1"
"2024-10-28T00:00:00.000","76","VALLE DEL CAUCA","76364","JAMUNDI","RURAL","MASCULINO","1"
"2024-10-26T00:00:00.000","76","VALLE DEL CAUCA","76364","JAMUNDI","URBANA","MASCULINO","1"
"2024-10-25T00:00:00.000","76","VALLE DEL CAUCA","76364","JAMUNDI","URBANA","MASCULINO","1"
"2024-10-14T00:00:00.000","76","VALLE DEL CAUCA","76364","JAMUNDI","RURAL","MASCULINO","1"
"2024-10-14T00:00:00.000","76","VALLE DEL CAUCA","76364","JAMUNDI","RURAL","MASCULINO","1"
"2024-10-13T00:00:00.000","76","VALLE DEL CAUCA","76364","JAMUNDI","RURAL","MASCULINO","1"
"2024-10-12T00:00:00.000","76","VALLE DEL CAUCA","76364","JAMUNDI","URBANA","MASCULINO","1"
"2024-10-10T00:00:00.000","76","VALLE DEL CAUCA","76364","JAMUNDI","RURAL","FEMENINO","1"
"2024-10-08T00:00:00.000","76","VALLE DEL CAUCA","76364","JAMUNDI","URBANA","MASCULINO","1"
"2024-10-07T00:00:00.000","76","VALLE DEL CAUCA","76364","JAMUNDI","URBANA","MASCULINO","1"
"2024-10-04T00:00:00.000","76","VALLE DEL CAUCA","76364","JAMUNDI","URBANA","MASCULINO","1"
"2024-10-03T00:00:00.000","76","VALLE DEL CAUCA","76364","JAMUNDI","RURAL","MASCULINO","1"
"2024-10-03T00:00:00.000","76","VALLE DEL CAUCA","76364","JAMUNDI","RURAL","MASCULINO","1"
"2024-09-30T00:00:00.000","76","VALLE DEL CAUCA","76364","JAMUNDI","URBANA","MASCULINO","1"
"2024-09-29T00:00:00.000","76","VALLE DEL CAUCA","76364","JAMUNDI","URBANA","FEMENINO","1"
"2024-09-28T00:00:00.000","76","VALLE DEL CAUCA","76364","JAMUNDI","URBANA","MASCULINO","1"
"2024-09-22T00:00:00.000","76","VALLE DEL CAUCA","76364","JAMUNDI","URBANA","MASCULINO","1"
"2024-09-20T00:00:00.000","76","VALLE DEL CAUCA","76364","JAMUNDI","URBANA","MASCULINO","1"
"2024-09-19T00:00:00.000","76","VALLE DEL CAUCA","76364","JAMUNDI","URBANA","MASCULINO","1"
"2024-09-07T00:00:00.000","76","VALLE DEL CAUCA","76364","JAMUNDI","URBANA","MASCULINO","1"
"2024-08-31T00:00:00.000","76","VALLE DEL CAUCA","76364","JAMUNDI","URBANA","MASCULINO","1"
"2024-08-20T00:00:00.000","76","VALLE DEL CAUCA","76364","JAMUNDI","URBANA","MASCULINO","1"
"2024-08-10T00:00:00.000","76","VALLE DEL CAUCA","76364","JAMUNDI","URBANA","MASCULINO","1"
"2024-08-06T00:00:00.000","76","VALLE DEL CAUCA","76364","JAMUNDI","URBANA","MASCULINO","1"
"2024-08-02T00:00:00.000","76","VALLE DEL CAUCA","76364","JAMUNDI","RURAL","MASCULINO","1"
"2024-08-02T00:00:00.000","76","VALLE DEL CAUCA","76364","JAMUNDI","RURAL","MASCULINO","1"
"2024-08-01T00:00:00.000","76","VALLE DEL CAUCA","76364","JAMUNDI","URBANA","MASCULINO","1"
"2024-08-01T00:00:00.000","76","VALLE DEL CAUCA","76364","JAMUNDI","URBANA","MASCULINO","1"
"2024-07-21T00:00:00.000","76","VALLE DEL CAUCA","76364","JAMUNDI","URBANA","MASCULINO","1"
"2024-07-20T00:00:00.000","76","VALLE DEL CAUCA","76364","JAMUNDI","RURAL","MASCULINO","1"
"2024-07-15T00:00:00.000","76","VALLE DEL CAUCA","76364","JAMUNDI","URBANA","MASCULINO","1"
"2024-07-10T00:00:00.000","76","VALLE DEL CAUCA","76364","JAMUNDI","URBANA","MASCULINO","1"
"2024-07-04T00:00:00.000","76","VALLE DEL CAUCA","76364","JAMUNDI","URBANA","MASCULINO","1"
"2024-07-01T00:00:00.000","76","VALLE DEL CAUCA","76364","JAMUNDI","RURAL","MASCULINO","1"
"2024-07-01T00:00:00.000","76","VALLE DEL CAUCA","76364","JAMUNDI","RURAL","MASCULINO","1"
"2024-06-29T00:00:00.000","76","VALLE DEL CAUCA","76364","JAMUNDI","URBANA","MASCULINO","1"
"2024-06-24T00:00:00.000","76","VALLE DEL CAUCA","76364","JAMUNDI","URBANA","MASCULINO","1"
"2024-06-16T00:00:00.000","76","VALLE DEL CAUCA","76364","JAMUNDI","URBANA","MASCULINO","1"
"2024-06-16T00:00:00.000","76","VALLE DEL CAUCA","76364","JAMUNDI","URBANA","MASCULINO","1"
"2024-06-16T00:00:00.000","76","VALLE DEL CAUCA","76364","JAMUNDI","URBANA","MASCULINO","1"
"2024-06-12T00:00:00.000","76","VALLE DEL CAUCA","76364","JAMUNDI","URBANA","MASCULINO","1"
"2024-06-10T00:00:00.000","76","VALLE DEL CAUCA","76364","JAMUNDI","URBANA","MASCULINO","1"
"2024-06-09T00:00:00.000","76","VALLE DEL CAUCA","76364","JAMUNDI","URBANA","MASCULINO","1"
"2024-06-07T00:00:00.000","76","VALLE DEL CAUCA","76364","JAMUNDI","URBANA","MASCULINO","1"
"2024-06-04T00:00:00.000","76","VALLE DEL CAUCA","76364","JAMUNDI","URBANA","MASCULINO","1"
"2024-06-03T00:00:00.000","76","VALLE DEL CAUCA","76364","JAMUNDI","URBANA","MASCULINO","1"
"2024-06-01T00:00:00.000","76","VALLE DEL CAUCA","76364","JAMUNDI","URBANA","MASCULINO","1"
"2024-05-30T00:00:00.000","76","VALLE DEL CAUCA","76364","JAMUNDI","URBANA","MASCULINO","1"
"2024-05-29T00:00:00.000","76","VALLE DEL CAUCA","76364","JAMUNDI","RURAL","FEMENINO","1"
"2024-05-29T00:00:00.000","76","VALLE DEL CAUCA","76364","JAMUNDI","RURAL","FEMENINO","1"
"2024-05-26T00:00:00.000","76","VALLE DEL CAUCA","76364","JAMUNDI","RURAL","MASCULINO","1"
"2024-05-24T00:00:00.000","76","VALLE DEL CAUCA","76364","JAMUNDI","URBANA","MASCULINO","1"
"2024-05-22T00:00:00.000","76","VALLE DEL CAUCA","76364","JAMUNDI","URBANA","MASCULINO","1"
"2024-05-19T00:00:00.000","76","VALLE DEL CAUCA","76364","JAMUNDI","URBANA","FEMENINO","1"
"2024-05-11T00:00:00.000","76","VALLE DEL CAUCA","76364","JAMUNDI","URBANA","MASCULINO","1"
"2024-05-11T00:00:00.000","76","VALLE DEL CAUCA","76364","JAMUNDI","URBANA","MASCULINO","1"
"2024-05-10T00:00:00.000","76","VALLE DEL CAUCA","76364","JAMUNDI","URBANA","MASCULINO","1"
"2024-05-02T00:00:00.000","76","VALLE DEL CAUCA","76364","JAMUNDI","RURAL","MASCULINO","1"
"2024-04-27T00:00:00.000","76","VALLE DEL CAUCA","76364","JAMUNDI","URBANA","MASCULINO","1"
"2024-04-24T00:00:00.000","76","VALLE DEL CAUCA","76364","JAMUNDI","RURAL","MASCULINO","1"
"2024-04-19T00:00:00.000","76","VALLE DEL CAUCA","76364","JAMUNDI","URBANA","MASCULINO","1"
"2024-04-18T00:00:00.000","76","VALLE DEL CAUCA","76364","JAMUNDI","URBANA","MASCULINO","1"
"2024-04-14T00:00:00.000","76","VALLE DEL CAUCA","76364","JAMUNDI","URBANA","MASCULINO","1"
"2024-04-10T00:00:00.000","76","VALLE DEL CAUCA","76364","JAMUNDI","RURAL","MASCULINO","1"
"2024-04-08T00:00:00.000","76","VALLE DEL CAUCA","76364","JAMUNDI","URBANA","MASCULINO","1"
"2024-04-08T00:00:00.000","76","VALLE DEL CAUCA","76364","JAMUNDI","URBANA","MASCULINO","1"
"2024-04-07T00:00:00.000","76","VALLE DEL CAUCA","76364","JAMUNDI","URBANA","FEMENINO","1"
"2024-04-05T00:00:00.000","76","VALLE DEL CAUCA","76364","JAMUNDI","URBANA","MASCULINO","1"
"2024-04-02T00:00:00.000","76","VALLE DEL CAUCA","76364","JAMUNDI","URBANA","FEMENINO","1"
"2024-04-01T00:00:00.000","76","VALLE DEL CAUCA","76364","JAMUNDI","URBANA","MASCULINO","1"
"2024-03-23T00:00:00.000","76","VALLE DEL CAUCA","76364","JAMUNDI","RURAL","MASCULINO","1"
"2024-03-23T00:00:00.000","76","VALLE DEL CAUCA","76364","JAMUNDI","RURAL","MASCULINO","1"
"2024-03-17T00:00:00.000","76","VALLE DEL CAUCA","76364","JAMUNDI","URBANA","MASCULINO","1"
"2024-03-16T00:00:00.000","76","VALLE DEL CAUCA","76364","JAMUNDI","RURAL","MASCULINO","1"
"2024-03-07T00:00:00.000","76","VALLE DEL CAUCA","76364","JAMUNDI","RURAL","MASCULINO","1"
"2024-02-29T00:00:00.000","76","VALLE DEL CAUCA","76364","JAMUNDI","URBANA","MASCULINO","1"
"2024-02-26T00:00:00.000","76","VALLE DEL CAUCA","76364","JAMUNDI","URBANA","FEMENINO","1"
"2024-02-20T00:00:00.000","76","VALLE DEL CAUCA","76364","JAMUNDI","URBANA","MASCULINO","1"
"2024-02-19T00:00:00.000","76","VALLE DEL CAUCA","76364","JAMUNDI","RURAL","MASCULINO","1"
"2024-02-16T00:00:00.000","76","VALLE DEL CAUCA","76364","JAMUNDI","RURAL","MASCULINO","1"
"2024-02-15T00:00:00.000","76","VALLE DEL CAUCA","76364","JAMUNDI","URBANA","MASCULINO","1"
"2024-02-13T00:00:00.000","76","VALLE DEL CAUCA","76364","JAMUNDI","URBANA","MASCULINO","1"
"2024-02-13T00:00:00.000","76","VALLE DEL CAUCA","76364","JAMUNDI","URBANA","FEMENINO","1"
"2024-02-12T00:00:00.000","76","VALLE DEL CAUCA","76364","JAMUNDI","URBANA","MASCULINO","1"
"2024-02-12T00:00:00.000","76","VALLE DEL CAUCA","76364","JAMUNDI","RURAL","MASCULINO","1"
"2024-02-05T00:00:00.000","76","VALLE DEL CAUCA","76364","JAMUNDI","URBANA","MASCULINO","1"
"2024-02-03T00:00:00.000","76","VALLE DEL CAUCA","76364","JAMUNDI","URBANA","MASCULINO","1"
"2024-02-01T00:00:00.000","76","VALLE DEL CAUCA","76364","JAMUNDI","RURAL","MASCULINO","1"
"2024-02-01T00:00:00.000","76","VALLE DEL CAUCA","76364","JAMUNDI","RURAL","MASCULINO","1"
"2024-01-27T00:00:00.000","76","VALLE DEL CAUCA","76364","JAMUNDI","URBANA","MASCULINO","1"
"2024-01-22T00:00:00.000","76","VALLE DEL CAUCA","76364","JAMUNDI","URBANA","MASCULINO","1"
"2024-01-22T00:00:00.000","76","VALLE DEL CAUCA","76364","JAMUNDI","URBANA","MASCULINO","1"
"2024-01-21T00:00:00.000","76","VALLE DEL CAUCA","76364","JAMUNDI","RURAL","MASCULINO","1"
"2024-01-16T00:00:00.000","76","VALLE DEL CAUCA","76364","JAMUNDI","RURAL","MASCULINO","1"
"2024-01-12T00:00:00.000","76","VALLE DEL CAUCA","76364","JAMUNDI","RURAL","MASCULINO","1"
"2024-01-12T00:00:00.000","76","VALLE DEL CAUCA","76364","JAMUNDI","URBANA","MASCULINO","1"
"2024-01-11T00:00:00.000","76","VALLE DEL CAUCA","76364","JAMUNDI","URBANA","FEMENINO","1"
"2024-01-08T00:00:00.000","76","VALLE DEL CAUCA","76364","JAMUNDI","URBANA","MASCULINO","1"
"2023-12-30T00:00:00.000","76","VALLE DEL CAUCA","76364","JAMUNDI","URBANA","MASCULINO","1"
"2023-12-25T00:00:00.000","76","VALLE DEL CAUCA","76364","JAMUNDI","URBANA","MASCULINO","1"
"2023-12-23T00:00:00.000","76","VALLE DEL CAUCA","76364","JAMUNDI","URBANA","MASCULINO","1"
"2023-12-20T00:00:00.000","76","VALLE DEL CAUCA","76364","JAMUNDI","URBANA","MASCULINO","1"
"2023-12-19T00:00:00.000","76","VALLE DEL CAUCA","76364","JAMUNDI","RURAL","MASCULINO","1"
"2023-12-17T00:00:00.000","76","VALLE DEL CAUCA","76364","JAMUNDI","URBANA","MASCULINO","1"
"2023-12-13T00:00:00.000","76","VALLE DEL CAUCA","76364","JAMUNDI","URBANA","MASCULINO","1"
"2023-12-12T00:00:00.000","76","VALLE DEL CAUCA","76364","JAMUNDI","RURAL","MASCULINO","1"
"2023-12-10T00:00:00.000","76","VALLE DEL CAUCA","76364","JAMUNDI","RURAL","MASCULINO","1"
"2023-12-08T00:00:00.000","76","VALLE DEL CAUCA","76364","JAMUNDI","URBANA","MASCULINO","1"
"2023-11-30T00:00:00.000","76","VALLE DEL CAUCA","76364","JAMUNDI","RURAL","MASCULINO","1"
"2023-11-30T00:00:00.000","76","VALLE DEL CAUCA","76364","JAMUNDI","RURAL","MASCULINO","1"
"2023-11-20T00:00:00.000","76","VALLE DEL CAUCA","76364","JAMUNDI","RURAL","MASCULINO","1"
"2023-11-20T00:00:00.000","76","VALLE DEL CAUCA","76364","JAMUNDI","RURAL","MASCULINO","1"
"2023-11-20T00:00:00.000","76","VALLE DEL CAUCA","76364","JAMUNDI","RURAL","MASCULINO","1"
"2023-11-19T00:00:00.000","76","VALLE DEL CAUCA","76364","JAMUNDI","URBANA","MASCULINO","1"
"2023-11-17T00:00:00.000","76","VALLE DEL CAUCA","76364","JAMUNDI","RURAL","MASCULINO","1"
"2023-11-11T00:00:00.000","76","VALLE DEL CAUCA","76364","JAMUNDI","URBANA","MASCULINO","1"
"2023-11-11T00:00:00.000","76","VALLE DEL CAUCA","76364","JAMUNDI","URBANA","MASCULINO","1"
"2023-11-09T00:00:00.000","76","VALLE DEL CAUCA","76364","JAMUNDI","RURAL","MASCULINO","1"
"2023-11-04T00:00:00.000","76","VALLE DEL CAUCA","76364","JAMUNDI","RURAL","MASCULINO","1"
"2023-10-26T00:00:00.000","76","VALLE DEL CAUCA","76364","JAMUNDI","RURAL","MASCULINO","1"
"2023-10-18T00:00:00.000","76","VALLE DEL CAUCA","76364","JAMUNDI","URBANA","MASCULINO","1"
"2023-10-14T00:00:00.000","76","VALLE DEL CAUCA","76364","JAMUNDI","URBANA","MASCULINO","1"
"2023-10-06T00:00:00.000","76","VALLE DEL CAUCA","76364","JAMUNDI","RURAL","MASCULINO","1"
"2023-09-30T00:00:00.000","76","VALLE DEL CAUCA","76364","JAMUNDI","URBANA","MASCULINO","1"
"2023-09-26T00:00:00.000","76","VALLE DEL CAUCA","76364","JAMUNDI","URBANA","FEMENINO","1"
"2023-09-23T00:00:00.000","76","VALLE DEL CAUCA","76364","JAMUNDI","RURAL","MASCULINO","1"
"2023-09-20T00:00:00.000","76","VALLE DEL CAUCA","76364","JAMUNDI","URBANA","MASCULINO","1"
"2023-09-17T00:00:00.000","76","VALLE DEL CAUCA","76364","JAMUNDI","RURAL","FEMENINO","1"
"2023-09-17T00:00:00.000","76","VALLE DEL CAUCA","76364","JAMUNDI","RURAL","MASCULINO","1"
"2023-09-12T00:00:00.000","76","VALLE DEL CAUCA","76364","JAMUNDI","URBANA","MASCULINO","1"
"2023-09-01T00:00:00.000","76","VALLE DEL CAUCA","76364","JAMUNDI","RURAL","MASCULINO","1"
"2023-08-26T00:00:00.000","76","VALLE DEL CAUCA","76364","JAMUNDI","RURAL","MASCULINO","1"
"2023-08-26T00:00:00.000","76","VALLE DEL CAUCA","76364","JAMUNDI","RURAL","FEMENINO","1"
"2023-08-22T00:00:00.000","76","VALLE DEL CAUCA","76364","JAMUNDI","URBANA","MASCULINO","1"
"2023-08-15T00:00:00.000","76","VALLE DEL CAUCA","76364","JAMUNDI","URBANA","MASCULINO","1"
"2023-08-13T00:00:00.000","76","VALLE DEL CAUCA","76364","JAMUNDI","URBANA","MASCULINO","1"
"2023-08-10T00:00:00.000","76","VALLE DEL CAUCA","76364","JAMUNDI","URBANA","MASCULINO","1"
"2023-08-07T00:00:00.000","76","VALLE DEL CAUCA","76364","JAMUNDI","URBANA","MASCULINO","1"
"2023-08-04T00:00:00.000","76","VALLE DEL CAUCA","76364","JAMUNDI","RURAL","MASCULINO","1"
"2023-08-04T00:00:00.000","76","VALLE DEL CAUCA","76364","JAMUNDI","RURAL","MASCULINO","1"
"2023-08-03T00:00:00.000","76","VALLE DEL CAUCA","76364","JAMUNDI","URBANA","MASCULINO","1"
"2023-07-27T00:00:00.000","76","VALLE DEL CAUCA","76364","JAMUNDI","URBANA","MASCULINO","1"
"2023-07-26T00:00:00.000","76","VALLE DEL CAUCA","76364","JAMUNDI","URBANA","FEMENINO","1"
"2023-07-26T00:00:00.000","76","VALLE DEL CAUCA","76364","JAMUNDI","URBANA","MASCULINO","1"
"2023-07-19T00:00:00.000","76","VALLE DEL CAUCA","76364","JAMUNDI","URBANA","MASCULINO","1"
"2023-07-18T00:00:00.000","76","VALLE DEL CAUCA","76364","JAMUNDI","RURAL","MASCULINO","1"
"2023-07-17T00:00:00.000","76","VALLE DEL CAUCA","76364","JAMUNDI","RURAL","MASCULINO","1"
"2023-07-14T00:00:00.000","76","VALLE DEL CAUCA","76364","JAMUNDI","URBANA","MASCULINO","1"
"2023-07-14T00:00:00.000","76","VALLE DEL CAUCA","76364","JAMUNDI","URBANA","MASCULINO","1"
"2023-07-13T00:00:00.000","76","VALLE DEL CAUCA","76364","JAMUNDI","URBANA","MASCULINO","1"
"2023-07-10T00:00:00.000","76","VALLE DEL CAUCA","76364","JAMUNDI","RURAL","MASCULINO","1"
"2023-07-05T00:00:00.000","76","VALLE DEL CAUCA","76364","JAMUNDI","URBANA","MASCULINO","1"
"2023-07-05T00:00:00.000","76","VALLE DEL CAUCA","76364","JAMUNDI","RURAL","FEMENINO","1"
"2023-07-04T00:00:00.000","76","VALLE DEL CAUCA","76364","JAMUNDI","RURAL","MASCULINO","1"
"2023-07-04T00:00:00.000","76","VALLE DEL CAUCA","76364","JAMUNDI","RURAL","FEMENINO","1"
"2023-07-01T00:00:00.000","76","VALLE DEL CAUCA","76364","JAMUNDI","URBANA","MASCULINO","1"
"2023-06-27T00:00:00.000","76","VALLE DEL CAUCA","76364","JAMUNDI","URBANA","MASCULINO","1"
"2023-06-27T00:00:00.000","76","VALLE DEL CAUCA","76364","JAMUNDI","URBANA","MASCULINO","1"
"2023-06-21T00:00:00.000","76","VALLE DEL CAUCA","76364","JAMUNDI","RURAL","MASCULINO","1"
"2023-06-18T00:00:00.000","76","VALLE DEL CAUCA","76364","JAMUNDI","RURAL","MASCULINO","1"
"2023-06-16T00:00:00.000","76","VALLE DEL CAUCA","76364","JAMUNDI","URBANA","MASCULINO","1"
"2023-06-12T00:00:00.000","76","VALLE DEL CAUCA","76364","JAMUNDI","RURAL","MASCULINO","1"
"2023-06-08T00:00:00.000","76","VALLE DEL CAUCA","76364","JAMUNDI","URBANA","MASCULINO","1"
"2023-06-05T00:00:00.000","76","VALLE DEL CAUCA","76364","JAMUNDI","RURAL","MASCULINO","1"
"2023-06-03T00:00:00.000","76","VALLE DEL CAUCA","76364","JAMUNDI","URBANA","MASCULINO","1"
"2023-05-31T00:00:00.000","76","VALLE DEL CAUCA","76364","JAMUNDI","RURAL","MASCULINO","1"
"2023-05-30T00:00:00.000","76","VALLE DEL CAUCA","76364","JAMUNDI","RURAL","MASCULINO","1"
"2023-05-30T00:00:00.000","76","VALLE DEL CAUCA","76364","JAMUNDI","RURAL","MASCULINO","1"
"2023-05-30T00:00:00.000","76","VALLE DEL CAUCA","76364","JAMUNDI","URBANA","MASCULINO","1"
"2023-05-26T00:00:00.000","76","VALLE DEL CAUCA","76364","JAMUNDI","RURAL","MASCULINO","1"
"2023-05-20T00:00:00.000","76","VALLE DEL CAUCA","76364","JAMUNDI","URBANA","MASCULINO","1"
"2023-05-14T00:00:00.000","76","VALLE DEL CAUCA","76364","JAMUNDI","URBANA","MASCULINO","1"
"2023-05-14T00:00:00.000","76","VALLE DEL CAUCA","76364","JAMUNDI","URBANA","MASCULINO","1"
"2023-05-09T00:00:00.000","76","VALLE DEL CAUCA","76364","JAMUNDI","URBANA","MASCULINO","1"
"2023-05-08T00:00:00.000","76","VALLE DEL CAUCA","76364","JAMUNDI","URBANA","MASCULINO","1"
"2023-05-04T00:00:00.000","76","VALLE DEL CAUCA","76364","JAMUNDI","RURAL","MASCULINO","1"
"2023-05-04T00:00:00.000","76","VALLE DEL CAUCA","76364","JAMUNDI","URBANA","MASCULINO","1"
"2023-05-02T00:00:00.000","76","VALLE DEL CAUCA","76364","JAMUNDI","URBANA","MASCULINO","1"
"2023-04-14T00:00:00.000","76","VALLE DEL CAUCA","76364","JAMUNDI","RURAL","MASCULINO","1"
"2023-04-14T00:00:00.000","76","VALLE DEL CAUCA","76364","JAMUNDI","RURAL","MASCULINO","1"
"2023-04-09T00:00:00.000","76","VALLE DEL CAUCA","76364","JAMUNDI","RURAL","MASCULINO","1"
"2023-04-07T00:00:00.000","76","VALLE DEL CAUCA","76364","JAMUNDI","URBANA","MASCULINO","1"
"2023-04-06T00:00:00.000","76","VALLE DEL CAUCA","76364","JAMUNDI","URBANA","MASCULINO","1"
"2023-04-04T00:00:00.000","76","VALLE DEL CAUCA","76364","JAMUNDI","URBANA","MASCULINO","1"
"2023-04-03T00:00:00.000","76","VALLE DEL CAUCA","76364","JAMUNDI","RURAL","MASCULINO","1"
"2023-03-28T00:00:00.000","76","VALLE DEL CAUCA","76364","JAMUNDI","RURAL","MASCULINO","1"
"2023-03-27T00:00:00.000","76","VALLE DEL CAUCA","76364","JAMUNDI","URBANA","FEMENINO","1"
"2023-03-27T00:00:00.000","76","VALLE DEL CAUCA","76364","JAMUNDI","RURAL","MASCULINO","1"
"2023-03-27T00:00:00.000","76","VALLE DEL CAUCA","76364","JAMUNDI","URBANA","MASCULINO","1"
"2023-03-18T00:00:00.000","76","VALLE DEL CAUCA","76364","JAMUNDI","URBANA","MASCULINO","1"
"2023-03-16T00:00:00.000","76","VALLE DEL CAUCA","76364","JAMUNDI","URBANA","MASCULINO","1"
"2023-03-05T00:00:00.000","76","VALLE DEL CAUCA","76364","JAMUNDI","URBANA","MASCULINO","1"
"2023-03-02T00:00:00.000","76","VALLE DEL CAUCA","76364","JAMUNDI","URBANA","MASCULINO","1"
"2023-02-27T00:00:00.000","76","VALLE DEL CAUCA","76364","JAMUNDI","RURAL","MASCULINO","1"
"2023-02-26T00:00:00.000","76","VALLE DEL CAUCA","76364","JAMUNDI","RURAL","MASCULINO","1"
"2023-02-15T00:00:00.000","76","VALLE DEL CAUCA","76364","JAMUNDI","URBANA","MASCULINO","1"
"2023-02-13T00:00:00.000","76","VALLE DEL CAUCA","76364","JAMUNDI","URBANA","MASCULINO","1"
"2023-02-13T00:00:00.000","76","VALLE DEL CAUCA","76364","JAMUNDI","URBANA","MASCULINO","1"
"2023-02-12T00:00:00.000","76","VALLE DEL CAUCA","76364","JAMUNDI","URBANA","MASCULINO","1"
"2023-02-11T00:00:00.000","76","VALLE DEL CAUCA","76364","JAMUNDI","RURAL","MASCULINO","1"
"2023-02-10T00:00:00.000","76","VALLE DEL CAUCA","76364","JAMUNDI","URBANA","MASCULINO","1"
"2023-02-07T00:00:00.000","76","VALLE DEL CAUCA","76364","JAMUNDI","RURAL","FEMENINO","1"
"2023-02-05T00:00:00.000","76","VALLE DEL CAUCA","76364","JAMUNDI","RURAL","MASCULINO","1"
"2023-02-04T00:00:00.000","76","VALLE DEL CAUCA","76364","JAMUNDI","URBANA","MASCULINO","1"
"2023-02-02T00:00:00.000","76","VALLE DEL CAUCA","76364","JAMUNDI","URBANA","MASCULINO","1"
"2023-02-02T00:00:00.000","76","VALLE DEL CAUCA","76364","JAMUNDI","RURAL","MASCULINO","1"
"2023-02-01T00:00:00.000","76","VALLE DEL CAUCA","76364","JAMUNDI","URBANA","MASCULINO","1"
"2023-02-01T00:00:00.000","76","VALLE DEL CAUCA","76364","JAMUNDI","RURAL","MASCULINO","1"
"2023-01-23T00:00:00.000","76","VALLE DEL CAUCA","76364","JAMUNDI","URBANA","MASCULINO","1"
"2023-01-23T00:00:00.000","76","VALLE DEL CAUCA","76364","JAMUNDI","RURAL","MASCULINO","1"
"2023-01-19T00:00:00.000","76","VALLE DEL CAUCA","76364","JAMUNDI","URBANA","MASCULINO","1"
"2023-01-17T00:00:00.000","76","VALLE DEL CAUCA","76364","JAMUNDI","RURAL","MASCULINO","1"
"2023-01-17T00:00:00.000","76","VALLE DEL CAUCA","76364","JAMUNDI","URBANA","MASCULINO","1"
"2022-12-26T00:00:00.000","76","VALLE DEL CAUCA","76364","JAMUNDI","URBANA","MASCULINO","1"
"2022-12-26T00:00:00.000","76","VALLE DEL CAUCA","76364","JAMUNDI","URBANA","MASCULINO","1"
"2022-12-24T00:00:00.000","76","VALLE DEL CAUCA","76364","JAMUNDI","URBANA","MASCULINO","1"
"2022-12-23T00:00:00.000","76","VALLE DEL CAUCA","76364","JAMUNDI","RURAL","MASCULINO","1"
"2022-12-20T00:00:00.000","76","VALLE DEL CAUCA","76364","JAMUNDI","URBANA","MASCULINO","1"
"2022-12-18T00:00:00.000","76","VALLE DEL CAUCA","76364","JAMUNDI","URBANA","MASCULINO","1"
"2022-12-11T00:00:00.000","76","VALLE DEL CAUCA","76364","JAMUNDI","URBANA","MASCULINO","1"
"2022-12-11T00:00:00.000","76","VALLE DEL CAUCA","76364","JAMUNDI","URBANA","MASCULINO","1"
"2022-12-09T00:00:00.000","76","VALLE DEL CAUCA","76364","JAMUNDI","URBANA","MASCULINO","1"
"2022-12-08T00:00:00.000","76","VALLE DEL CAUCA","76364","JAMUNDI","URBANA","MASCULINO","1"
"2022-12-03T00:00:00.000","76","VALLE DEL CAUCA","76364","JAMUNDI","URBANA","MASCULINO","1"
"2022-12-01T00:00:00.000","76","VALLE DEL CAUCA","76364","JAMUNDI","URBANA","MASCULINO","1"
"2022-11-28T00:00:00.000","76","VALLE DEL CAUCA","76364","JAMUNDI","URBANA","MASCULINO","1"
"2022-11-19T00:00:00.000","76","VALLE DEL CAUCA","76364","JAMUNDI","URBANA","MASCULINO","1"
"2022-11-18T00:00:00.000","76","VALLE DEL CAUCA","76364","JAMUNDI","RURAL","MASCULINO","1"
"2022-11-14T00:00:00.000","76","VALLE DEL CAUCA","76364","JAMUNDI","URBANA","MASCULINO","1"
"2022-11-04T00:00:00.000","76","VALLE DEL CAUCA","76364","JAMUNDI","URBANA","MASCULINO","1"
"2022-11-04T00:00:00.000","76","VALLE DEL CAUCA","76364","JAMUNDI","RURAL","MASCULINO","1"
"2022-11-04T00:00:00.000","76","VALLE DEL CAUCA","76364","JAMUNDI","URBANA","MASCULINO","1"
"2022-11-01T00:00:00.000","76","VALLE DEL CAUCA","76364","JAMUNDI","URBANA","MASCULINO","1"
"2022-10-31T00:00:00.000","76","VALLE DEL CAUCA","76364","JAMUNDI","URBANA","MASCULINO","1"
"2022-10-21T00:00:00.000","76","VALLE DEL CAUCA","76364","JAMUNDI","URBANA","MASCULINO","1"
"2022-10-20T00:00:00.000","76","VALLE DEL CAUCA","76364","JAMUNDI","RURAL","MASCULINO","1"
"2022-10-19T00:00:00.000","76","VALLE DEL CAUCA","76364","JAMUNDI","URBANA","MASCULINO","1"
"2022-10-15T00:00:00.000","76","VALLE DEL CAUCA","76364","JAMUNDI","URBANA","MASCULINO","1"
"2022-10-14T00:00:00.000","76","VALLE DEL CAUCA","76364","JAMUNDI","URBANA","MASCULINO","1"
"2022-10-10T00:00:00.000","76","VALLE DEL CAUCA","76364","JAMUNDI","URBANA","FEMENINO","1"
"2022-10-03T00:00:00.000","76","VALLE DEL CAUCA","76364","JAMUNDI","URBANA","MASCULINO","1"
"2022-10-01T00:00:00.000","76","VALLE DEL CAUCA","76364","JAMUNDI","RURAL","MASCULINO","1"
"2022-09-24T00:00:00.000","76","VALLE DEL CAUCA","76364","JAMUNDI","URBANA","MASCULINO","1"
"2022-09-20T00:00:00.000","76","VALLE DEL CAUCA","76364","JAMUNDI","RURAL","MASCULINO","1"
"2022-09-20T00:00:00.000","76","VALLE DEL CAUCA","76364","JAMUNDI","URBANA","MASCULINO","1"
"2022-09-17T00:00:00.000","76","VALLE DEL CAUCA","76364","JAMUNDI","RURAL","MASCULINO","1"
"2022-09-17T00:00:00.000","76","VALLE DEL CAUCA","76364","JAMUNDI","RURAL","MASCULINO","1"
"2022-09-09T00:00:00.000","76","VALLE DEL CAUCA","76364","JAMUNDI","RURAL","MASCULINO","1"
"2022-09-09T00:00:00.000","76","VALLE DEL CAUCA","76364","JAMUNDI","RURAL","MASCULINO","1"
"2022-09-07T00:00:00.000","76","VALLE DEL CAUCA","76364","JAMUNDI","URBANA","MASCULINO","1"
"2022-09-04T00:00:00.000","76","VALLE DEL CAUCA","76364","JAMUNDI","RURAL","MASCULINO","1"
"2022-09-03T00:00:00.000","76","VALLE DEL CAUCA","76364","JAMUNDI","RURAL","MASCULINO","1"
"2022-09-01T00:00:00.000","76","VALLE DEL CAUCA","76364","JAMUNDI","URBANA","MASCULINO","1"
"2022-08-28T00:00:00.000","76","VALLE DEL CAUCA","76364","JAMUNDI","URBANA","MASCULINO","1"
"2022-08-28T00:00:00.000","76","VALLE DEL CAUCA","76364","JAMUNDI","RURAL","MASCULINO","1"
"2022-08-25T00:00:00.000","76","VALLE DEL CAUCA","76364","JAMUNDI","URBANA","MASCULINO","1"
"2022-08-25T00:00:00.000","76","VALLE DEL CAUCA","76364","JAMUNDI","URBANA","MASCULINO","1"
"2022-08-15T00:00:00.000","76","VALLE DEL CAUCA","76364","JAMUNDI","URBANA","MASCULINO","1"
"2022-08-11T00:00:00.000","76","VALLE DEL CAUCA","76364","JAMUNDI","URBANA","MASCULINO","1"
"2022-08-10T00:00:00.000","76","VALLE DEL CAUCA","76364","JAMUNDI","URBANA","MASCULINO","1"
"2022-08-09T00:00:00.000","76","VALLE DEL CAUCA","76364","JAMUNDI","URBANA","MASCULINO","1"
"2022-08-08T00:00:00.000","76","VALLE DEL CAUCA","76364","JAMUNDI","RURAL","MASCULINO","1"
"2022-08-01T00:00:00.000","76","VALLE DEL CAUCA","76364","JAMUNDI","RURAL","MASCULINO","1"
"2022-07-25T00:00:00.000","76","VALLE DEL CAUCA","76364","JAMUNDI","URBANA","MASCULINO","1"
"2022-07-22T00:00:00.000","76","VALLE DEL CAUCA","76364","JAMUNDI","URBANA","MASCULINO","1"
"2022-07-21T00:00:00.000","76","VALLE DEL CAUCA","76364","JAMUNDI","RURAL","MASCULINO","1"
"2022-07-21T00:00:00.000","76","VALLE DEL CAUCA","76364","JAMUNDI","RURAL","MASCULINO","1"
"2022-07-14T00:00:00.000","76","VALLE DEL CAUCA","76364","JAMUNDI","RURAL","MASCULINO","1"
"2022-07-09T00:00:00.000","76","VALLE DEL CAUCA","76364","JAMUNDI","URBANA","MASCULINO","1"
"2022-06-30T00:00:00.000","76","VALLE DEL CAUCA","76364","JAMUNDI","URBANA","MASCULINO","1"
"2022-06-21T00:00:00.000","76","VALLE DEL CAUCA","76364","JAMUNDI","URBANA","MASCULINO","1"
"2022-06-16T00:00:00.000","76","VALLE DEL CAUCA","76364","JAMUNDI","URBANA","FEMENINO","1"
"2022-06-16T00:00:00.000","76","VALLE DEL CAUCA","76364","JAMUNDI","URBANA","MASCULINO","1"
"2022-06-12T00:00:00.000","76","VALLE DEL CAUCA","76364","JAMUNDI","URBANA","MASCULINO","1"
"2022-05-28T00:00:00.000","76","VALLE DEL CAUCA","76364","JAMUNDI","URBANA","MASCULINO","1"
"2022-05-26T00:00:00.000","76","VALLE DEL CAUCA","76364","JAMUNDI","URBANA","MASCULINO","1"
"2022-05-26T00:00:00.000","76","VALLE DEL CAUCA","76364","JAMUNDI","URBANA","FEMENINO","1"
"2022-05-22T00:00:00.000","76","VALLE DEL CAUCA","76364","JAMUNDI","RURAL","MASCULINO","1"
"2022-05-18T00:00:00.000","76","VALLE DEL CAUCA","76364","JAMUNDI","URBANA","MASCULINO","1"
"2022-05-13T00:00:00.000","76","VALLE DEL CAUCA","76364","JAMUNDI","URBANA","MASCULINO","1"
"2022-05-09T00:00:00.000","76","VALLE DEL CAUCA","76364","JAMUNDI","RURAL","MASCULINO","1"
"2022-05-09T00:00:00.000","76","VALLE DEL CAUCA","76364","JAMUNDI","RURAL","MASCULINO","1"
"2022-05-06T00:00:00.000","76","VALLE DEL CAUCA","76364","JAMUNDI","URBANA","MASCULINO","1"
"2022-05-06T00:00:00.000","76","VALLE DEL CAUCA","76364","JAMUNDI","RURAL","MASCULINO","1"
"2022-05-05T00:00:00.000","76","VALLE DEL CAUCA","76364","JAMUNDI","RURAL","MASCULINO","1"
"2022-05-04T00:00:00.000","76","VALLE DEL CAUCA","76364","JAMUNDI","RURAL","MASCULINO","1"
"2022-05-04T00:00:00.000","76","VALLE DEL CAUCA","76364","JAMUNDI","URBANA","MASCULINO","1"
"2022-05-03T00:00:00.000","76","VALLE DEL CAUCA","76364","JAMUNDI","URBANA","MASCULINO","1"
"2022-04-25T00:00:00.000","76","VALLE DEL CAUCA","76364","JAMUNDI","URBANA","MASCULINO","1"
"2022-04-25T00:00:00.000","76","VALLE DEL CAUCA","76364","JAMUNDI","URBANA","FEMENINO","1"
"2022-04-24T00:00:00.000","76","VALLE DEL CAUCA","76364","JAMUNDI","RURAL","MASCULINO","1"
"2022-04-16T00:00:00.000","76","VALLE DEL CAUCA","76364","JAMUNDI","RURAL","MASCULINO","1"
"2022-04-15T00:00:00.000","76","VALLE DEL CAUCA","76364","JAMUNDI","RURAL","MASCULINO","1"
"2022-04-11T00:00:00.000","76","VALLE DEL CAUCA","76364","JAMUNDI","RURAL","MASCULINO","1"
"2022-04-05T00:00:00.000","76","VALLE DEL CAUCA","76364","JAMUNDI","RURAL","MASCULINO","1"
"2022-04-05T00:00:00.000","76","VALLE DEL CAUCA","76364","JAMUNDI","URBANA","MASCULINO","1"
"2022-03-20T00:00:00.000","76","VALLE DEL CAUCA","76364","JAMUNDI","URBANA","MASCULINO","1"
"2022-03-18T00:00:00.000","76","VALLE DEL CAUCA","76364","JAMUNDI","RURAL","MASCULINO","1"
"2022-03-04T00:00:00.000","76","VALLE DEL CAUCA","76364","JAMUNDI","URBANA","MASCULINO","1"
"2022-02-28T00:00:00.000","76","VALLE DEL CAUCA","76364","JAMUNDI","URBANA","MASCULINO","1"
"2022-02-28T00:00:00.000","76","VALLE DEL CAUCA","76364","JAMUNDI","URBANA","MASCULINO","1"
"2022-02-26T00:00:00.000","76","VALLE DEL CAUCA","76364","JAMUNDI","RURAL","MASCULINO","1"
"2022-02-24T00:00:00.000","76","VALLE DEL CAUCA","76364","JAMUNDI","RURAL","MASCULINO","1"
"2022-02-17T00:00:00.000","76","VALLE DEL CAUCA","76364","JAMUNDI","RURAL","MASCULINO","1"
"2022-02-14T00:00:00.000","76","VALLE DEL CAUCA","76364","JAMUNDI","RURAL","MASCULINO","1"
"2022-02-13T00:00:00.000","76","VALLE DEL CAUCA","76364","JAMUNDI","URBANA","MASCULINO","1"
"2022-02-12T00:00:00.000","76","VALLE DEL CAUCA","76364","JAMUNDI","URBANA","MASCULINO","1"
"2022-02-09T00:00:00.000","76","VALLE DEL CAUCA","76364","JAMUNDI","RURAL","MASCULINO","1"
"2022-02-03T00:00:00.000","76","VALLE DEL CAUCA","76364","JAMUNDI","URBANA","MASCULINO","1"
"2022-01-28T00:00:00.000","76","VALLE DEL CAUCA","76364","JAMUNDI","RURAL","MASCULINO","1"
"2022-01-28T00:00:00.000","76","VALLE DEL CAUCA","76364","JAMUNDI","RURAL","MASCULINO","1"
"2022-01-24T00:00:00.000","76","VALLE DEL CAUCA","76364","JAMUNDI","RURAL","MASCULINO","1"
"2022-01-21T00:00:00.000","76","VALLE DEL CAUCA","76364","JAMUNDI","RURAL","MASCULINO","1"
"2022-01-21T00:00:00.000","76","VALLE DEL CAUCA","76364","JAMUNDI","RURAL","MASCULINO","1"
"2022-01-11T00:00:00.000","76","VALLE DEL CAUCA","76364","JAMUNDI","URBANA","MASCULINO","1"
"2022-01-03T00:00:00.000","76","VALLE DEL CAUCA","76364","JAMUNDI","RURAL","MASCULINO","1"
"2022-01-03T00:00:00.000","76","VALLE DEL CAUCA","76364","JAMUNDI","RURAL","MASCULINO","1"
"2022-01-03T00:00:00.000","76","VALLE DEL CAUCA","76364","JAMUNDI","RURAL","MASCULINO","1"
"2022-01-02T00:00:00.000","76","VALLE DEL CAUCA","76364","JAMUNDI","RURAL","MASCULINO","1"
"2021-12-30T00:00:00.000","76","VALLE DEL CAUCA","76364","JAMUNDI","RURAL","MASCULINO","1"
"2021-12-30T00:00:00.000","76","VALLE DEL CAUCA","76364","JAMUNDI","URBANA","MASCULINO","1"
"2021-12-29T00:00:00.000","76","VALLE DEL CAUCA","76364","JAMUNDI","RURAL","FEMENINO","1"
"2021-12-25T00:00:00.000","76","VALLE DEL CAUCA","76364","JAMUNDI","RURAL","MASCULINO","1"
"2021-12-24T00:00:00.000","76","VALLE DEL CAUCA","76364","JAMUNDI","RURAL","MASCULINO","1"
"2021-12-22T00:00:00.000","76","VALLE DEL CAUCA","76364","JAMUNDI","RURAL","MASCULINO","1"
"2021-12-22T00:00:00.000","76","VALLE DEL CAUCA","76364","JAMUNDI","RURAL","MASCULINO","1"
"2021-12-19T00:00:00.000","76","VALLE DEL CAUCA","76364","JAMUNDI","URBANA","MASCULINO","1"
"2021-12-17T00:00:00.000","76","VALLE DEL CAUCA","76364","JAMUNDI","URBANA","MASCULINO","1"
"2021-12-11T00:00:00.000","76","VALLE DEL CAUCA","76364","JAMUNDI","URBANA","MASCULINO","1"
"2021-12-05T00:00:00.000","76","VALLE DEL CAUCA","76364","JAMUNDI","RURAL","MASCULINO","1"
"2021-11-28T00:00:00.000","76","VALLE DEL CAUCA","76364","JAMUNDI","URBANA","MASCULINO","1"
"2021-11-27T00:00:00.000","76","VALLE DEL CAUCA","76364","JAMUNDI","URBANA","MASCULINO","1"
"2021-11-27T00:00:00.000","76","VALLE DEL CAUCA","76364","JAMUNDI","URBANA","MASCULINO","1"
"2021-11-27T00:00:00.000","76","VALLE DEL CAUCA","76364","JAMUNDI","RURAL","MASCULINO","1"
"2021-11-26T00:00:00.000","76","VALLE DEL CAUCA","76364","JAMUNDI","RURAL","MASCULINO","1"
"2021-11-24T00:00:00.000","76","VALLE DEL CAUCA","76364","JAMUNDI","URBANA","MASCULINO","1"
"2021-11-22T00:00:00.000","76","VALLE DEL CAUCA","76364","JAMUNDI","RURAL","MASCULINO","1"
"2021-11-11T00:00:00.000","76","VALLE DEL CAUCA","76364","JAMUNDI","URBANA","FEMENINO","1"
"2021-11-09T00:00:00.000","76","VALLE DEL CAUCA","76364","JAMUNDI","URBANA","MASCULINO","1"
"2021-11-09T00:00:00.000","76","VALLE DEL CAUCA","76364","JAMUNDI","URBANA","MASCULINO","1"
"2021-11-03T00:00:00.000","76","VALLE DEL CAUCA","76364","JAMUNDI","URBANA","MASCULINO","1"
"2021-11-01T00:00:00.000","76","VALLE DEL CAUCA","76364","JAMUNDI","RURAL","MASCULINO","1"
"2021-10-31T00:00:00.000","76","VALLE DEL CAUCA","76364","JAMUNDI","URBANA","MASCULINO","1"
"2021-10-29T00:00:00.000","76","VALLE DEL CAUCA","76364","JAMUNDI","URBANA","FEMENINO","1"
"2021-10-26T00:00:00.000","76","VALLE DEL CAUCA","76364","JAMUNDI","RURAL","MASCULINO","1"
"2021-10-21T00:00:00.000","76","VALLE DEL CAUCA","76364","JAMUNDI","RURAL","MASCULINO","1"
"2021-10-10T00:00:00.000","76","VALLE DEL CAUCA","76364","JAMUNDI","RURAL","MASCULINO","1"
"2021-09-29T00:00:00.000","76","VALLE DEL CAUCA","76364","JAMUNDI","RURAL","MASCULINO","1"
"2021-09-25T00:00:00.000","76","VALLE DEL CAUCA","76364","JAMUNDI","URBANA","MASCULINO","1"
"2021-09-22T00:00:00.000","76","VALLE DEL CAUCA","76364","JAMUNDI","URBANA","FEMENINO","1"
"2021-09-22T00:00:00.000","76","VALLE DEL CAUCA","76364","JAMUNDI","URBANA","MASCULINO","1"
"2021-09-18T00:00:00.000","76","VALLE DEL CAUCA","76364","JAMUNDI","URBANA","MASCULINO","1"
"2021-09-10T00:00:00.000","76","VALLE DEL CAUCA","76364","JAMUNDI","URBANA","MASCULINO","1"
"2021-09-04T00:00:00.000","76","VALLE DEL CAUCA","76364","JAMUNDI","URBANA","MASCULINO","1"
"2021-08-31T00:00:00.000","76","VALLE DEL CAUCA","76364","JAMUNDI","URBANA","MASCULINO","1"
"2021-08-29T00:00:00.000","76","VALLE DEL CAUCA","76364","JAMUNDI","URBANA","MASCULINO","1"
"2021-08-28T00:00:00.000","76","VALLE DEL CAUCA","76364","JAMUNDI","RURAL","MASCULINO","1"
"2021-08-27T00:00:00.000","76","VALLE DEL CAUCA","76364","JAMUNDI","RURAL","MASCULINO","1"
"2021-08-25T00:00:00.000","76","VALLE DEL CAUCA","76364","JAMUNDI","URBANA","MASCULINO","1"
"2021-08-23T00:00:00.000","76","VALLE DEL CAUCA","76364","JAMUNDI","URBANA","MASCULINO","1"
"2021-08-23T00:00:00.000","76","VALLE DEL CAUCA","76364","JAMUNDI","URBANA","MASCULINO","1"
"2021-08-21T00:00:00.000","76","VALLE DEL CAUCA","76364","JAMUNDI","URBANA","MASCULINO","1"
"2021-08-21T00:00:00.000","76","VALLE DEL CAUCA","76364","JAMUNDI","URBANA","FEMENINO","1"
"2021-08-20T00:00:00.000","76","VALLE DEL CAUCA","76364","JAMUNDI","URBANA","MASCULINO","1"
"2021-08-01T00:00:00.000","76","VALLE DEL CAUCA","76364","JAMUNDI","URBANA","MASCULINO","1"
"2021-08-01T00:00:00.000","76","VALLE DEL CAUCA","76364","JAMUNDI","RURAL","MASCULINO","1"
"2021-07-31T00:00:00.000","76","VALLE DEL CAUCA","76364","JAMUNDI","RURAL","MASCULINO","1"
"2021-07-31T00:00:00.000","76","VALLE DEL CAUCA","76364","JAMUNDI","URBANA","MASCULINO","1"
"2021-07-28T00:00:00.000","76","VALLE DEL CAUCA","76364","JAMUNDI","URBANA","MASCULINO","1"
"2021-07-26T00:00:00.000","76","VALLE DEL CAUCA","76364","JAMUNDI","URBANA","MASCULINO","1"
"2021-07-23T00:00:00.000","76","VALLE DEL CAUCA","76364","JAMUNDI","URBANA","MASCULINO","1"
"2021-07-23T00:00:00.000","76","VALLE DEL CAUCA","76364","JAMUNDI","URBANA","MASCULINO","1"
"2021-07-22T00:00:00.000","76","VALLE DEL CAUCA","76364","JAMUNDI","URBANA","MASCULINO","1"
"2021-07-21T00:00:00.000","76","VALLE DEL CAUCA","76364","JAMUNDI","RURAL","FEMENINO","1"
"2021-07-10T00:00:00.000","76","VALLE DEL CAUCA","76364","JAMUNDI","URBANA","MASCULINO","1"
"2021-07-09T00:00:00.000","76","VALLE DEL CAUCA","76364","JAMUNDI","URBANA","MASCULINO","1"
"2021-07-08T00:00:00.000","76","VALLE DEL CAUCA","76364","JAMUNDI","URBANA","MASCULINO","1"
"2021-07-08T00:00:00.000","76","VALLE DEL CAUCA","76364","JAMUNDI","RURAL","MASCULINO","1"
"2021-07-08T00:00:00.000","76","VALLE DEL CAUCA","76364","JAMUNDI","URBANA","MASCULINO","1"
"2021-07-07T00:00:00.000","76","VALLE DEL CAUCA","76364","JAMUNDI","URBANA","MASCULINO","1"
"2021-07-06T00:00:00.000","76","VALLE DEL CAUCA","76364","JAMUNDI","URBANA","MASCULINO","1"
"2021-07-06T00:00:00.000","76","VALLE DEL CAUCA","76364","JAMUNDI","URBANA","MASCULINO","1"
"2021-07-06T00:00:00.000","76","VALLE DEL CAUCA","76364","JAMUNDI","RURAL","MASCULINO","1"
"2021-07-04T00:00:00.000","76","VALLE DEL CAUCA","76364","JAMUNDI","URBANA","MASCULINO","1"
"2021-06-27T00:00:00.000","76","VALLE DEL CAUCA","76364","JAMUNDI","URBANA","MASCULINO","1"
"2021-06-24T00:00:00.000","76","VALLE DEL CAUCA","76364","JAMUNDI","URBANA","MASCULINO","1"
"2021-06-24T00:00:00.000","76","VALLE DEL CAUCA","76364","JAMUNDI","URBANA","MASCULINO","1"
"2021-06-20T00:00:00.000","76","VALLE DEL CAUCA","76364","JAMUNDI","URBANA","MASCULINO","1"
"2021-06-17T00:00:00.000","76","VALLE DEL CAUCA","76364","JAMUNDI","RURAL","MASCULINO","1"
"2021-06-04T00:00:00.000","76","VALLE DEL CAUCA","76364","JAMUNDI","URBANA","MASCULINO","1"
"2021-06-02T00:00:00.000","76","VALLE DEL CAUCA","76364","JAMUNDI","RURAL","MASCULINO","1"
"2021-05-31T00:00:00.000","76","VALLE DEL CAUCA","76364","JAMUNDI","URBANA","MASCULINO","1"
"2021-05-26T00:00:00.000","76","VALLE DEL CAUCA","76364","JAMUNDI","URBANA","FEMENINO","1"
"2021-05-26T00:00:00.000","76","VALLE DEL CAUCA","76364","JAMUNDI","URBANA","MASCULINO","1"
"2021-05-15T00:00:00.000","76","VALLE DEL CAUCA","76364","JAMUNDI","URBANA","MASCULINO","1"
"2021-05-13T00:00:00.000","76","VALLE DEL CAUCA","76364","JAMUNDI","URBANA","MASCULINO","1"
"2021-05-12T00:00:00.000","76","VALLE DEL CAUCA","76364","JAMUNDI","URBANA","MASCULINO","1"
"2021-05-08T00:00:00.000","76","VALLE DEL CAUCA","76364","JAMUNDI","URBANA","MASCULINO","1"
"2021-04-29T00:00:00.000","76","VALLE DEL CAUCA","76364","JAMUNDI","URBANA","MASCULINO","1"
"2021-04-27T00:00:00.000","76","VALLE DEL CAUCA","76364","JAMUNDI","URBANA","MASCULINO","1"
"2021-04-25T00:00:00.000","76","VALLE DEL CAUCA","76364","JAMUNDI","RURAL","MASCULINO","1"
"2021-04-20T00:00:00.000","76","VALLE DEL CAUCA","76364","JAMUNDI","URBANA","MASCULINO","1"
"2021-04-11T00:00:00.000","76","VALLE DEL CAUCA","76364","JAMUNDI","RURAL","MASCULINO","1"
"2021-04-10T00:00:00.000","76","VALLE DEL CAUCA","76364","JAMUNDI","URBANA","MASCULINO","1"
"2021-04-09T00:00:00.000","76","VALLE DEL CAUCA","76364","JAMUNDI","URBANA","MASCULINO","1"
"2021-03-28T00:00:00.000","76","VALLE DEL CAUCA","76364","JAMUNDI","RURAL","MASCULINO","1"
"2021-03-28T00:00:00.000","76","VALLE DEL CAUCA","76364","JAMUNDI","RURAL","FEMENINO","1"
"2021-03-28T00:00:00.000","76","VALLE DEL CAUCA","76364","JAMUNDI","RURAL","MASCULINO","1"
"2021-03-21T00:00:00.000","76","VALLE DEL CAUCA","76364","JAMUNDI","RURAL","MASCULINO","1"
"2021-03-20T00:00:00.000","76","VALLE DEL CAUCA","76364","JAMUNDI","URBANA","MASCULINO","1"
"2021-03-20T00:00:00.000","76","VALLE DEL CAUCA","76364","JAMUNDI","URBANA","MASCULINO","1"
"2021-03-15T00:00:00.000","76","VALLE DEL CAUCA","76364","JAMUNDI","RURAL","MASCULINO","1"
"2021-03-15T00:00:00.000","76","VALLE DEL CAUCA","76364","JAMUNDI","RURAL","MASCULINO","1"
"2021-03-10T00:00:00.000","76","VALLE DEL CAUCA","76364","JAMUNDI","URBANA","MASCULINO","1"
"2021-02-28T00:00:00.000","76","VALLE DEL CAUCA","76364","JAMUNDI","URBANA","MASCULINO","1"
"2021-02-27T00:00:00.000","76","VALLE DEL CAUCA","76364","JAMUNDI","URBANA","MASCULINO","1"
"2021-02-20T00:00:00.000","76","VALLE DEL CAUCA","76364","JAMUNDI","RURAL","MASCULINO","1"
"2021-02-20T00:00:00.000","76","VALLE DEL CAUCA","76364","JAMUNDI","RURAL","MASCULINO","1"
"2021-02-19T00:00:00.000","76","VALLE DEL CAUCA","76364","JAMUNDI","URBANA","MASCULINO","1"
"2021-02-16T00:00:00.000","76","VALLE DEL CAUCA","76364","JAMUNDI","RURAL","MASCULINO","1"
"2021-02-16T00:00:00.000","76","VALLE DEL CAUCA","76364","JAMUNDI","RURAL","MASCULINO","1"
"2021-01-31T00:00:00.000","76","VALLE DEL CAUCA","76364","JAMUNDI","RURAL","MASCULINO","1"
"2021-01-30T00:00:00.000","76","VALLE DEL CAUCA","76364","JAMUNDI","RURAL","MASCULINO","1"
"2021-01-30T00:00:00.000","76","VALLE DEL CAUCA","76364","JAMUNDI","URBANA","MASCULINO","1"
"2021-01-29T00:00:00.000","76","VALLE DEL CAUCA","76364","JAMUNDI","RURAL","MASCULINO","1"
"2021-01-29T00:00:00.000","76","VALLE DEL CAUCA","76364","JAMUNDI","RURAL","MASCULINO","1"
"2021-01-29T00:00:00.000","76","VALLE DEL CAUCA","76364","JAMUNDI","RURAL","MASCULINO","1"
"2021-01-28T00:00:00.000","76","VALLE DEL CAUCA","76364","JAMUNDI","RURAL","MASCULINO","1"
"2021-01-26T00:00:00.000","76","VALLE DEL CAUCA","76364","JAMUNDI","URBANA","MASCULINO","1"
"2021-01-19T00:00:00.000","76","VALLE DEL CAUCA","76364","JAMUNDI","RURAL","MASCULINO","1"
"2021-01-13T00:00:00.000","76","VALLE DEL CAUCA","76364","JAMUNDI","RURAL","MASCULINO","1"
"2021-01-06T00:00:00.000","76","VALLE DEL CAUCA","76364","JAMUNDI","RURAL","FEMENINO","1"
"2021-01-06T00:00:00.000","76","VALLE DEL CAUCA","76364","JAMUNDI","URBANA","MASCULINO","1"
"2020-12-28T00:00:00.000","76","VALLE DEL CAUCA","76364","JAMUNDI","URBANA","MASCULINO","1"
"2020-12-27T00:00:00.000","76","VALLE DEL CAUCA","76364","JAMUNDI","URBANA","MASCULINO","1"
"2020-12-22T00:00:00.000","76","VALLE DEL CAUCA","76364","JAMUNDI","URBANA","MASCULINO","1"
"2020-12-20T00:00:00.000","76","VALLE DEL CAUCA","76364","JAMUNDI","RURAL","MASCULINO","1"
"2020-12-18T00:00:00.000","76","VALLE DEL CAUCA","76364","JAMUNDI","URBANA","MASCULINO","1"
"2020-12-17T00:00:00.000","76","VALLE DEL CAUCA","76364","JAMUNDI","URBANA","MASCULINO","1"
"2020-12-15T00:00:00.000","76","VALLE DEL CAUCA","76364","JAMUNDI","URBANA","MASCULINO","1"
"2020-12-13T00:00:00.000","76","VALLE DEL CAUCA","76364","JAMUNDI","RURAL","MASCULINO","1"
"2020-12-11T00:00:00.000","76","VALLE DEL CAUCA","76364","JAMUNDI","RURAL","MASCULINO","1"
"2020-12-11T00:00:00.000","76","VALLE DEL CAUCA","76364","JAMUNDI","RURAL","MASCULINO","1"
"2020-12-06T00:00:00.000","76","VALLE DEL CAUCA","76364","JAMUNDI","RURAL","MASCULINO","1"
"2020-12-01T00:00:00.000","76","VALLE DEL CAUCA","76364","JAMUNDI","URBANA","MASCULINO","1"
"2020-11-25T00:00:00.000","76","VALLE DEL CAUCA","76364","JAMUNDI","RURAL","MASCULINO","1"
"2020-11-22T00:00:00.000","76","VALLE DEL CAUCA","76364","JAMUNDI","RURAL","MASCULINO","1"
"2020-11-18T00:00:00.000","76","VALLE DEL CAUCA","76364","JAMUNDI","URBANA","MASCULINO","1"
"2020-11-07T00:00:00.000","76","VALLE DEL CAUCA","76364","JAMUNDI","RURAL","MASCULINO","1"
"2020-11-06T00:00:00.000","76","VALLE DEL CAUCA","76364","JAMUNDI","URBANA","MASCULINO","1"
"2020-11-02T00:00:00.000","76","VALLE DEL CAUCA","76364","JAMUNDI","URBANA","MASCULINO","1"
"2020-10-29T00:00:00.000","76","VALLE DEL CAUCA","76364","JAMUNDI","RURAL","MASCULINO","1"
"2020-10-11T00:00:00.000","76","VALLE DEL CAUCA","76364","JAMUNDI","URBANA","MASCULINO","1"
"2020-10-11T00:00:00.000","76","VALLE DEL CAUCA","76364","JAMUNDI","URBANA","MASCULINO","1"
"2020-10-09T00:00:00.000","76","VALLE DEL CAUCA","76364","JAMUNDI","RURAL","MASCULINO","1"
"2020-10-09T00:00:00.000","76","VALLE DEL CAUCA","76364","JAMUNDI","RURAL","MASCULINO","1"
"2020-10-09T00:00:00.000","76","VALLE DEL CAUCA","76364","JAMUNDI","RURAL","MASCULINO","1"
"2020-10-09T00:00:00.000","76","VALLE DEL CAUCA","76364","JAMUNDI","RURAL","MASCULINO","1"
"2020-10-08T00:00:00.000","76","VALLE DEL CAUCA","76364","JAMUNDI","URBANA","MASCULINO","1"
"2020-10-07T00:00:00.000","76","VALLE DEL CAUCA","76364","JAMUNDI","RURAL","MASCULINO","1"
"2020-10-05T00:00:00.000","76","VALLE DEL CAUCA","76364","JAMUNDI","RURAL","MASCULINO","1"
"2020-10-04T00:00:00.000","76","VALLE DEL CAUCA","76364","JAMUNDI","URBANA","MASCULINO","1"
"2020-10-01T00:00:00.000","76","VALLE DEL CAUCA","76364","JAMUNDI","URBANA","MASCULINO","1"
"2020-09-28T00:00:00.000","76","VALLE DEL CAUCA","76364","JAMUNDI","RURAL","MASCULINO","1"
"2020-09-28T00:00:00.000","76","VALLE DEL CAUCA","76364","JAMUNDI","RURAL","MASCULINO","1"
"2020-09-26T00:00:00.000","76","VALLE DEL CAUCA","76364","JAMUNDI","URBANA","MASCULINO","1"
"2020-09-25T00:00:00.000","76","VALLE DEL CAUCA","76364","JAMUNDI","RURAL","FEMENINO","1"
"2020-09-22T00:00:00.000","76","VALLE DEL CAUCA","76364","JAMUNDI","URBANA","MASCULINO","1"
"2020-09-20T00:00:00.000","76","VALLE DEL CAUCA","76364","JAMUNDI","URBANA","MASCULINO","1"
"2020-09-20T00:00:00.000","76","VALLE DEL CAUCA","76364","JAMUNDI","URBANA","MASCULINO","1"
"2020-09-20T00:00:00.000","76","VALLE DEL CAUCA","76364","JAMUNDI","RURAL","MASCULINO","1"
"2020-09-19T00:00:00.000","76","VALLE DEL CAUCA","76364","JAMUNDI","RURAL","MASCULINO","1"
"2020-09-17T00:00:00.000","76","VALLE DEL CAUCA","76364","JAMUNDI","URBANA","MASCULINO","1"
"2020-09-11T00:00:00.000","76","VALLE DEL CAUCA","76364","JAMUNDI","RURAL","MASCULINO","1"
"2020-09-11T00:00:00.000","76","VALLE DEL CAUCA","76364","JAMUNDI","RURAL","MASCULINO","1"
"2020-09-06T00:00:00.000","76","VALLE DEL CAUCA","76364","JAMUNDI","URBANA","MASCULINO","1"
"2020-09-06T00:00:00.000","76","VALLE DEL CAUCA","76364","JAMUNDI","RURAL","MASCULINO","1"
"2020-08-30T00:00:00.000","76","VALLE DEL CAUCA","76364","JAMUNDI","RURAL","MASCULINO","1"
"2020-08-28T00:00:00.000","76","VALLE DEL CAUCA","76364","JAMUNDI","URBANA","MASCULINO","1"
"2020-08-28T00:00:00.000","76","VALLE DEL CAUCA","76364","JAMUNDI","URBANA","FEMENINO","1"
"2020-08-20T00:00:00.000","76","VALLE DEL CAUCA","76364","JAMUNDI","RURAL","FEMENINO","1"
"2020-08-19T00:00:00.000","76","VALLE DEL CAUCA","76364","JAMUNDI","RURAL","MASCULINO","1"
"2020-08-17T00:00:00.000","76","VALLE DEL CAUCA","76364","JAMUNDI","RURAL","MASCULINO","1"
"2020-08-12T00:00:00.000","76","VALLE DEL CAUCA","76364","JAMUNDI","URBANA","MASCULINO","1"
"2020-08-11T00:00:00.000","76","VALLE DEL CAUCA","76364","JAMUNDI","RURAL","MASCULINO","1"
"2020-08-11T00:00:00.000","76","VALLE DEL CAUCA","76364","JAMUNDI","URBANA","MASCULINO","1"
"2020-08-09T00:00:00.000","76","VALLE DEL CAUCA","76364","JAMUNDI","RURAL","MASCULINO","1"
"2020-08-08T00:00:00.000","76","VALLE DEL CAUCA","76364","JAMUNDI","URBANA","MASCULINO","1"
"2020-07-28T00:00:00.000","76","VALLE DEL CAUCA","76364","JAMUNDI","URBANA","MASCULINO","1"
"2020-07-16T00:00:00.000","76","VALLE DEL CAUCA","76364","JAMUNDI","RURAL","MASCULINO","1"
"2020-07-13T00:00:00.000","76","VALLE DEL CAUCA","76364","JAMUNDI","URBANA","MASCULINO","1"
"2020-07-12T00:00:00.000","76","VALLE DEL CAUCA","76364","JAMUNDI","URBANA","MASCULINO","1"
"2020-07-01T00:00:00.000","76","VALLE DEL CAUCA","76364","JAMUNDI","RURAL","FEMENINO","1"
"2020-06-30T00:00:00.000","76","VALLE DEL CAUCA","76364","JAMUNDI","RURAL","MASCULINO","1"
"2020-06-30T00:00:00.000","76","VALLE DEL CAUCA","76364","JAMUNDI","RURAL","FEMENINO","1"
"2020-06-26T00:00:00.000","76","VALLE DEL CAUCA","76364","JAMUNDI","URBANA","MASCULINO","1"
"2020-06-18T00:00:00.000","76","VALLE DEL CAUCA","76364","JAMUNDI","RURAL","MASCULINO","1"
"2020-06-18T00:00:00.000","76","VALLE DEL CAUCA","76364","JAMUNDI","URBANA","MASCULINO","1"
"2020-06-18T00:00:00.000","76","VALLE DEL CAUCA","76364","JAMUNDI","URBANA","MASCULINO","1"
"2020-06-14T00:00:00.000","76","VALLE DEL CAUCA","76364","JAMUNDI","URBANA","MASCULINO","1"
"2020-05-23T00:00:00.000","76","VALLE DEL CAUCA","76364","JAMUNDI","URBANA","MASCULINO","1"
"2020-05-16T00:00:00.000","76","VALLE DEL CAUCA","76364","JAMUNDI","URBANA","MASCULINO","1"
"2020-05-07T00:00:00.000","76","VALLE DEL CAUCA","76364","JAMUNDI","RURAL","MASCULINO","1"
"2020-05-02T00:00:00.000","76","VALLE DEL CAUCA","76364","JAMUNDI","RURAL","MASCULINO","1"
"2020-05-02T00:00:00.000","76","VALLE DEL CAUCA","76364","JAMUNDI","RURAL","MASCULINO","1"
"2020-04-30T00:00:00.000","76","VALLE DEL CAUCA","76364","JAMUNDI","URBANA","MASCULINO","1"
"2020-04-25T00:00:00.000","76","VALLE DEL CAUCA","76364","JAMUNDI","URBANA","MASCULINO","1"
"2020-04-11T00:00:00.000","76","VALLE DEL CAUCA","76364","JAMUNDI","RURAL","MASCULINO","1"
"2020-04-09T00:00:00.000","76","VALLE DEL CAUCA","76364","JAMUNDI","URBANA","MASCULINO","1"
"2020-04-09T00:00:00.000","76","VALLE DEL CAUCA","76364","JAMUNDI","RURAL","MASCULINO","1"
"2020-04-08T00:00:00.000","76","VALLE DEL CAUCA","76364","JAMUNDI","RURAL","MASCULINO","1"
"2020-04-04T00:00:00.000","76","VALLE DEL CAUCA","76364","JAMUNDI","URBANA","MASCULINO","1"
"2020-03-15T00:00:00.000","76","VALLE DEL CAUCA","76364","JAMUNDI","RURAL","MASCULINO","1"
"2020-03-12T00:00:00.000","76","VALLE DEL CAUCA","76364","JAMUNDI","URBANA","MASCULINO","1"
"2020-03-08T00:00:00.000","76","VALLE DEL CAUCA","76364","JAMUNDI","RURAL","MASCULINO","1"
"2020-03-03T00:00:00.000","76","VALLE DEL CAUCA","76364","JAMUNDI","RURAL","MASCULINO","1"
"2020-02-25T00:00:00.000","76","VALLE DEL CAUCA","76364","JAMUNDI","RURAL","MASCULINO","1"
"2020-02-22T00:00:00.000","76","VALLE DEL CAUCA","76364","JAMUNDI","URBANA","MASCULINO","1"
"2020-02-12T00:00:00.000","76","VALLE DEL CAUCA","76364","JAMUNDI","URBANA","MASCULINO","1"
"2020-02-05T00:00:00.000","76","VALLE DEL CAUCA","76364","JAMUNDI","URBANA","MASCULINO","1"
"2020-01-29T00:00:00.000","76","VALLE DEL CAUCA","76364","JAMUNDI","URBANA","MASCULINO","1"
"2020-01-28T00:00:00.000","76","VALLE DEL CAUCA","76364","JAMUNDI","URBANA","MASCULINO","1"
"2020-01-25T00:00:00.000","76","VALLE DEL CAUCA","76364","JAMUNDI","URBANA","MASCULINO","1"
"2020-01-22T00:00:00.000","76","VALLE DEL CAUCA","76364","JAMUNDI","URBANA","MASCULINO","1"
"2020-01-20T00:00:00.000","76","VALLE DEL CAUCA","76364","JAMUNDI","URBANA","MASCULINO","1"
"2020-01-17T00:00:00.000","76","VALLE DEL CAUCA","76364","JAMUNDI","RURAL","MASCULINO","1"
"2020-01-16T00:00:00.000","76","VALLE DEL CAUCA","76364","JAMUNDI","RURAL","MASCULINO","1"
"2020-01-16T00:00:00.000","76","VALLE DEL CAUCA","76364","JAMUNDI","RURAL","MASCULINO","1"
"2020-01-16T00:00:00.000","76","VALLE DEL CAUCA","76364","JAMUNDI","RURAL","MASCULINO","1"
"2020-01-16T00:00:00.000","76","VALLE DEL CAUCA","76364","JAMUNDI","RURAL","MASCULINO","1"
"2020-01-16T00:00:00.000","76","VALLE DEL CAUCA","76364","JAMUNDI","RURAL","MASCULINO","1"
"2020-01-16T00:00:00.000","76","VALLE DEL CAUCA","76364","JAMUNDI","URBANA","MASCULINO","1"
"2020-01-16T00:00:00.000","76","VALLE DEL CAUCA","76364","JAMUNDI","URBANA","MASCULINO","1"
"2020-01-09T00:00:00.000","76","VALLE DEL CAUCA","76364","JAMUNDI","RURAL","FEMENINO","1"
"2020-01-09T00:00:00.000","76","VALLE DEL CAUCA","76364","JAMUNDI","URBANA","MASCULINO","1"
"2019-12-28T00:00:00.000","76","VALLE DEL CAUCA","76364","JAMUNDI","RURAL","MASCULINO","1"
"2019-12-26T00:00:00.000","76","VALLE DEL CAUCA","76364","JAMUNDI","RURAL","MASCULINO","1"
"2019-12-26T00:00:00.000","76","VALLE DEL CAUCA","76364","JAMUNDI","URBANA","MASCULINO","1"
"2019-12-25T00:00:00.000","76","VALLE DEL CAUCA","76364","JAMUNDI","URBANA","MASCULINO","1"
"2019-12-23T00:00:00.000","76","VALLE DEL CAUCA","76364","JAMUNDI","RURAL","MASCULINO","1"
"2019-12-20T00:00:00.000","76","VALLE DEL CAUCA","76364","JAMUNDI","URBANA","MASCULINO","1"
"2019-12-19T00:00:00.000","76","VALLE DEL CAUCA","76364","JAMUNDI","RURAL","MASCULINO","1"
"2019-12-13T00:00:00.000","76","VALLE DEL CAUCA","76364","JAMUNDI","RURAL","MASCULINO","1"
"2019-12-07T00:00:00.000","76","VALLE DEL CAUCA","76364","JAMUNDI","URBANA","MASCULINO","1"
"2019-12-07T00:00:00.000","76","VALLE DEL CAUCA","76364","JAMUNDI","URBANA","MASCULINO","1"
"2019-11-30T00:00:00.000","76","VALLE DEL CAUCA","76364","JAMUNDI","RURAL","MASCULINO","1"
"2019-11-25T00:00:00.000","76","VALLE DEL CAUCA","76364","JAMUNDI","RURAL","MASCULINO","1"
"2019-11-20T00:00:00.000","76","VALLE DEL CAUCA","76364","JAMUNDI","URBANA","MASCULINO","1"
"2019-11-20T00:00:00.000","76","VALLE DEL CAUCA","76364","JAMUNDI","URBANA","MASCULINO","1"
"2019-11-18T00:00:00.000","76","VALLE DEL CAUCA","76364","JAMUNDI","URBANA","MASCULINO","1"
"2019-11-11T00:00:00.000","76","VALLE DEL CAUCA","76364","JAMUNDI","RURAL","MASCULINO","1"
"2019-11-05T00:00:00.000","76","VALLE DEL CAUCA","76364","JAMUNDI","URBANA","MASCULINO","1"
"2019-11-01T00:00:00.000","76","VALLE DEL CAUCA","76364","JAMUNDI","RURAL","MASCULINO","1"
"2019-10-28T00:00:00.000","76","VALLE DEL CAUCA","76364","JAMUNDI","URBANA","MASCULINO","1"
"2019-10-18T00:00:00.000","76","VALLE DEL CAUCA","76364","JAMUNDI","RURAL","MASCULINO","1"
"2019-10-18T00:00:00.000","76","VALLE DEL CAUCA","76364","JAMUNDI","RURAL","FEMENINO","1"
"2019-10-18T00:00:00.000","76","VALLE DEL CAUCA","76364","JAMUNDI","RURAL","MASCULINO","1"
"2019-10-18T00:00:00.000","76","VALLE DEL CAUCA","76364","JAMUNDI","RURAL","MASCULINO","1"
"2019-10-14T00:00:00.000","76","VALLE DEL CAUCA","76364","JAMUNDI","URBANA","MASCULINO","1"
"2019-10-06T00:00:00.000","76","VALLE DEL CAUCA","76364","JAMUNDI","RURAL","MASCULINO","1"
"2019-09-29T00:00:00.000","76","VALLE DEL CAUCA","76364","JAMUNDI","RURAL","MASCULINO","1"
"2019-09-27T00:00:00.000","76","VALLE DEL CAUCA","76364","JAMUNDI","RURAL","MASCULINO","1"
"2019-09-26T00:00:00.000","76","VALLE DEL CAUCA","76364","JAMUNDI","RURAL","MASCULINO","1"
"2019-09-15T00:00:00.000","76","VALLE DEL CAUCA","76364","JAMUNDI","URBANA","MASCULINO","1"
"2019-09-06T00:00:00.000","76","VALLE DEL CAUCA","76364","JAMUNDI","URBANA","MASCULINO","1"
"2019-09-05T00:00:00.000","76","VALLE DEL CAUCA","76364","JAMUNDI","RURAL","MASCULINO","1"
"2019-09-04T00:00:00.000","76","VALLE DEL CAUCA","76364","JAMUNDI","URBANA","MASCULINO","1"
"2019-08-31T00:00:00.000","76","VALLE DEL CAUCA","76364","JAMUNDI","URBANA","MASCULINO","1"
"2019-08-25T00:00:00.000","76","VALLE DEL CAUCA","76364","JAMUNDI","URBANA","FEMENINO","1"
"2019-08-04T00:00:00.000","76","VALLE DEL CAUCA","76364","JAMUNDI","URBANA","FEMENINO","1"
"2019-07-24T00:00:00.000","76","VALLE DEL CAUCA","76364","JAMUNDI","RURAL","MASCULINO","1"
"2019-07-24T00:00:00.000","76","VALLE DEL CAUCA","76364","JAMUNDI","RURAL","MASCULINO","1"
"2019-07-23T00:00:00.000","76","VALLE DEL CAUCA","76364","JAMUNDI","RURAL","MASCULINO","1"
"2019-06-19T00:00:00.000","76","VALLE DEL CAUCA","76364","JAMUNDI","RURAL","MASCULINO","1"
"2019-06-19T00:00:00.000","76","VALLE DEL CAUCA","76364","JAMUNDI","URBANA","MASCULINO","1"
"2019-06-17T00:00:00.000","76","VALLE DEL CAUCA","76364","JAMUNDI","URBANA","MASCULINO","1"
"2019-06-16T00:00:00.000","76","VALLE DEL CAUCA","76364","JAMUNDI","URBANA","MASCULINO","1"
"2019-06-16T00:00:00.000","76","VALLE DEL CAUCA","76364","JAMUNDI","RURAL","MASCULINO","1"
"2019-06-07T00:00:00.000","76","VALLE DEL CAUCA","76364","JAMUNDI","RURAL","MASCULINO","1"
"2019-06-03T00:00:00.000","76","VALLE DEL CAUCA","76364","JAMUNDI","URBANA","MASCULINO","1"
"2019-06-02T00:00:00.000","76","VALLE DEL CAUCA","76364","JAMUNDI","URBANA","MASCULINO","1"
"2019-05-22T00:00:00.000","76","VALLE DEL CAUCA","76364","JAMUNDI","RURAL","MASCULINO","1"
"2019-05-22T00:00:00.000","76","VALLE DEL CAUCA","76364","JAMUNDI","RURAL","MASCULINO","1"
"2019-05-18T00:00:00.000","76","VALLE DEL CAUCA","76364","JAMUNDI","URBANA","MASCULINO","1"
"2019-05-06T00:00:00.000","76","VALLE DEL CAUCA","76364","JAMUNDI","RURAL","MASCULINO","1"
"2019-04-29T00:00:00.000","76","VALLE DEL CAUCA","76364","JAMUNDI","RURAL","MASCULINO","1"
"2019-04-13T00:00:00.000","76","VALLE DEL CAUCA","76364","JAMUNDI","URBANA","MASCULINO","1"
"2019-04-01T00:00:00.000","76","VALLE DEL CAUCA","76364","JAMUNDI","URBANA","MASCULINO","1"
"2019-03-27T00:00:00.000","76","VALLE DEL CAUCA","76364","JAMUNDI","RURAL","FEMENINO","1"
"2019-03-26T00:00:00.000","76","VALLE DEL CAUCA","76364","JAMUNDI","URBANA","MASCULINO","1"
"2019-03-10T00:00:00.000","76","VALLE DEL CAUCA","76364","JAMUNDI","RURAL","MASCULINO","1"
"2019-03-08T00:00:00.000","76","VALLE DEL CAUCA","76364","JAMUNDI","URBANA","MASCULINO","1"
"2019-03-03T00:00:00.000","76","VALLE DEL CAUCA","76364","JAMUNDI","URBANA","MASCULINO","1"
"2019-02-26T00:00:00.000","76","VALLE DEL CAUCA","76364","JAMUNDI","URBANA","MASCULINO","1"
"2019-02-09T00:00:00.000","76","VALLE DEL CAUCA","76364","JAMUNDI","URBANA","MASCULINO","1"
"2019-02-09T00:00:00.000","76","VALLE DEL CAUCA","76364","JAMUNDI","URBANA","MASCULINO","1"
"2019-02-06T00:00:00.000","76","VALLE DEL CAUCA","76364","JAMUNDI","RURAL","MASCULINO","1"
"2019-02-05T00:00:00.000","76","VALLE DEL CAUCA","76364","JAMUNDI","URBANA","MASCULINO","1"
"2019-02-01T00:00:00.000","76","VALLE DEL CAUCA","76364","JAMUNDI","URBANA","MASCULINO","1"
"2019-01-25T00:00:00.000","76","VALLE DEL CAUCA","76364","JAMUNDI","URBANA","FEMENINO","1"
"2019-01-18T00:00:00.000","76","VALLE DEL CAUCA","76364","JAMUNDI","RURAL","MASCULINO","1"
"2019-01-18T00:00:00.000","76","VALLE DEL CAUCA","76364","JAMUNDI","URBANA","FEMENINO","1"
"2019-01-12T00:00:00.000","76","VALLE DEL CAUCA","76364","JAMUNDI","URBANA","FEMENINO","1"
"2019-01-11T00:00:00.000","76","VALLE DEL CAUCA","76364","JAMUNDI","RURAL","MASCULINO","1"
"2019-01-11T00:00:00.000","76","VALLE DEL CAUCA","76364","JAMUNDI","RURAL","MASCULINO","1"
"2019-01-11T00:00:00.000","76","VALLE DEL CAUCA","76364","JAMUNDI","RURAL","MASCULINO","1"
"2019-01-11T00:00:00.000","76","VALLE DEL CAUCA","76364","JAMUNDI","RURAL","MASCULINO","1"
"2018-12-31T00:00:00.000","76","VALLE DEL CAUCA","76364","JAMUNDI","URBANA","MASCULINO","1"
"2018-12-28T00:00:00.000","76","VALLE DEL CAUCA","76364","JAMUNDI","URBANA","MASCULINO","1"
"2018-12-22T00:00:00.000","76","VALLE DEL CAUCA","76364","JAMUNDI","RURAL","MASCULINO","1"
"2018-12-17T00:00:00.000","76","VALLE DEL CAUCA","76364","JAMUNDI","RURAL","MASCULINO","1"
"2018-12-17T00:00:00.000","76","VALLE DEL CAUCA","76364","JAMUNDI","URBANA","MASCULINO","1"
"2018-12-17T00:00:00.000","76","VALLE DEL CAUCA","76364","JAMUNDI","URBANA","MASCULINO","1"
"2018-12-15T00:00:00.000","76","VALLE DEL CAUCA","76364","JAMUNDI","RURAL","MASCULINO","1"
"2018-12-09T00:00:00.000","76","VALLE DEL CAUCA","76364","JAMUNDI","URBANA","FEMENINO","1"
"2018-12-09T00:00:00.000","76","VALLE DEL CAUCA","76364","JAMUNDI","URBANA","MASCULINO","1"
"2018-12-08T00:00:00.000","76","VALLE DEL CAUCA","76364","JAMUNDI","URBANA","MASCULINO","1"
"2018-12-07T00:00:00.000","76","VALLE DEL CAUCA","76364","JAMUNDI","URBANA","MASCULINO","1"
"2018-11-30T00:00:00.000","76","VALLE DEL CAUCA","76364","JAMUNDI","RURAL","FEMENINO","1"
"2018-11-27T00:00:00.000","76","VALLE DEL CAUCA","76364","JAMUNDI","URBANA","MASCULINO","1"
"2018-11-27T00:00:00.000","76","VALLE DEL CAUCA","76364","JAMUNDI","URBANA","MASCULINO","1"
"2018-11-27T00:00:00.000","76","VALLE DEL CAUCA","76364","JAMUNDI","URBANA","FEMENINO","1"
"2018-11-24T00:00:00.000","76","VALLE DEL CAUCA","76364","JAMUNDI","RURAL","MASCULINO","1"
"2018-11-22T00:00:00.000","76","VALLE DEL CAUCA","76364","JAMUNDI","RURAL","MASCULINO","1"
"2018-11-16T00:00:00.000","76","VALLE DEL CAUCA","76364","JAMUNDI","URBANA","MASCULINO","1"
"2018-11-06T00:00:00.000","76","VALLE DEL CAUCA","76364","JAMUNDI","URBANA","MASCULINO","1"
"2018-11-05T00:00:00.000","76","VALLE DEL CAUCA","76364","JAMUNDI","RURAL","MASCULINO","1"
"2018-11-03T00:00:00.000","76","VALLE DEL CAUCA","76364","JAMUNDI","URBANA","FEMENINO","1"
"2018-10-28T00:00:00.000","76","VALLE DEL CAUCA","76364","JAMUNDI","URBANA","MASCULINO","1"
"2018-10-28T00:00:00.000","76","VALLE DEL CAUCA","76364","JAMUNDI","URBANA","FEMENINO","1"
"2018-10-26T00:00:00.000","76","VALLE DEL CAUCA","76364","JAMUNDI","URBANA","MASCULINO","1"
"2018-10-26T00:00:00.000","76","VALLE DEL CAUCA","76364","JAMUNDI","URBANA","MASCULINO","1"
"2018-10-15T00:00:00.000","76","VALLE DEL CAUCA","76364","JAMUNDI","URBANA","MASCULINO","1"
"2018-10-12T00:00:00.000","76","VALLE DEL CAUCA","76364","JAMUNDI","RURAL","MASCULINO","1"
"2018-10-12T00:00:00.000","76","VALLE DEL CAUCA","76364","JAMUNDI","RURAL","MASCULINO","1"
"2018-10-03T00:00:00.000","76","VALLE DEL CAUCA","76364","JAMUNDI","RURAL","MASCULINO","1"
"2018-09-30T00:00:00.000","76","VALLE DEL CAUCA","76364","JAMUNDI","RURAL","MASCULINO","1"
"2018-09-29T00:00:00.000","76","VALLE DEL CAUCA","76364","JAMUNDI","RURAL","MASCULINO","1"
"2018-09-27T00:00:00.000","76","VALLE DEL CAUCA","76364","JAMUNDI","URBANA","MASCULINO","1"
"2018-09-27T00:00:00.000","76","VALLE DEL CAUCA","76364","JAMUNDI","URBANA","MASCULINO","1"
"2018-09-23T00:00:00.000","76","VALLE DEL CAUCA","76364","JAMUNDI","URBANA","MASCULINO","1"
"2018-09-23T00:00:00.000","76","VALLE DEL CAUCA","76364","JAMUNDI","URBANA","MASCULINO","1"
"2018-09-22T00:00:00.000","76","VALLE DEL CAUCA","76364","JAMUNDI","RURAL","MASCULINO","1"
"2018-09-20T00:00:00.000","76","VALLE DEL CAUCA","76364","JAMUNDI","RURAL","MASCULINO","1"
"2018-09-10T00:00:00.000","76","VALLE DEL CAUCA","76364","JAMUNDI","RURAL","MASCULINO","1"
"2018-09-06T00:00:00.000","76","VALLE DEL CAUCA","76364","JAMUNDI","RURAL","MASCULINO","1"
"2018-09-02T00:00:00.000","76","VALLE DEL CAUCA","76364","JAMUNDI","URBANA","MASCULINO","1"
"2018-09-02T00:00:00.000","76","VALLE DEL CAUCA","76364","JAMUNDI","RURAL","MASCULINO","1"
"2018-08-26T00:00:00.000","76","VALLE DEL CAUCA","76364","JAMUNDI","URBANA","FEMENINO","1"
"2018-08-24T00:00:00.000","76","VALLE DEL CAUCA","76364","JAMUNDI","URBANA","MASCULINO","1"
"2018-08-24T00:00:00.000","76","VALLE DEL CAUCA","76364","JAMUNDI","URBANA","MASCULINO","1"
"2018-08-21T00:00:00.000","76","VALLE DEL CAUCA","76364","JAMUNDI","RURAL","MASCULINO","1"
"2018-08-10T00:00:00.000","76","VALLE DEL CAUCA","76364","JAMUNDI","URBANA","MASCULINO","1"
"2018-07-30T00:00:00.000","76","VALLE DEL CAUCA","76364","JAMUNDI","URBANA","MASCULINO","1"
"2018-07-28T00:00:00.000","76","VALLE DEL CAUCA","76364","JAMUNDI","RURAL","FEMENINO","1"
"2018-07-24T00:00:00.000","76","VALLE DEL CAUCA","76364","JAMUNDI","URBANA","FEMENINO","1"
"2018-07-24T00:00:00.000","76","VALLE DEL CAUCA","76364","JAMUNDI","RURAL","MASCULINO","1"
"2018-07-15T00:00:00.000","76","VALLE DEL CAUCA","76364","JAMUNDI","RURAL","MASCULINO","1"
"2018-07-14T00:00:00.000","76","VALLE DEL CAUCA","76364","JAMUNDI","URBANA","MASCULINO","1"
"2018-07-13T00:00:00.000","76","VALLE DEL CAUCA","76364","JAMUNDI","RURAL","MASCULINO","1"
"2018-07-09T00:00:00.000","76","VALLE DEL CAUCA","76364","JAMUNDI","URBANA","MASCULINO","1"
"2018-07-08T00:00:00.000","76","VALLE DEL CAUCA","76364","JAMUNDI","URBANA","MASCULINO","1"
"2018-07-03T00:00:00.000","76","VALLE DEL CAUCA","76364","JAMUNDI","RURAL","MASCULINO","1"
"2018-07-01T00:00:00.000","76","VALLE DEL CAUCA","76364","JAMUNDI","RURAL","MASCULINO","1"
"2018-05-21T00:00:00.000","76","VALLE DEL CAUCA","76364","JAMUNDI","RURAL","MASCULINO","1"
"2018-05-21T00:00:00.000","76","VALLE DEL CAUCA","76364","JAMUNDI","URBANA","MASCULINO","1"
"2018-05-20T00:00:00.000","76","VALLE DEL CAUCA","76364","JAMUNDI","RURAL","MASCULINO","1"
"2018-05-16T00:00:00.000","76","VALLE DEL CAUCA","76364","JAMUNDI","URBANA","MASCULINO","1"
"2018-05-13T00:00:00.000","76","VALLE DEL CAUCA","76364","JAMUNDI","URBANA","MASCULINO","1"
"2018-05-10T00:00:00.000","76","VALLE DEL CAUCA","76364","JAMUNDI","RURAL","MASCULINO","1"
"2018-05-08T00:00:00.000","76","VALLE DEL CAUCA","76364","JAMUNDI","RURAL","MASCULINO","1"
"2018-05-03T00:00:00.000","76","VALLE DEL CAUCA","76364","JAMUNDI","RURAL","MASCULINO","1"
"2018-04-25T00:00:00.000","76","VALLE DEL CAUCA","76364","JAMUNDI","RURAL","MASCULINO","1"
"2018-04-23T00:00:00.000","76","VALLE DEL CAUCA","76364","JAMUNDI","URBANA","MASCULINO","1"
"2018-04-23T00:00:00.000","76","VALLE DEL CAUCA","76364","JAMUNDI","URBANA","FEMENINO","1"
"2018-04-22T00:00:00.000","76","VALLE DEL CAUCA","76364","JAMUNDI","RURAL","MASCULINO","1"
"2018-04-17T00:00:00.000","76","VALLE DEL CAUCA","76364","JAMUNDI","URBANA","MASCULINO","1"
"2018-04-14T00:00:00.000","76","VALLE DEL CAUCA","76364","JAMUNDI","RURAL","MASCULINO","1"
"2018-04-14T00:00:00.000","76","VALLE DEL CAUCA","76364","JAMUNDI","RURAL","MASCULINO","1"
"2018-04-14T00:00:00.000","76","VALLE DEL CAUCA","76364","JAMUNDI","RURAL","MASCULINO","1"
"2018-04-14T00:00:00.000","76","VALLE DEL CAUCA","76364","JAMUNDI","RURAL","MASCULINO","1"
"2018-04-14T00:00:00.000","76","VALLE DEL CAUCA","76364","JAMUNDI","RURAL","MASCULINO","1"
"2018-04-14T00:00:00.000","76","VALLE DEL CAUCA","76364","JAMUNDI","RURAL","MASCULINO","2"
"2018-04-10T00:00:00.000","76","VALLE DEL CAUCA","76364","JAMUNDI","URBANA","MASCULINO","1"
"2018-04-08T00:00:00.000","76","VALLE DEL CAUCA","76364","JAMUNDI","RURAL","MASCULINO","1"
"2018-04-07T00:00:00.000","76","VALLE DEL CAUCA","76364","JAMUNDI","URBANA","MASCULINO","1"
"2018-04-06T00:00:00.000","76","VALLE DEL CAUCA","76364","JAMUNDI","URBANA","MASCULINO","1"
"2018-04-03T00:00:00.000","76","VALLE DEL CAUCA","76364","JAMUNDI","URBANA","MASCULINO","1"
"2018-03-25T00:00:00.000","76","VALLE DEL CAUCA","76364","JAMUNDI","URBANA","MASCULINO","1"
"2018-03-18T00:00:00.000","76","VALLE DEL CAUCA","76364","JAMUNDI","URBANA","MASCULINO","1"
"2018-03-16T00:00:00.000","76","VALLE DEL CAUCA","76364","JAMUNDI","URBANA","MASCULINO","1"
"2018-03-09T00:00:00.000","76","VALLE DEL CAUCA","76364","JAMUNDI","URBANA","MASCULINO","1"
"2018-03-05T00:00:00.000","76","VALLE DEL CAUCA","76364","JAMUNDI","URBANA","MASCULINO","1"
"2018-03-03T00:00:00.000","76","VALLE DEL CAUCA","76364","JAMUNDI","URBANA","MASCULINO","1"
"2018-02-28T00:00:00.000","76","VALLE DEL CAUCA","76364","JAMUNDI","RURAL","MASCULINO","1"
"2018-02-28T00:00:00.000","76","VALLE DEL CAUCA","76364","JAMUNDI","RURAL","MASCULINO","1"
"2018-02-24T00:00:00.000","76","VALLE DEL CAUCA","76364","JAMUNDI","RURAL","FEMENINO","1"
"2018-02-16T00:00:00.000","76","VALLE DEL CAUCA","76364","JAMUNDI","URBANA","FEMENINO","1"
"2018-02-15T00:00:00.000","76","VALLE DEL CAUCA","76364","JAMUNDI","URBANA","MASCULINO","1"
"2018-02-06T00:00:00.000","76","VALLE DEL CAUCA","76364","JAMUNDI","URBANA","MASCULINO","1"
"2018-02-04T00:00:00.000","76","VALLE DEL CAUCA","76364","JAMUNDI","URBANA","MASCULINO","1"
"2018-01-27T00:00:00.000","76","VALLE DEL CAUCA","76364","JAMUNDI","RURAL","MASCULINO","1"
"2018-01-24T00:00:00.000","76","VALLE DEL CAUCA","76364","JAMUNDI","URBANA","FEMENINO","1"
"2018-01-23T00:00:00.000","76","VALLE DEL CAUCA","76364","JAMUNDI","RURAL","MASCULINO","1"
"2018-01-23T00:00:00.000","76","VALLE DEL CAUCA","76364","JAMUNDI","URBANA","MASCULINO","1"
"2018-01-23T00:00:00.000","76","VALLE DEL CAUCA","76364","JAMUNDI","RURAL","MASCULINO","1"
"2018-01-19T00:00:00.000","76","VALLE DEL CAUCA","76364","JAMUNDI","URBANA","MASCULINO","1"
"2018-01-19T00:00:00.000","76","VALLE DEL CAUCA","76364","JAMUNDI","URBANA","MASCULINO","1"
"2018-01-16T00:00:00.000","76","VALLE DEL CAUCA","76364","JAMUNDI","RURAL","MASCULINO","1"
"2018-01-06T00:00:00.000","76","VALLE DEL CAUCA","76364","JAMUNDI","URBANA","MASCULINO","1"
"2017-12-29T00:00:00.000","76","VALLE DEL CAUCA","76364","JAMUNDI","URBANA","MASCULINO","1"
"2017-12-29T00:00:00.000","76","VALLE DEL CAUCA","76364","JAMUNDI","RURAL","MASCULINO","1"
"2017-12-27T00:00:00.000","76","VALLE DEL CAUCA","76364","JAMUNDI","URBANA","MASCULINO","1"
"2017-12-27T00:00:00.000","76","VALLE DEL CAUCA","76364","JAMUNDI","URBANA","MASCULINO","1"
"2017-12-25T00:00:00.000","76","VALLE DEL CAUCA","76364","JAMUNDI","URBANA","MASCULINO","1"
"2017-12-22T00:00:00.000","76","VALLE DEL CAUCA","76364","JAMUNDI","URBANA","MASCULINO","1"
"2017-12-13T00:00:00.000","76","VALLE DEL CAUCA","76364","JAMUNDI","URBANA","FEMENINO","1"
"2017-12-08T00:00:00.000","76","VALLE DEL CAUCA","76364","JAMUNDI","RURAL","MASCULINO","1"
"2017-12-04T00:00:00.000","76","VALLE DEL CAUCA","76364","JAMUNDI","URBANA","MASCULINO","1"
"2017-11-30T00:00:00.000","76","VALLE DEL CAUCA","76364","JAMUNDI","URBANA","MASCULINO","1"
"2017-11-19T00:00:00.000","76","VALLE DEL CAUCA","76364","JAMUNDI","URBANA","MASCULINO","1"
"2017-11-19T00:00:00.000","76","VALLE DEL CAUCA","76364","JAMUNDI","URBANA","MASCULINO","1"
"2017-11-14T00:00:00.000","76","VALLE DEL CAUCA","76364","JAMUNDI","RURAL","MASCULINO","1"
"2017-11-12T00:00:00.000","76","VALLE DEL CAUCA","76364","JAMUNDI","RURAL","MASCULINO","1"
"2017-11-05T00:00:00.000","76","VALLE DEL CAUCA","76364","JAMUNDI","RURAL","MASCULINO","1"
"2017-11-05T00:00:00.000","76","VALLE DEL CAUCA","76364","JAMUNDI","RURAL","MASCULINO","1"
"2017-11-02T00:00:00.000","76","VALLE DEL CAUCA","76364","JAMUNDI","RURAL","MASCULINO","1"
"2017-10-22T00:00:00.000","76","VALLE DEL CAUCA","76364","JAMUNDI","URBANA","MASCULINO","1"
"2017-10-20T00:00:00.000","76","VALLE DEL CAUCA","76364","JAMUNDI","RURAL","MASCULINO","1"
"2017-10-17T00:00:00.000","76","VALLE DEL CAUCA","76364","JAMUNDI","URBANA","MASCULINO","1"
"2017-10-16T00:00:00.000","76","VALLE DEL CAUCA","76364","JAMUNDI","RURAL","MASCULINO","1"
"2017-10-16T00:00:00.000","76","VALLE DEL CAUCA","76364","JAMUNDI","RURAL","MASCULINO","1"
"2017-10-10T00:00:00.000","76","VALLE DEL CAUCA","76364","JAMUNDI","RURAL","MASCULINO","1"
"2017-10-10T00:00:00.000","76","VALLE DEL CAUCA","76364","JAMUNDI","RURAL","MASCULINO","1"
"2017-10-06T00:00:00.000","76","VALLE DEL CAUCA","76364","JAMUNDI","URBANA","MASCULINO","1"
"2017-09-26T00:00:00.000","76","VALLE DEL CAUCA","76364","JAMUNDI","URBANA","MASCULINO","1"
"2017-09-26T00:00:00.000","76","VALLE DEL CAUCA","76364","JAMUNDI","RURAL","MASCULINO","1"
"2017-09-18T00:00:00.000","76","VALLE DEL CAUCA","76364","JAMUNDI","URBANA","MASCULINO","1"
"2017-09-14T00:00:00.000","76","VALLE DEL CAUCA","76364","JAMUNDI","URBANA","MASCULINO","1"
"2017-09-09T00:00:00.000","76","VALLE DEL CAUCA","76364","JAMUNDI","RURAL","MASCULINO","1"
"2017-09-07T00:00:00.000","76","VALLE DEL CAUCA","76364","JAMUNDI","RURAL","MASCULINO","1"
"2017-09-04T00:00:00.000","76","VALLE DEL CAUCA","76364","JAMUNDI","URBANA","MASCULINO","1"
"2017-08-30T00:00:00.000","76","VALLE DEL CAUCA","76364","JAMUNDI","URBANA","MASCULINO","1"
"2017-08-25T00:00:00.000","76","VALLE DEL CAUCA","76364","JAMUNDI","URBANA","MASCULINO","1"
"2017-08-12T00:00:00.000","76","VALLE DEL CAUCA","76364","JAMUNDI","URBANA","MASCULINO","1"
"2017-08-08T00:00:00.000","76","VALLE DEL CAUCA","76364","JAMUNDI","RURAL","MASCULINO","1"
"2017-08-06T00:00:00.000","76","VALLE DEL CAUCA","76364","JAMUNDI","URBANA","MASCULINO","1"
"2017-08-05T00:00:00.000","76","VALLE DEL CAUCA","76364","JAMUNDI","RURAL","MASCULINO","1"
"2017-08-01T00:00:00.000","76","VALLE DEL CAUCA","76364","JAMUNDI","RURAL","MASCULINO","1"
"2017-08-01T00:00:00.000","76","VALLE DEL CAUCA","76364","JAMUNDI","RURAL","MASCULINO","1"
"2017-07-23T00:00:00.000","76","VALLE DEL CAUCA","76364","JAMUNDI","URBANA","MASCULINO","1"
"2017-07-22T00:00:00.000","76","VALLE DEL CAUCA","76364","JAMUNDI","URBANA","MASCULINO","1"
"2017-07-19T00:00:00.000","76","VALLE DEL CAUCA","76364","JAMUNDI","RURAL","MASCULINO","1"
"2017-07-19T00:00:00.000","76","VALLE DEL CAUCA","76364","JAMUNDI","URBANA","MASCULINO","1"
"2017-07-17T00:00:00.000","76","VALLE DEL CAUCA","76364","JAMUNDI","RURAL","MASCULINO","1"
"2017-07-16T00:00:00.000","76","VALLE DEL CAUCA","76364","JAMUNDI","RURAL","MASCULINO","1"
"2017-07-16T00:00:00.000","76","VALLE DEL CAUCA","76364","JAMUNDI","URBANA","MASCULINO","1"
"2017-07-14T00:00:00.000","76","VALLE DEL CAUCA","76364","JAMUNDI","URBANA","MASCULINO","1"
"2017-07-01T00:00:00.000","76","VALLE DEL CAUCA","76364","JAMUNDI","URBANA","FEMENINO","1"
"2017-07-01T00:00:00.000","76","VALLE DEL CAUCA","76364","JAMUNDI","URBANA","MASCULINO","1"
"2017-06-30T00:00:00.000","76","VALLE DEL CAUCA","76364","JAMUNDI","RURAL","MASCULINO","1"
"2017-06-30T00:00:00.000","76","VALLE DEL CAUCA","76364","JAMUNDI","RURAL","MASCULINO","1"
"2017-06-25T00:00:00.000","76","VALLE DEL CAUCA","76364","JAMUNDI","URBANA","MASCULINO","1"
"2017-06-13T00:00:00.000","76","VALLE DEL CAUCA","76364","JAMUNDI","URBANA","MASCULINO","1"
"2017-06-11T00:00:00.000","76","VALLE DEL CAUCA","76364","JAMUNDI","URBANA","MASCULINO","1"
"2017-06-10T00:00:00.000","76","VALLE DEL CAUCA","76364","JAMUNDI","URBANA","MASCULINO","1"
"2017-06-10T00:00:00.000","76","VALLE DEL CAUCA","76364","JAMUNDI","URBANA","MASCULINO","1"
"2017-06-06T00:00:00.000","76","VALLE DEL CAUCA","76364","JAMUNDI","RURAL","MASCULINO","1"
"2017-06-01T00:00:00.000","76","VALLE DEL CAUCA","76364","JAMUNDI","URBANA","MASCULINO","1"
"2017-05-30T00:00:00.000","76","VALLE DEL CAUCA","76364","JAMUNDI","URBANA","MASCULINO","1"
"2017-05-26T00:00:00.000","76","VALLE DEL CAUCA","76364","JAMUNDI","URBANA","FEMENINO","1"
"2017-05-04T00:00:00.000","76","VALLE DEL CAUCA","76364","JAMUNDI","RURAL","MASCULINO","1"
"2017-05-03T00:00:00.000","76","VALLE DEL CAUCA","76364","JAMUNDI","URBANA","MASCULINO","1"
"2017-04-28T00:00:00.000","76","VALLE DEL CAUCA","76364","JAMUNDI","RURAL","MASCULINO","1"
"2017-04-09T00:00:00.000","76","VALLE DEL CAUCA","76364","JAMUNDI","RURAL","MASCULINO","1"
"2017-04-09T00:00:00.000","76","VALLE DEL CAUCA","76364","JAMUNDI","RURAL","MASCULINO","1"
"2017-04-07T00:00:00.000","76","VALLE DEL CAUCA","76364","JAMUNDI","URBANA","MASCULINO","1"
"2017-04-02T00:00:00.000","76","VALLE DEL CAUCA","76364","JAMUNDI","RURAL","MASCULINO","1"
"2017-03-12T00:00:00.000","76","VALLE DEL CAUCA","76364","JAMUNDI","URBANA","FEMENINO","1"
"2017-03-08T00:00:00.000","76","VALLE DEL CAUCA","76364","JAMUNDI","URBANA","MASCULINO","1"
"2017-03-03T00:00:00.000","76","VALLE DEL CAUCA","76364","JAMUNDI","URBANA","MASCULINO","1"
"2017-02-27T00:00:00.000","76","VALLE DEL CAUCA","76364","JAMUNDI","URBANA","MASCULINO","1"
"2017-02-23T00:00:00.000","76","VALLE DEL CAUCA","76364","JAMUNDI","URBANA","MASCULINO","1"
"2017-02-14T00:00:00.000","76","VALLE DEL CAUCA","76364","JAMUNDI","RURAL","FEMENINO","1"
"2017-02-14T00:00:00.000","76","VALLE DEL CAUCA","76364","JAMUNDI","RURAL","MASCULINO","1"
"2017-02-13T00:00:00.000","76","VALLE DEL CAUCA","76364","JAMUNDI","RURAL","MASCULINO","1"
"2017-02-08T00:00:00.000","76","VALLE DEL CAUCA","76364","JAMUNDI","URBANA","MASCULINO","1"
"2017-02-06T00:00:00.000","76","VALLE DEL CAUCA","76364","JAMUNDI","RURAL","MASCULINO","1"
"2017-02-02T00:00:00.000","76","VALLE DEL CAUCA","76364","JAMUNDI","RURAL","MASCULINO","1"
"2017-01-31T00:00:00.000","76","VALLE DEL CAUCA","76364","JAMUNDI","URBANA","MASCULINO","1"
"2017-01-14T00:00:00.000","76","VALLE DEL CAUCA","76364","JAMUNDI","RURAL","FEMENINO","1"
"2017-01-14T00:00:00.000","76","VALLE DEL CAUCA","76364","JAMUNDI","RURAL","MASCULINO","1"
"2017-01-12T00:00:00.000","76","VALLE DEL CAUCA","76364","JAMUNDI","RURAL","MASCULINO","1"
"2017-01-11T00:00:00.000","76","VALLE DEL CAUCA","76364","JAMUNDI","RURAL","MASCULINO","1"
"2017-01-06T00:00:00.000","76","VALLE DEL CAUCA","76364","JAMUNDI","URBANA","MASCULINO","1"
"2017-01-01T00:00:00.000","76","VALLE DEL CAUCA","76364","JAMUNDI","URBANA","MASCULINO","1"
"2016-12-18T00:00:00.000","76","VALLE DEL CAUCA","76364","JAMUNDI","URBANA","MASCULINO","1"
"2016-12-03T00:00:00.000","76","VALLE DEL CAUCA","76364","JAMUNDI","URBANA","MASCULINO","1"
"2016-12-01T00:00:00.000","76","VALLE DEL CAUCA","76364","JAMUNDI","RURAL","MASCULINO","1"
"2016-11-27T00:00:00.000","76","VALLE DEL CAUCA","76364","JAMUNDI","URBANA","MASCULINO","1"
"2016-11-23T00:00:00.000","76","VALLE DEL CAUCA","76364","JAMUNDI","URBANA","MASCULINO","1"
"2016-11-12T00:00:00.000","76","VALLE DEL CAUCA","76364","JAMUNDI","URBANA","FEMENINO","1"
"2016-11-06T00:00:00.000","76","VALLE DEL CAUCA","76364","JAMUNDI","URBANA","MASCULINO","1"
"2016-11-04T00:00:00.000","76","VALLE DEL CAUCA","76364","JAMUNDI","URBANA","MASCULINO","1"
"2016-11-04T00:00:00.000","76","VALLE DEL CAUCA","76364","JAMUNDI","URBANA","MASCULINO","1"
"2016-10-25T00:00:00.000","76","VALLE DEL CAUCA","76364","JAMUNDI","URBANA","MASCULINO","1"
"2016-10-18T00:00:00.000","76","VALLE DEL CAUCA","76364","JAMUNDI","URBANA","MASCULINO","1"
"2016-10-18T00:00:00.000","76","VALLE DEL CAUCA","76364","JAMUNDI","URBANA","MASCULINO","1"
"2016-10-17T00:00:00.000","76","VALLE DEL CAUCA","76364","JAMUNDI","RURAL","MASCULINO","1"
"2016-10-13T00:00:00.000","76","VALLE DEL CAUCA","76364","JAMUNDI","URBANA","FEMENINO","1"
"2016-10-10T00:00:00.000","76","VALLE DEL CAUCA","76364","JAMUNDI","RURAL","MASCULINO","1"
"2016-10-10T00:00:00.000","76","VALLE DEL CAUCA","76364","JAMUNDI","RURAL","MASCULINO","1"
"2016-10-09T00:00:00.000","76","VALLE DEL CAUCA","76364","JAMUNDI","RURAL","MASCULINO","1"
"2016-10-08T00:00:00.000","76","VALLE DEL CAUCA","76364","JAMUNDI","URBANA","MASCULINO","1"
"2016-10-02T00:00:00.000","76","VALLE DEL CAUCA","76364","JAMUNDI","URBANA","FEMENINO","1"
"2016-09-28T00:00:00.000","76","VALLE DEL CAUCA","76364","JAMUNDI","URBANA","MASCULINO","1"
"2016-09-24T00:00:00.000","76","VALLE DEL CAUCA","76364","JAMUNDI","RURAL","MASCULINO","1"
"2016-09-11T00:00:00.000","76","VALLE DEL CAUCA","76364","JAMUNDI","RURAL","MASCULINO","1"
"2016-09-09T00:00:00.000","76","VALLE DEL CAUCA","76364","JAMUNDI","URBANA","MASCULINO","1"
"2016-09-06T00:00:00.000","76","VALLE DEL CAUCA","76364","JAMUNDI","URBANA","MASCULINO","1"
"2016-09-04T00:00:00.000","76","VALLE DEL CAUCA","76364","JAMUNDI","URBANA","MASCULINO","1"
"2016-08-29T00:00:00.000","76","VALLE DEL CAUCA","76364","JAMUNDI","URBANA","MASCULINO","1"
"2016-08-26T00:00:00.000","76","VALLE DEL CAUCA","76364","JAMUNDI","URBANA","MASCULINO","1"
"2016-08-14T00:00:00.000","76","VALLE DEL CAUCA","76364","JAMUNDI","URBANA","MASCULINO","1"
"2016-08-06T00:00:00.000","76","VALLE DEL CAUCA","76364","JAMUNDI","URBANA","MASCULINO","1"
"2016-08-04T00:00:00.000","76","VALLE DEL CAUCA","76364","JAMUNDI","URBANA","FEMENINO","1"
"2016-07-06T00:00:00.000","76","VALLE DEL CAUCA","76364","JAMUNDI","URBANA","MASCULINO","1"
"2016-07-04T00:00:00.000","76","VALLE DEL CAUCA","76364","JAMUNDI","RURAL","MASCULINO","1"
"2016-07-01T00:00:00.000","76","VALLE DEL CAUCA","76364","JAMUNDI","URBANA","MASCULINO","1"
"2016-06-20T00:00:00.000","76","VALLE DEL CAUCA","76364","JAMUNDI","RURAL","MASCULINO","1"
"2016-06-11T00:00:00.000","76","VALLE DEL CAUCA","76364","JAMUNDI","URBANA","MASCULINO","1"
"2016-06-10T00:00:00.000","76","VALLE DEL CAUCA","76364","JAMUNDI","RURAL","MASCULINO","1"
"2016-06-04T00:00:00.000","76","VALLE DEL CAUCA","76364","JAMUNDI","URBANA","MASCULINO","1"
"2016-05-22T00:00:00.000","76","VALLE DEL CAUCA","76364","JAMUNDI","URBANA","MASCULINO","1"
"2016-05-20T00:00:00.000","76","VALLE DEL CAUCA","76364","JAMUNDI","URBANA","MASCULINO","1"
"2016-05-19T00:00:00.000","76","VALLE DEL CAUCA","76364","JAMUNDI","RURAL","FEMENINO","1"
"2016-05-11T00:00:00.000","76","VALLE DEL CAUCA","76364","JAMUNDI","URBANA","MASCULINO","1"
"2016-05-03T00:00:00.000","76","VALLE DEL CAUCA","76364","JAMUNDI","URBANA","MASCULINO","1"
"2016-05-03T00:00:00.000","76","VALLE DEL CAUCA","76364","JAMUNDI","RURAL","MASCULINO","1"
"2016-05-01T00:00:00.000","76","VALLE DEL CAUCA","76364","JAMUNDI","RURAL","MASCULINO","1"
"2016-05-01T00:00:00.000","76","VALLE DEL CAUCA","76364","JAMUNDI","RURAL","FEMENINO","1"
"2016-04-24T00:00:00.000","76","VALLE DEL CAUCA","76364","JAMUNDI","URBANA","MASCULINO","1"
"2016-04-24T00:00:00.000","76","VALLE DEL CAUCA","76364","JAMUNDI","RURAL","MASCULINO","1"
"2016-04-24T00:00:00.000","76","VALLE DEL CAUCA","76364","JAMUNDI","RURAL","MASCULINO","1"
"2016-04-19T00:00:00.000","76","VALLE DEL CAUCA","76364","JAMUNDI","URBANA","FEMENINO","1"
"2016-04-16T00:00:00.000","76","VALLE DEL CAUCA","76364","JAMUNDI","URBANA","FEMENINO","1"
"2016-03-21T00:00:00.000","76","VALLE DEL CAUCA","76364","JAMUNDI","URBANA","MASCULINO","1"
"2016-03-21T00:00:00.000","76","VALLE DEL CAUCA","76364","JAMUNDI","URBANA","FEMENINO","1"
"2016-03-09T00:00:00.000","76","VALLE DEL CAUCA","76364","JAMUNDI","URBANA","MASCULINO","1"
"2016-03-02T00:00:00.000","76","VALLE DEL CAUCA","76364","JAMUNDI","RURAL","MASCULINO","1"
"2016-03-01T00:00:00.000","76","VALLE DEL CAUCA","76364","JAMUNDI","URBANA","MASCULINO","1"
"2016-02-28T00:00:00.000","76","VALLE DEL CAUCA","76364","JAMUNDI","RURAL","MASCULINO","1"
"2016-02-13T00:00:00.000","76","VALLE DEL CAUCA","76364","JAMUNDI","URBANA","MASCULINO","1"
"2016-02-13T00:00:00.000","76","VALLE DEL CAUCA","76364","JAMUNDI","URBANA","FEMENINO","1"
"2016-01-31T00:00:00.000","76","VALLE DEL CAUCA","76364","JAMUNDI","RURAL","FEMENINO","1"
"2016-01-25T00:00:00.000","76","VALLE DEL CAUCA","76364","JAMUNDI","URBANA","MASCULINO","1"
"2016-01-23T00:00:00.000","76","VALLE DEL CAUCA","76364","JAMUNDI","URBANA","FEMENINO","1"
"2016-01-23T00:00:00.000","76","VALLE DEL CAUCA","76364","JAMUNDI","RURAL","FEMENINO","1"
"2016-01-15T00:00:00.000","76","VALLE DEL CAUCA","76364","JAMUNDI","RURAL","MASCULINO","1"
"2016-01-12T00:00:00.000","76","VALLE DEL CAUCA","76364","JAMUNDI","URBANA","MASCULINO","1"
"2016-01-06T00:00:00.000","76","VALLE DEL CAUCA","76364","JAMUNDI","URBANA","MASCULINO","1"
"2016-01-04T00:00:00.000","76","VALLE DEL CAUCA","76364","JAMUNDI","URBANA","MASCULINO","1"
"2016-01-02T00:00:00.000","76","VALLE DEL CAUCA","76364","JAMUNDI","URBANA","MASCULINO","1"
"2016-01-01T00:00:00.000","76","VALLE DEL CAUCA","76364","JAMUNDI","URBANA","MASCULINO","1"
"2015-12-17T00:00:00.000","76","VALLE DEL CAUCA","76364","JAMUNDI","URBANA","FEMENINO","1"
"2015-12-17T00:00:00.000","76","VALLE DEL CAUCA","76364","JAMUNDI","URBANA","MASCULINO","1"
"2015-12-17T00:00:00.000","76","VALLE DEL CAUCA","76364","JAMUNDI","URBANA","FEMENINO","1"
"2015-12-06T00:00:00.000","76","VALLE DEL CAUCA","76364","JAMUNDI","URBANA","MASCULINO","1"
"2015-12-03T00:00:00.000","76","VALLE DEL CAUCA","76364","JAMUNDI","URBANA","MASCULINO","1"
"2015-11-15T00:00:00.000","76","VALLE DEL CAUCA","76364","JAMUNDI","URBANA","MASCULINO","1"
"2015-11-07T00:00:00.000","76","VALLE DEL CAUCA","76364","JAMUNDI","URBANA","MASCULINO","1"
"2015-11-06T00:00:00.000","76","VALLE DEL CAUCA","76364","JAMUNDI","URBANA","MASCULINO","1"
"2015-10-12T00:00:00.000","76","VALLE DEL CAUCA","76364","JAMUNDI","RURAL","MASCULINO","1"
"2015-10-06T00:00:00.000","76","VALLE DEL CAUCA","76364","JAMUNDI","RURAL","MASCULINO","1"
"2015-10-01T00:00:00.000","76","VALLE DEL CAUCA","76364","JAMUNDI","URBANA","MASCULINO","1"
"2015-09-15T00:00:00.000","76","VALLE DEL CAUCA","76364","JAMUNDI","RURAL","MASCULINO","1"
"2015-09-11T00:00:00.000","76","VALLE DEL CAUCA","76364","JAMUNDI","URBANA","MASCULINO","1"
"2015-09-09T00:00:00.000","76","VALLE DEL CAUCA","76364","JAMUNDI","URBANA","MASCULINO","1"
"2015-08-28T00:00:00.000","76","VALLE DEL CAUCA","76364","JAMUNDI","URBANA","MASCULINO","1"
"2015-08-25T00:00:00.000","76","VALLE DEL CAUCA","76364","JAMUNDI","URBANA","MASCULINO","1"
"2015-08-04T00:00:00.000","76","VALLE DEL CAUCA","76364","JAMUNDI","RURAL","MASCULINO","1"
"2015-07-17T00:00:00.000","76","VALLE DEL CAUCA","76364","JAMUNDI","URBANA","MASCULINO","1"
"2015-07-07T00:00:00.000","76","VALLE DEL CAUCA","76364","JAMUNDI","RURAL","MASCULINO","1"
"2015-07-07T00:00:00.000","76","VALLE DEL CAUCA","76364","JAMUNDI","RURAL","MASCULINO","1"
"2015-07-07T00:00:00.000","76","VALLE DEL CAUCA","76364","JAMUNDI","RURAL","MASCULINO","1"
"2015-07-04T00:00:00.000","76","VALLE DEL CAUCA","76364","JAMUNDI","URBANA","MASCULINO","1"
"2015-07-01T00:00:00.000","76","VALLE DEL CAUCA","76364","JAMUNDI","URBANA","MASCULINO","1"
"2015-06-30T00:00:00.000","76","VALLE DEL CAUCA","76364","JAMUNDI","RURAL","MASCULINO","1"
"2015-06-20T00:00:00.000","76","VALLE DEL CAUCA","76364","JAMUNDI","RURAL","MASCULINO","1"
"2015-06-16T00:00:00.000","76","VALLE DEL CAUCA","76364","JAMUNDI","RURAL","MASCULINO","1"
"2015-06-13T00:00:00.000","76","VALLE DEL CAUCA","76364","JAMUNDI","URBANA","MASCULINO","1"
"2015-06-12T00:00:00.000","76","VALLE DEL CAUCA","76364","JAMUNDI","RURAL","MASCULINO","1"
"2015-06-06T00:00:00.000","76","VALLE DEL CAUCA","76364","JAMUNDI","URBANA","FEMENINO","1"
"2015-06-06T00:00:00.000","76","VALLE DEL CAUCA","76364","JAMUNDI","URBANA","MASCULINO","1"
"2015-06-03T00:00:00.000","76","VALLE DEL CAUCA","76364","JAMUNDI","URBANA","MASCULINO","1"
"2015-05-21T00:00:00.000","76","VALLE DEL CAUCA","76364","JAMUNDI","URBANA","FEMENINO","1"
"2015-05-21T00:00:00.000","76","VALLE DEL CAUCA","76364","JAMUNDI","URBANA","MASCULINO","1"
"2015-05-17T00:00:00.000","76","VALLE DEL CAUCA","76364","JAMUNDI","RURAL","MASCULINO","1"
"2015-05-16T00:00:00.000","76","VALLE DEL CAUCA","76364","JAMUNDI","URBANA","MASCULINO","1"
"2015-05-07T00:00:00.000","76","VALLE DEL CAUCA","76364","JAMUNDI","URBANA","MASCULINO","1"
"2015-05-03T00:00:00.000","76","VALLE DEL CAUCA","76364","JAMUNDI","URBANA","MASCULINO","1"
"2015-05-01T00:00:00.000","76","VALLE DEL CAUCA","76364","JAMUNDI","URBANA","MASCULINO","1"
"2015-04-30T00:00:00.000","76","VALLE DEL CAUCA","76364","JAMUNDI","URBANA","MASCULINO","1"
"2015-04-28T00:00:00.000","76","VALLE DEL CAUCA","76364","JAMUNDI","URBANA","MASCULINO","1"
"2015-04-24T00:00:00.000","76","VALLE DEL CAUCA","76364","JAMUNDI","URBANA","MASCULINO","1"
"2015-04-17T00:00:00.000","76","VALLE DEL CAUCA","76364","JAMUNDI","RURAL","MASCULINO","1"
"2015-04-12T00:00:00.000","76","VALLE DEL CAUCA","76364","JAMUNDI","RURAL","MASCULINO","1"
"2015-04-10T00:00:00.000","76","VALLE DEL CAUCA","76364","JAMUNDI","URBANA","MASCULINO","1"
"2015-04-05T00:00:00.000","76","VALLE DEL CAUCA","76364","JAMUNDI","RURAL","MASCULINO","1"
"2015-04-05T00:00:00.000","76","VALLE DEL CAUCA","76364","JAMUNDI","RURAL","MASCULINO","1"
"2015-04-01T00:00:00.000","76","VALLE DEL CAUCA","76364","JAMUNDI","RURAL","MASCULINO","1"
"2015-04-01T00:00:00.000","76","VALLE DEL CAUCA","76364","JAMUNDI","URBANA","MASCULINO","1"
"2015-03-28T00:00:00.000","76","VALLE DEL CAUCA","76364","JAMUNDI","URBANA","MASCULINO","1"
"2015-03-25T00:00:00.000","76","VALLE DEL CAUCA","76364","JAMUNDI","URBANA","MASCULINO","1"
"2015-03-04T00:00:00.000","76","VALLE DEL CAUCA","76364","JAMUNDI","URBANA","MASCULINO","1"
"2015-03-03T00:00:00.000","76","VALLE DEL CAUCA","76364","JAMUNDI","URBANA","MASCULINO","1"
"2015-02-23T00:00:00.000","76","VALLE DEL CAUCA","76364","JAMUNDI","RURAL","MASCULINO","1"
"2015-02-21T00:00:00.000","76","VALLE DEL CAUCA","76364","JAMUNDI","URBANA","MASCULINO","1"
"2015-02-17T00:00:00.000","76","VALLE DEL CAUCA","76364","JAMUNDI","URBANA","MASCULINO","1"
"2015-02-16T00:00:00.000","76","VALLE DEL CAUCA","76364","JAMUNDI","URBANA","MASCULINO","1"
"2015-02-15T00:00:00.000","76","VALLE DEL CAUCA","76364","JAMUNDI","URBANA","MASCULINO","1"
"2015-02-06T00:00:00.000","76","VALLE DEL CAUCA","76364","JAMUNDI","URBANA","MASCULINO","1"
"2015-01-29T00:00:00.000","76","VALLE DEL CAUCA","76364","JAMUNDI","URBANA","MASCULINO","1"
"2015-01-25T00:00:00.000","76","VALLE DEL CAUCA","76364","JAMUNDI","RURAL","MASCULINO","1"
"2015-01-24T00:00:00.000","76","VALLE DEL CAUCA","76364","JAMUNDI","URBANA","MASCULINO","1"
"2015-01-14T00:00:00.000","76","VALLE DEL CAUCA","76364","JAMUNDI","URBANA","MASCULINO","1"
"2015-01-10T00:00:00.000","76","VALLE DEL CAUCA","76364","JAMUNDI","URBANA","MASCULINO","1"
"2015-01-08T00:00:00.000","76","VALLE DEL CAUCA","76364","JAMUNDI","RURAL","MASCULINO","1"
"2014-12-31T00:00:00.000","76","VALLE DEL CAUCA","76364","JAMUNDI","URBANA","MASCULINO","1"
"2014-12-25T00:00:00.000","76","VALLE DEL CAUCA","76364","JAMUNDI","URBANA","MASCULINO","1"
"2014-12-25T00:00:00.000","76","VALLE DEL CAUCA","76364","JAMUNDI","URBANA","MASCULINO","1"
"2014-12-25T00:00:00.000","76","VALLE DEL CAUCA","76364","JAMUNDI","URBANA","MASCULINO","1"
"2014-12-22T00:00:00.000","76","VALLE DEL CAUCA","76364","JAMUNDI","URBANA","MASCULINO","1"
"2014-12-16T00:00:00.000","76","VALLE DEL CAUCA","76364","JAMUNDI","URBANA","MASCULINO","1"
"2014-12-16T00:00:00.000","76","VALLE DEL CAUCA","76364","JAMUNDI","URBANA","MASCULINO","1"
"2014-12-10T00:00:00.000","76","VALLE DEL CAUCA","76364","JAMUNDI","URBANA","MASCULINO","1"
"2014-12-10T00:00:00.000","76","VALLE DEL CAUCA","76364","JAMUNDI","URBANA","MASCULINO","1"
"2014-11-28T00:00:00.000","76","VALLE DEL CAUCA","76364","JAMUNDI","URBANA","MASCULINO","1"
"2014-11-15T00:00:00.000","76","VALLE DEL CAUCA","76364","JAMUNDI","URBANA","MASCULINO","1"
"2014-11-13T00:00:00.000","76","VALLE DEL CAUCA","76364","JAMUNDI","URBANA","MASCULINO","1"
"2014-11-11T00:00:00.000","76","VALLE DEL CAUCA","76364","JAMUNDI","RURAL","MASCULINO","1"
"2014-11-06T00:00:00.000","76","VALLE DEL CAUCA","76364","JAMUNDI","URBANA","MASCULINO","1"
"2014-10-23T00:00:00.000","76","VALLE DEL CAUCA","76364","JAMUNDI","URBANA","MASCULINO","1"
"2014-10-18T00:00:00.000","76","VALLE DEL CAUCA","76364","JAMUNDI","URBANA","MASCULINO","1"
"2014-10-17T00:00:00.000","76","VALLE DEL CAUCA","76364","JAMUNDI","RURAL","MASCULINO","1"
"2014-10-13T00:00:00.000","76","VALLE DEL CAUCA","76364","JAMUNDI","URBANA","FEMENINO","1"
"2014-10-12T00:00:00.000","76","VALLE DEL CAUCA","76364","JAMUNDI","RURAL","MASCULINO","2"
"2014-09-30T00:00:00.000","76","VALLE DEL CAUCA","76364","JAMUNDI","RURAL","MASCULINO","1"
"2014-09-22T00:00:00.000","76","VALLE DEL CAUCA","76364","JAMUNDI","URBANA","FEMENINO","1"
"2014-09-20T00:00:00.000","76","VALLE DEL CAUCA","76364","JAMUNDI","URBANA","MASCULINO","1"
"2014-09-19T00:00:00.000","76","VALLE DEL CAUCA","76364","JAMUNDI","RURAL","MASCULINO","1"
"2014-09-13T00:00:00.000","76","VALLE DEL CAUCA","76364","JAMUNDI","URBANA","MASCULINO","1"
"2014-09-10T00:00:00.000","76","VALLE DEL CAUCA","76364","JAMUNDI","URBANA","MASCULINO","1"
"2014-09-03T00:00:00.000","76","VALLE DEL CAUCA","76364","JAMUNDI","URBANA","MASCULINO","1"
"2014-09-01T00:00:00.000","76","VALLE DEL CAUCA","76364","JAMUNDI","URBANA","FEMENINO","1"
"2014-08-15T00:00:00.000","76","VALLE DEL CAUCA","76364","JAMUNDI","URBANA","MASCULINO","1"
"2014-08-08T00:00:00.000","76","VALLE DEL CAUCA","76364","JAMUNDI","URBANA","MASCULINO","1"
"2014-08-01T00:00:00.000","76","VALLE DEL CAUCA","76364","JAMUNDI","URBANA","MASCULINO","1"
"2014-07-29T00:00:00.000","76","VALLE DEL CAUCA","76364","JAMUNDI","RURAL","MASCULINO","1"
"2014-07-09T00:00:00.000","76","VALLE DEL CAUCA","76364","JAMUNDI","URBANA","MASCULINO","1"
"2014-07-02T00:00:00.000","76","VALLE DEL CAUCA","76364","JAMUNDI","RURAL","MASCULINO","1"
"2014-06-21T00:00:00.000","76","VALLE DEL CAUCA","76364","JAMUNDI","URBANA","MASCULINO","1"
"2014-06-21T00:00:00.000","76","VALLE DEL CAUCA","76364","JAMUNDI","URBANA","MASCULINO","1"
"2014-06-19T00:00:00.000","76","VALLE DEL CAUCA","76364","JAMUNDI","URBANA","MASCULINO","1"
"2014-06-12T00:00:00.000","76","VALLE DEL CAUCA","76364","JAMUNDI","RURAL","MASCULINO","1"
"2014-06-02T00:00:00.000","76","VALLE DEL CAUCA","76364","JAMUNDI","URBANA","MASCULINO","1"
"2014-06-01T00:00:00.000","76","VALLE DEL CAUCA","76364","JAMUNDI","URBANA","MASCULINO","1"
"2014-05-31T00:00:00.000","76","VALLE DEL CAUCA","76364","JAMUNDI","URBANA","MASCULINO","1"
"2014-05-31T00:00:00.000","76","VALLE DEL CAUCA","76364","JAMUNDI","URBANA","MASCULINO","1"
"2014-05-26T00:00:00.000","76","VALLE DEL CAUCA","76364","JAMUNDI","URBANA","MASCULINO","1"
"2014-05-13T00:00:00.000","76","VALLE DEL CAUCA","76364","JAMUNDI","RURAL","MASCULINO","1"
"2014-05-11T00:00:00.000","76","VALLE DEL CAUCA","76364","JAMUNDI","RURAL","MASCULINO","1"
"2014-05-10T00:00:00.000","76","VALLE DEL CAUCA","76364","JAMUNDI","RURAL","MASCULINO","1"
"2014-05-07T00:00:00.000","76","VALLE DEL CAUCA","76364","JAMUNDI","URBANA","MASCULINO","1"
"2014-04-13T00:00:00.000","76","VALLE DEL CAUCA","76364","JAMUNDI","URBANA","MASCULINO","1"
"2014-04-11T00:00:00.000","76","VALLE DEL CAUCA","76364","JAMUNDI","URBANA","MASCULINO","1"
"2014-04-08T00:00:00.000","76","VALLE DEL CAUCA","76364","JAMUNDI","RURAL","MASCULINO","1"
"2014-03-28T00:00:00.000","76","VALLE DEL CAUCA","76364","JAMUNDI","URBANA","MASCULINO","1"
"2014-03-25T00:00:00.000","76","VALLE DEL CAUCA","76364","JAMUNDI","RURAL","MASCULINO","1"
"2014-03-23T00:00:00.000","76","VALLE DEL CAUCA","76364","JAMUNDI","URBANA","MASCULINO","1"
"2014-03-21T00:00:00.000","76","VALLE DEL CAUCA","76364","JAMUNDI","URBANA","MASCULINO","1"
"2014-03-21T00:00:00.000","76","VALLE DEL CAUCA","76364","JAMUNDI","URBANA","MASCULINO","1"
"2014-03-16T00:00:00.000","76","VALLE DEL CAUCA","76364","JAMUNDI","URBANA","MASCULINO","1"
"2014-03-03T00:00:00.000","76","VALLE DEL CAUCA","76364","JAMUNDI","RURAL","MASCULINO","1"
"2014-02-24T00:00:00.000","76","VALLE DEL CAUCA","76364","JAMUNDI","URBANA","MASCULINO","1"
"2014-02-17T00:00:00.000","76","VALLE DEL CAUCA","76364","JAMUNDI","URBANA","MASCULINO","1"
"2014-02-12T00:00:00.000","76","VALLE DEL CAUCA","76364","JAMUNDI","URBANA","MASCULINO","1"
"2014-02-11T00:00:00.000","76","VALLE DEL CAUCA","76364","JAMUNDI","URBANA","MASCULINO","1"
"2014-02-10T00:00:00.000","76","VALLE DEL CAUCA","76364","JAMUNDI","RURAL","MASCULINO","1"
"2014-02-10T00:00:00.000","76","VALLE DEL CAUCA","76364","JAMUNDI","RURAL","MASCULINO","1"
"2014-02-07T00:00:00.000","76","VALLE DEL CAUCA","76364","JAMUNDI","URBANA","MASCULINO","1"
"2014-02-01T00:00:00.000","76","VALLE DEL CAUCA","76364","JAMUNDI","URBANA","MASCULINO","1"
"2014-01-28T00:00:00.000","76","VALLE DEL CAUCA","76364","JAMUNDI","URBANA","MASCULINO","1"
"2014-01-27T00:00:00.000","76","VALLE DEL CAUCA","76364","JAMUNDI","URBANA","MASCULINO","1"
"2014-01-27T00:00:00.000","76","VALLE DEL CAUCA","76364","JAMUNDI","RURAL","MASCULINO","1"
"2014-01-24T00:00:00.000","76","VALLE DEL CAUCA","76364","JAMUNDI","URBANA","MASCULINO","1"
"2014-01-19T00:00:00.000","76","VALLE DEL CAUCA","76364","JAMUNDI","URBANA","MASCULINO","1"
"2014-01-08T00:00:00.000","76","VALLE DEL CAUCA","76364","JAMUNDI","URBANA","MASCULINO","1"
"2014-01-08T00:00:00.000","76","VALLE DEL CAUCA","76364","JAMUNDI","URBANA","MASCULINO","1"
"2013-12-25T00:00:00.000","76","VALLE DEL CAUCA","76364","JAMUNDI","URBANA","MASCULINO","1"
"2013-12-09T00:00:00.000","76","VALLE DEL CAUCA","76364","JAMUNDI","RURAL","MASCULINO","1"
"2013-12-07T00:00:00.000","76","VALLE DEL CAUCA","76364","JAMUNDI","URBANA","MASCULINO","1"
"2013-12-06T00:00:00.000","76","VALLE DEL CAUCA","76364","JAMUNDI","URBANA","MASCULINO","1"
"2013-11-19T00:00:00.000","76","VALLE DEL CAUCA","76364","JAMUNDI","RURAL","MASCULINO","1"
"2013-11-14T00:00:00.000","76","VALLE DEL CAUCA","76364","JAMUNDI","URBANA","MASCULINO","1"
"2013-11-10T00:00:00.000","76","VALLE DEL CAUCA","76364","JAMUNDI","URBANA","MASCULINO","1"
"2013-11-03T00:00:00.000","76","VALLE DEL CAUCA","76364","JAMUNDI","URBANA","MASCULINO","1"
"2013-11-01T00:00:00.000","76","VALLE DEL CAUCA","76364","JAMUNDI","URBANA","MASCULINO","1"
"2013-10-27T00:00:00.000","76","VALLE DEL CAUCA","76364","JAMUNDI","URBANA","MASCULINO","1"
"2013-10-24T00:00:00.000","76","VALLE DEL CAUCA","76364","JAMUNDI","RURAL","MASCULINO","1"
"2013-10-24T00:00:00.000","76","VALLE DEL CAUCA","76364","JAMUNDI","URBANA","MASCULINO","1"
"2013-10-23T00:00:00.000","76","VALLE DEL CAUCA","76364","JAMUNDI","URBANA","MASCULINO","1"
"2013-10-18T00:00:00.000","76","VALLE DEL CAUCA","76364","JAMUNDI","RURAL","MASCULINO","1"
"2013-10-16T00:00:00.000","76","VALLE DEL CAUCA","76364","JAMUNDI","URBANA","MASCULINO","1"
"2013-10-02T00:00:00.000","76","VALLE DEL CAUCA","76364","JAMUNDI","RURAL","MASCULINO","1"
"2013-09-18T00:00:00.000","76","VALLE DEL CAUCA","76364","JAMUNDI","URBANA","MASCULINO","1"
"2013-09-15T00:00:00.000","76","VALLE DEL CAUCA","76364","JAMUNDI","URBANA","MASCULINO","1"
"2013-09-15T00:00:00.000","76","VALLE DEL CAUCA","76364","JAMUNDI","URBANA","MASCULINO","1"
"2013-09-08T00:00:00.000","76","VALLE DEL CAUCA","76364","JAMUNDI","URBANA","MASCULINO","1"
"2013-09-04T00:00:00.000","76","VALLE DEL CAUCA","76364","JAMUNDI","URBANA","MASCULINO","1"
"2013-08-18T00:00:00.000","76","VALLE DEL CAUCA","76364","JAMUNDI","RURAL","MASCULINO","1"
"2013-08-18T00:00:00.000","76","VALLE DEL CAUCA","76364","JAMUNDI","RURAL","MASCULINO","1"
"2013-08-12T00:00:00.000","76","VALLE DEL CAUCA","76364","JAMUNDI","URBANA","MASCULINO","1"
"2013-08-02T00:00:00.000","76","VALLE DEL CAUCA","76364","JAMUNDI","URBANA","MASCULINO","1"
"2013-08-02T00:00:00.000","76","VALLE DEL CAUCA","76364","JAMUNDI","URBANA","MASCULINO","1"
"2013-08-02T00:00:00.000","76","VALLE DEL CAUCA","76364","JAMUNDI","URBANA","MASCULINO","1"
"2013-07-31T00:00:00.000","76","VALLE DEL CAUCA","76364","JAMUNDI","URBANA","MASCULINO","1"
"2013-07-31T00:00:00.000","76","VALLE DEL CAUCA","76364","JAMUNDI","URBANA","MASCULINO","1"
"2013-07-29T00:00:00.000","76","VALLE DEL CAUCA","76364","JAMUNDI","URBANA","MASCULINO","1"
"2013-07-25T00:00:00.000","76","VALLE DEL CAUCA","76364","JAMUNDI","RURAL","MASCULINO","1"
"2013-07-21T00:00:00.000","76","VALLE DEL CAUCA","76364","JAMUNDI","URBANA","MASCULINO","1"
"2013-07-10T00:00:00.000","76","VALLE DEL CAUCA","76364","JAMUNDI","URBANA","MASCULINO","1"
"2013-07-09T00:00:00.000","76","VALLE DEL CAUCA","76364","JAMUNDI","RURAL","MASCULINO","1"
"2013-07-04T00:00:00.000","76","VALLE DEL CAUCA","76364","JAMUNDI","URBANA","MASCULINO","1"
"2013-07-01T00:00:00.000","76","VALLE DEL CAUCA","76364","JAMUNDI","URBANA","MASCULINO","1"
"2013-06-25T00:00:00.000","76","VALLE DEL CAUCA","76364","JAMUNDI","URBANA","MASCULINO","1"
"2013-06-24T00:00:00.000","76","VALLE DEL CAUCA","76364","JAMUNDI","RURAL","MASCULINO","1"
"2013-06-22T00:00:00.000","76","VALLE DEL CAUCA","76364","JAMUNDI","URBANA","MASCULINO","1"
"2013-06-15T00:00:00.000","76","VALLE DEL CAUCA","76364","JAMUNDI","URBANA","MASCULINO","1"
"2013-06-13T00:00:00.000","76","VALLE DEL CAUCA","76364","JAMUNDI","RURAL","MASCULINO","1"
"2013-06-11T00:00:00.000","76","VALLE DEL CAUCA","76364","JAMUNDI","URBANA","MASCULINO","1"
"2013-06-09T00:00:00.000","76","VALLE DEL CAUCA","76364","JAMUNDI","URBANA","MASCULINO","1"
"2013-06-05T00:00:00.000","76","VALLE DEL CAUCA","76364","JAMUNDI","URBANA","MASCULINO","1"
"2013-06-05T00:00:00.000","76","VALLE DEL CAUCA","76364","JAMUNDI","RURAL","MASCULINO","1"
"2013-06-03T00:00:00.000","76","VALLE DEL CAUCA","76364","JAMUNDI","URBANA","MASCULINO","1"
"2013-06-01T00:00:00.000","76","VALLE DEL CAUCA","76364","JAMUNDI","RURAL","MASCULINO","1"
"2013-05-24T00:00:00.000","76","VALLE DEL CAUCA","76364","JAMUNDI","URBANA","MASCULINO","1"
"2013-05-16T00:00:00.000","76","VALLE DEL CAUCA","76364","JAMUNDI","URBANA","MASCULINO","1"
"2013-05-09T00:00:00.000","76","VALLE DEL CAUCA","76364","JAMUNDI","URBANA","MASCULINO","1"
"2013-04-24T00:00:00.000","76","VALLE DEL CAUCA","76364","JAMUNDI","RURAL","MASCULINO","1"
"2013-04-18T00:00:00.000","76","VALLE DEL CAUCA","76364","JAMUNDI","URBANA","MASCULINO","1"
"2013-04-13T00:00:00.000","76","VALLE DEL CAUCA","76364","JAMUNDI","URBANA","MASCULINO","1"
"2013-03-31T00:00:00.000","76","VALLE DEL CAUCA","76364","JAMUNDI","RURAL","MASCULINO","1"
"2013-03-31T00:00:00.000","76","VALLE DEL CAUCA","76364","JAMUNDI","RURAL","MASCULINO","1"
"2013-03-29T00:00:00.000","76","VALLE DEL CAUCA","76364","JAMUNDI","URBANA","MASCULINO","1"
"2013-03-26T00:00:00.000","76","VALLE DEL CAUCA","76364","JAMUNDI","URBANA","MASCULINO","1"
"2013-03-13T00:00:00.000","76","VALLE DEL CAUCA","76364","JAMUNDI","URBANA","MASCULINO","1"
"2013-03-04T00:00:00.000","76","VALLE DEL CAUCA","76364","JAMUNDI","RURAL","MASCULINO","1"
"2013-02-25T00:00:00.000","76","VALLE DEL CAUCA","76364","JAMUNDI","URBANA","MASCULINO","1"
"2013-02-13T00:00:00.000","76","VALLE DEL CAUCA","76364","JAMUNDI","RURAL","MASCULINO","1"
"2013-02-13T00:00:00.000","76","VALLE DEL CAUCA","76364","JAMUNDI","URBANA","MASCULINO","1"
"2013-02-13T00:00:00.000","76","VALLE DEL CAUCA","76364","JAMUNDI","RURAL","MASCULINO","1"
"2013-02-07T00:00:00.000","76","VALLE DEL CAUCA","76364","JAMUNDI","RURAL","MASCULINO","1"
"2013-02-02T00:00:00.000","76","VALLE DEL CAUCA","76364","JAMUNDI","URBANA","MASCULINO","1"
"2013-02-01T00:00:00.000","76","VALLE DEL CAUCA","76364","JAMUNDI","URBANA","MASCULINO","1"
"2013-01-31T00:00:00.000","76","VALLE DEL CAUCA","76364","JAMUNDI","RURAL","MASCULINO","1"
"2013-01-25T00:00:00.000","76","VALLE DEL CAUCA","76364","JAMUNDI","URBANA","FEMENINO","1"
"2013-01-23T00:00:00.000","76","VALLE DEL CAUCA","76364","JAMUNDI","URBANA","MASCULINO","1"
"2013-01-20T00:00:00.000","76","VALLE DEL CAUCA","76364","JAMUNDI","URBANA","MASCULINO","1"
"2013-01-19T00:00:00.000","76","VALLE DEL CAUCA","76364","JAMUNDI","URBANA","MASCULINO","1"
"2013-01-05T00:00:00.000","76","VALLE DEL CAUCA","76364","JAMUNDI","URBANA","MASCULINO","1"
"2013-01-01T00:00:00.000","76","VALLE DEL CAUCA","76364","JAMUNDI","RURAL","MASCULINO","1"
"2013-01-01T00:00:00.000","76","VALLE DEL CAUCA","76364","JAMUNDI","RURAL","MASCULINO","1"
"2012-12-17T00:00:00.000","76","VALLE DEL CAUCA","76364","JAMUNDI","URBANA","MASCULINO","1"
"2012-12-15T00:00:00.000","76","VALLE DEL CAUCA","76364","JAMUNDI","RURAL","FEMENINO","1"
"2012-12-12T00:00:00.000","76","VALLE DEL CAUCA","76364","JAMUNDI","URBANA","MASCULINO","1"
"2012-12-09T00:00:00.000","76","VALLE DEL CAUCA","76364","JAMUNDI","URBANA","MASCULINO","1"
"2012-12-02T00:00:00.000","76","VALLE DEL CAUCA","76364","JAMUNDI","RURAL","MASCULINO","1"
"2012-12-02T00:00:00.000","76","VALLE DEL CAUCA","76364","JAMUNDI","RURAL","MASCULINO","1"
"2012-11-27T00:00:00.000","76","VALLE DEL CAUCA","76364","JAMUNDI","URBANA","MASCULINO","1"
"2012-11-18T00:00:00.000","76","VALLE DEL CAUCA","76364","JAMUNDI","URBANA","MASCULINO","1"
"2012-11-11T00:00:00.000","76","VALLE DEL CAUCA","76364","JAMUNDI","RURAL","MASCULINO","1"
"2012-11-11T00:00:00.000","76","VALLE DEL CAUCA","76364","JAMUNDI","URBANA","MASCULINO","1"
"2012-10-28T00:00:00.000","76","VALLE DEL CAUCA","76364","JAMUNDI","URBANA","MASCULINO","1"
"2012-10-22T00:00:00.000","76","VALLE DEL CAUCA","76364","JAMUNDI","RURAL","MASCULINO","1"
"2012-10-20T00:00:00.000","76","VALLE DEL CAUCA","76364","JAMUNDI","URBANA","MASCULINO","1"
"2012-10-11T00:00:00.000","76","VALLE DEL CAUCA","76364","JAMUNDI","URBANA","MASCULINO","1"
"2012-10-07T00:00:00.000","76","VALLE DEL CAUCA","76364","JAMUNDI","RURAL","MASCULINO","1"
"2012-10-02T00:00:00.000","76","VALLE DEL CAUCA","76364","JAMUNDI","RURAL","MASCULINO","1"
"2012-09-27T00:00:00.000","76","VALLE DEL CAUCA","76364","JAMUNDI","RURAL","MASCULINO","1"
"2012-09-19T00:00:00.000","76","VALLE DEL CAUCA","76364","JAMUNDI","URBANA","MASCULINO","1"
"2012-09-18T00:00:00.000","76","VALLE DEL CAUCA","76364","JAMUNDI","RURAL","MASCULINO","1"
"2012-09-15T00:00:00.000","76","VALLE DEL CAUCA","76364","JAMUNDI","RURAL","FEMENINO","1"
"2012-09-15T00:00:00.000","76","VALLE DEL CAUCA","76364","JAMUNDI","RURAL","FEMENINO","1"
"2012-09-14T00:00:00.000","76","VALLE DEL CAUCA","76364","JAMUNDI","URBANA","MASCULINO","1"
"2012-09-13T00:00:00.000","76","VALLE DEL CAUCA","76364","JAMUNDI","URBANA","MASCULINO","1"
"2012-09-13T00:00:00.000","76","VALLE DEL CAUCA","76364","JAMUNDI","URBANA","MASCULINO","1"
"2012-09-12T00:00:00.000","76","VALLE DEL CAUCA","76364","JAMUNDI","URBANA","MASCULINO","1"
"2012-09-09T00:00:00.000","76","VALLE DEL CAUCA","76364","JAMUNDI","URBANA","MASCULINO","1"
"2012-08-26T00:00:00.000","76","VALLE DEL CAUCA","76364","JAMUNDI","RURAL","MASCULINO","1"
"2012-08-25T00:00:00.000","76","VALLE DEL CAUCA","76364","JAMUNDI","RURAL","MASCULINO","1"
"2012-08-24T00:00:00.000","76","VALLE DEL CAUCA","76364","JAMUNDI","RURAL","FEMENINO","1"
"2012-08-19T00:00:00.000","76","VALLE DEL CAUCA","76364","JAMUNDI","URBANA","MASCULINO","1"
"2012-08-19T00:00:00.000","76","VALLE DEL CAUCA","76364","JAMUNDI","RURAL","MASCULINO","1"
"2012-08-11T00:00:00.000","76","VALLE DEL CAUCA","76364","JAMUNDI","RURAL","FEMENINO","1"
"2012-08-06T00:00:00.000","76","VALLE DEL CAUCA","76364","JAMUNDI","URBANA","MASCULINO","1"
"2012-08-05T00:00:00.000","76","VALLE DEL CAUCA","76364","JAMUNDI","RURAL","MASCULINO","1"
"2012-08-04T00:00:00.000","76","VALLE DEL CAUCA","76364","JAMUNDI","URBANA","MASCULINO","1"
"2012-08-03T00:00:00.000","76","VALLE DEL CAUCA","76364","JAMUNDI","URBANA","MASCULINO","1"
"2012-08-03T00:00:00.000","76","VALLE DEL CAUCA","76364","JAMUNDI","URBANA","MASCULINO","1"
"2012-07-31T00:00:00.000","76","VALLE DEL CAUCA","76364","JAMUNDI","URBANA","MASCULINO","1"
"2012-07-31T00:00:00.000","76","VALLE DEL CAUCA","76364","JAMUNDI","URBANA","MASCULINO","1"
"2012-07-31T00:00:00.000","76","VALLE DEL CAUCA","76364","JAMUNDI","URBANA","MASCULINO","1"
"2012-07-17T00:00:00.000","76","VALLE DEL CAUCA","76364","JAMUNDI","RURAL","FEMENINO","1"
"2012-07-13T00:00:00.000","76","VALLE DEL CAUCA","76364","JAMUNDI","URBANA","MASCULINO","1"
"2012-06-29T00:00:00.000","76","VALLE DEL CAUCA","76364","JAMUNDI","RURAL","MASCULINO","1"
"2012-06-28T00:00:00.000","76","VALLE DEL CAUCA","76364","JAMUNDI","RURAL","MASCULINO","1"
"2012-06-21T00:00:00.000","76","VALLE DEL CAUCA","76364","JAMUNDI","RURAL","MASCULINO","1"
"2012-06-21T00:00:00.000","76","VALLE DEL CAUCA","76364","JAMUNDI","RURAL","MASCULINO","1"
"2012-06-19T00:00:00.000","76","VALLE DEL CAUCA","76364","JAMUNDI","URBANA","MASCULINO","1"
"2012-06-12T00:00:00.000","76","VALLE DEL CAUCA","76364","JAMUNDI","RURAL","MASCULINO","1"
"2012-06-05T00:00:00.000","76","VALLE DEL CAUCA","76364","JAMUNDI","URBANA","MASCULINO","1"
"2012-06-02T00:00:00.000","76","VALLE DEL CAUCA","76364","JAMUNDI","URBANA","MASCULINO","1"
"2012-05-30T00:00:00.000","76","VALLE DEL CAUCA","76364","JAMUNDI","URBANA","MASCULINO","1"
"2012-05-28T00:00:00.000","76","VALLE DEL CAUCA","76364","JAMUNDI","URBANA","MASCULINO","1"
"2012-05-16T00:00:00.000","76","VALLE DEL CAUCA","76364","JAMUNDI","RURAL","MASCULINO","1"
"2012-05-16T00:00:00.000","76","VALLE DEL CAUCA","76364","JAMUNDI","RURAL","MASCULINO","1"
"2012-05-14T00:00:00.000","76","VALLE DEL CAUCA","76364","JAMUNDI","URBANA","MASCULINO","1"
"2012-05-10T00:00:00.000","76","VALLE DEL CAUCA","76364","JAMUNDI","URBANA","MASCULINO","1"
"2012-05-06T00:00:00.000","76","VALLE DEL CAUCA","76364","JAMUNDI","URBANA","MASCULINO","1"
"2012-05-04T00:00:00.000","76","VALLE DEL CAUCA","76364","JAMUNDI","RURAL","MASCULINO","1"
"2012-05-01T00:00:00.000","76","VALLE DEL CAUCA","76364","JAMUNDI","URBANA","MASCULINO","1"
"2012-05-01T00:00:00.000","76","VALLE DEL CAUCA","76364","JAMUNDI","URBANA","MASCULINO","1"
"2012-04-14T00:00:00.000","76","VALLE DEL CAUCA","76364","JAMUNDI","RURAL","MASCULINO","1"
"2012-04-09T00:00:00.000","76","VALLE DEL CAUCA","76364","JAMUNDI","URBANA","MASCULINO","1"
"2012-04-09T00:00:00.000","76","VALLE DEL CAUCA","76364","JAMUNDI","URBANA","MASCULINO","1"
"2012-04-09T00:00:00.000","76","VALLE DEL CAUCA","76364","JAMUNDI","URBANA","MASCULINO","1"
"2012-04-09T00:00:00.000","76","VALLE DEL CAUCA","76364","JAMUNDI","URBANA","FEMENINO","1"
"2012-03-28T00:00:00.000","76","VALLE DEL CAUCA","76364","JAMUNDI","URBANA","MASCULINO","1"
"2012-03-27T00:00:00.000","76","VALLE DEL CAUCA","76364","JAMUNDI","URBANA","MASCULINO","1"
"2012-03-18T00:00:00.000","76","VALLE DEL CAUCA","76364","JAMUNDI","URBANA","MASCULINO","1"
"2012-03-16T00:00:00.000","76","VALLE DEL CAUCA","76364","JAMUNDI","URBANA","MASCULINO","1"
"2012-03-10T00:00:00.000","76","VALLE DEL CAUCA","76364","JAMUNDI","URBANA","FEMENINO","1"
"2012-02-28T00:00:00.000","76","VALLE DEL CAUCA","76364","JAMUNDI","URBANA","MASCULINO","1"
"2012-02-26T00:00:00.000","76","VALLE DEL CAUCA","76364","JAMUNDI","URBANA","MASCULINO","1"
"2012-02-26T00:00:00.000","76","VALLE DEL CAUCA","76364","JAMUNDI","URBANA","MASCULINO","1"
"2012-02-16T00:00:00.000","76","VALLE DEL CAUCA","76364","JAMUNDI","RURAL","MASCULINO","1"
"2012-02-14T00:00:00.000","76","VALLE DEL CAUCA","76364","JAMUNDI","RURAL","FEMENINO","1"
"2012-02-12T00:00:00.000","76","VALLE DEL CAUCA","76364","JAMUNDI","URBANA","MASCULINO","1"
"2012-01-29T00:00:00.000","76","VALLE DEL CAUCA","76364","JAMUNDI","RURAL","MASCULINO","1"
"2012-01-26T00:00:00.000","76","VALLE DEL CAUCA","76364","JAMUNDI","RURAL","MASCULINO","1"
"2012-01-24T00:00:00.000","76","VALLE DEL CAUCA","76364","JAMUNDI","RURAL","MASCULINO","1"
"2012-01-23T00:00:00.000","76","VALLE DEL CAUCA","76364","JAMUNDI","URBANA","FEMENINO","1"
"2012-01-23T00:00:00.000","76","VALLE DEL CAUCA","76364","JAMUNDI","URBANA","MASCULINO","1"
"2012-01-23T00:00:00.000","76","VALLE DEL CAUCA","76364","JAMUNDI","URBANA","MASCULINO","1"
"2012-01-22T00:00:00.000","76","VALLE DEL CAUCA","76364","JAMUNDI","URBANA","MASCULINO","1"
"2012-01-21T00:00:00.000","76","VALLE DEL CAUCA","76364","JAMUNDI","URBANA","MASCULINO","1"
"2012-01-19T00:00:00.000","76","VALLE DEL CAUCA","76364","JAMUNDI","RURAL","MASCULINO","1"
"2012-01-15T00:00:00.000","76","VALLE DEL CAUCA","76364","JAMUNDI","RURAL","MASCULINO","1"
"2012-01-09T00:00:00.000","76","VALLE DEL CAUCA","76364","JAMUNDI","URBANA","MASCULINO","1"
"2012-01-09T00:00:00.000","76","VALLE DEL CAUCA","76364","JAMUNDI","URBANA","MASCULINO","1"
"2012-01-03T00:00:00.000","76","VALLE DEL CAUCA","76364","JAMUNDI","URBANA","MASCULINO","1"
"2012-01-03T00:00:00.000","76","VALLE DEL CAUCA","76364","JAMUNDI","URBANA","MASCULINO","1"
"2012-01-02T00:00:00.000","76","VALLE DEL CAUCA","76364","JAMUNDI","URBANA","MASCULINO","1"
"2012-01-01T00:00:00.000","76","VALLE DEL CAUCA","76364","JAMUNDI","URBANA","MASCULINO","1"
"2011-12-27T00:00:00.000","76","VALLE DEL CAUCA","76364","JAMUNDI","URBANA","MASCULINO","1"
"2011-12-25T00:00:00.000","76","VALLE DEL CAUCA","76364","JAMUNDI","URBANA","MASCULINO","1"
"2011-12-25T00:00:00.000","76","VALLE DEL CAUCA","76364","JAMUNDI","RURAL","MASCULINO","1"
"2011-12-22T00:00:00.000","76","VALLE DEL CAUCA","76364","JAMUNDI","URBANA","MASCULINO","1"
"2011-12-20T00:00:00.000","76","VALLE DEL CAUCA","76364","JAMUNDI","URBANA","MASCULINO","1"
"2011-12-18T00:00:00.000","76","VALLE DEL CAUCA","76364","JAMUNDI","URBANA","MASCULINO","1"
"2011-12-18T00:00:00.000","76","VALLE DEL CAUCA","76364","JAMUNDI","URBANA","MASCULINO","1"
"2011-12-18T00:00:00.000","76","VALLE DEL CAUCA","76364","JAMUNDI","URBANA","MASCULINO","1"
"2011-12-18T00:00:00.000","76","VALLE DEL CAUCA","76364","JAMUNDI","URBANA","MASCULINO","1"
"2011-12-18T00:00:00.000","76","VALLE DEL CAUCA","76364","JAMUNDI","URBANA","MASCULINO","1"
"2011-12-15T00:00:00.000","76","VALLE DEL CAUCA","76364","JAMUNDI","URBANA","MASCULINO","1"
"2011-12-10T00:00:00.000","76","VALLE DEL CAUCA","76364","JAMUNDI","RURAL","MASCULINO","1"
"2011-12-09T00:00:00.000","76","VALLE DEL CAUCA","76364","JAMUNDI","URBANA","MASCULINO","1"
"2011-12-07T00:00:00.000","76","VALLE DEL CAUCA","76364","JAMUNDI","URBANA","MASCULINO","1"
"2011-12-04T00:00:00.000","76","VALLE DEL CAUCA","76364","JAMUNDI","URBANA","MASCULINO","1"
"2011-12-02T00:00:00.000","76","VALLE DEL CAUCA","76364","JAMUNDI","URBANA","MASCULINO","1"
"2011-11-27T00:00:00.000","76","VALLE DEL CAUCA","76364","JAMUNDI","RURAL","MASCULINO","1"
"2011-11-20T00:00:00.000","76","VALLE DEL CAUCA","76364","JAMUNDI","URBANA","MASCULINO","1"
"2011-11-05T00:00:00.000","76","VALLE DEL CAUCA","76364","JAMUNDI","URBANA","MASCULINO","1"
"2011-11-01T00:00:00.000","76","VALLE DEL CAUCA","76364","JAMUNDI","URBANA","MASCULINO","1"
"2011-10-30T00:00:00.000","76","VALLE DEL CAUCA","76364","JAMUNDI","URBANA","MASCULINO","1"
"2011-10-29T00:00:00.000","76","VALLE DEL CAUCA","76364","JAMUNDI","URBANA","MASCULINO","1"
"2011-10-26T00:00:00.000","76","VALLE DEL CAUCA","76364","JAMUNDI","URBANA","MASCULINO","1"
"2011-10-21T00:00:00.000","76","VALLE DEL CAUCA","76364","JAMUNDI","URBANA","MASCULINO","1"
"2011-10-15T00:00:00.000","76","VALLE DEL CAUCA","76364","JAMUNDI","URBANA","MASCULINO","1"
"2011-10-14T00:00:00.000","76","VALLE DEL CAUCA","76364","JAMUNDI","URBANA","FEMENINO","1"
"2011-10-12T00:00:00.000","76","VALLE DEL CAUCA","76364","JAMUNDI","URBANA","MASCULINO","1"
"2011-10-03T00:00:00.000","76","VALLE DEL CAUCA","76364","JAMUNDI","URBANA","MASCULINO","1"
"2011-10-03T00:00:00.000","76","VALLE DEL CAUCA","76364","JAMUNDI","URBANA","MASCULINO","1"
"2011-09-26T00:00:00.000","76","VALLE DEL CAUCA","76364","JAMUNDI","URBANA","MASCULINO","1"
"2011-09-26T00:00:00.000","76","VALLE DEL CAUCA","76364","JAMUNDI","URBANA","MASCULINO","1"
"2011-09-26T00:00:00.000","76","VALLE DEL CAUCA","76364","JAMUNDI","URBANA","MASCULINO","1"
"2011-09-22T00:00:00.000","76","VALLE DEL CAUCA","76364","JAMUNDI","URBANA","MASCULINO","1"
"2011-09-21T00:00:00.000","76","VALLE DEL CAUCA","76364","JAMUNDI","URBANA","MASCULINO","1"
"2011-09-19T00:00:00.000","76","VALLE DEL CAUCA","76364","JAMUNDI","URBANA","MASCULINO","1"
"2011-09-19T00:00:00.000","76","VALLE DEL CAUCA","76364","JAMUNDI","RURAL","MASCULINO","1"
"2011-09-16T00:00:00.000","76","VALLE DEL CAUCA","76364","JAMUNDI","URBANA","MASCULINO","1"
"2011-09-16T00:00:00.000","76","VALLE DEL CAUCA","76364","JAMUNDI","URBANA","MASCULINO","1"
"2011-09-15T00:00:00.000","76","VALLE DEL CAUCA","76364","JAMUNDI","RURAL","MASCULINO","1"
"2011-09-13T00:00:00.000","76","VALLE DEL CAUCA","76364","JAMUNDI","RURAL","MASCULINO","1"
"2011-09-09T00:00:00.000","76","VALLE DEL CAUCA","76364","JAMUNDI","URBANA","MASCULINO","1"
"2011-09-05T00:00:00.000","76","VALLE DEL CAUCA","76364","JAMUNDI","URBANA","MASCULINO","1"
"2011-09-05T00:00:00.000","76","VALLE DEL CAUCA","76364","JAMUNDI","URBANA","MASCULINO","1"
"2011-08-28T00:00:00.000","76","VALLE DEL CAUCA","76364","JAMUNDI","URBANA","MASCULINO","1"
"2011-08-20T00:00:00.000","76","VALLE DEL CAUCA","76364","JAMUNDI","URBANA","MASCULINO","1"
"2011-08-16T00:00:00.000","76","VALLE DEL CAUCA","76364","JAMUNDI","RURAL","MASCULINO","1"
"2011-08-16T00:00:00.000","76","VALLE DEL CAUCA","76364","JAMUNDI","URBANA","MASCULINO","1"
"2011-08-14T00:00:00.000","76","VALLE DEL CAUCA","76364","JAMUNDI","URBANA","MASCULINO","1"
"2011-08-10T00:00:00.000","76","VALLE DEL CAUCA","76364","JAMUNDI","URBANA","MASCULINO","1"
"2011-08-09T00:00:00.000","76","VALLE DEL CAUCA","76364","JAMUNDI","URBANA","MASCULINO","1"
"2011-08-03T00:00:00.000","76","VALLE DEL CAUCA","76364","JAMUNDI","URBANA","MASCULINO","1"
"2011-07-09T00:00:00.000","76","VALLE DEL CAUCA","76364","JAMUNDI","URBANA","MASCULINO","1"
"2011-07-07T00:00:00.000","76","VALLE DEL CAUCA","76364","JAMUNDI","RURAL","MASCULINO","1"
"2011-07-04T00:00:00.000","76","VALLE DEL CAUCA","76364","JAMUNDI","RURAL","MASCULINO","1"
"2011-07-01T00:00:00.000","76","VALLE DEL CAUCA","76364","JAMUNDI","URBANA","MASCULINO","1"
"2011-06-29T00:00:00.000","76","VALLE DEL CAUCA","76364","JAMUNDI","URBANA","MASCULINO","1"
"2011-06-29T00:00:00.000","76","VALLE DEL CAUCA","76364","JAMUNDI","RURAL","MASCULINO","1"
"2011-06-26T00:00:00.000","76","VALLE DEL CAUCA","76364","JAMUNDI","RURAL","MASCULINO","1"
"2011-06-20T00:00:00.000","76","VALLE DEL CAUCA","76364","JAMUNDI","URBANA","MASCULINO","1"
"2011-06-15T00:00:00.000","76","VALLE DEL CAUCA","76364","JAMUNDI","RURAL","MASCULINO","1"
"2011-06-06T00:00:00.000","76","VALLE DEL CAUCA","76364","JAMUNDI","URBANA","MASCULINO","1"
"2011-06-05T00:00:00.000","76","VALLE DEL CAUCA","76364","JAMUNDI","RURAL","MASCULINO","1"
"2011-05-28T00:00:00.000","76","VALLE DEL CAUCA","76364","JAMUNDI","RURAL","MASCULINO","1"
"2011-05-26T00:00:00.000","76","VALLE DEL CAUCA","76364","JAMUNDI","RURAL","MASCULINO","1"
"2011-05-22T00:00:00.000","76","VALLE DEL CAUCA","76364","JAMUNDI","URBANA","MASCULINO","1"
"2011-05-19T00:00:00.000","76","VALLE DEL CAUCA","76364","JAMUNDI","RURAL","MASCULINO","1"
"2011-05-18T00:00:00.000","76","VALLE DEL CAUCA","76364","JAMUNDI","RURAL","MASCULINO","1"
"2011-05-13T00:00:00.000","76","VALLE DEL CAUCA","76364","JAMUNDI","URBANA","MASCULINO","1"
"2011-05-13T00:00:00.000","76","VALLE DEL CAUCA","76364","JAMUNDI","URBANA","MASCULINO","1"
"2011-05-02T00:00:00.000","76","VALLE DEL CAUCA","76364","JAMUNDI","RURAL","MASCULINO","1"
"2011-05-01T00:00:00.000","76","VALLE DEL CAUCA","76364","JAMUNDI","URBANA","MASCULINO","1"
"2011-04-25T00:00:00.000","76","VALLE DEL CAUCA","76364","JAMUNDI","URBANA","MASCULINO","1"
"2011-04-25T00:00:00.000","76","VALLE DEL CAUCA","76364","JAMUNDI","URBANA","MASCULINO","1"
"2011-04-18T00:00:00.000","76","VALLE DEL CAUCA","76364","JAMUNDI","RURAL","MASCULINO","1"
"2011-04-18T00:00:00.000","76","VALLE DEL CAUCA","76364","JAMUNDI","RURAL","MASCULINO","1"
"2011-04-17T00:00:00.000","76","VALLE DEL CAUCA","76364","JAMUNDI","URBANA","MASCULINO","1"
"2011-04-13T00:00:00.000","76","VALLE DEL CAUCA","76364","JAMUNDI","URBANA","MASCULINO","1"
"2011-03-29T00:00:00.000","76","VALLE DEL CAUCA","76364","JAMUNDI","URBANA","MASCULINO","1"
"2011-03-29T00:00:00.000","76","VALLE DEL CAUCA","76364","JAMUNDI","URBANA","MASCULINO","1"
"2011-03-27T00:00:00.000","76","VALLE DEL CAUCA","76364","JAMUNDI","RURAL","MASCULINO","1"
"2011-03-20T00:00:00.000","76","VALLE DEL CAUCA","76364","JAMUNDI","URBANA","MASCULINO","1"
"2011-03-20T00:00:00.000","76","VALLE DEL CAUCA","76364","JAMUNDI","URBANA","FEMENINO","1"
"2011-03-12T00:00:00.000","76","VALLE DEL CAUCA","76364","JAMUNDI","URBANA","MASCULINO","1"
"2011-03-11T00:00:00.000","76","VALLE DEL CAUCA","76364","JAMUNDI","URBANA","MASCULINO","1"
"2011-03-11T00:00:00.000","76","VALLE DEL CAUCA","76364","JAMUNDI","URBANA","MASCULINO","1"
"2011-03-11T00:00:00.000","76","VALLE DEL CAUCA","76364","JAMUNDI","URBANA","MASCULINO","1"
"2011-03-01T00:00:00.000","76","VALLE DEL CAUCA","76364","JAMUNDI","URBANA","MASCULINO","1"
"2011-02-20T00:00:00.000","76","VALLE DEL CAUCA","76364","JAMUNDI","RURAL","MASCULINO","1"
"2011-02-02T00:00:00.000","76","VALLE DEL CAUCA","76364","JAMUNDI","URBANA","MASCULINO","1"
"2011-01-31T00:00:00.000","76","VALLE DEL CAUCA","76364","JAMUNDI","RURAL","MASCULINO","1"
"2011-01-12T00:00:00.000","76","VALLE DEL CAUCA","76364","JAMUNDI","RURAL","MASCULINO","1"
"2011-01-02T00:00:00.000","76","VALLE DEL CAUCA","76364","JAMUNDI","URBANA","MASCULINO","1"
"2011-01-01T00:00:00.000","76","VALLE DEL CAUCA","76364","JAMUNDI","RURAL","FEMENINO","1"
"2010-12-23T00:00:00.000","76","VALLE DEL CAUCA","76364","JAMUNDI","RURAL","FEMENINO","1"
"2010-12-22T00:00:00.000","76","VALLE DEL CAUCA","76364","JAMUNDI","RURAL","MASCULINO","1"
"2010-12-14T00:00:00.000","76","VALLE DEL CAUCA","76364","JAMUNDI","RURAL","MASCULINO","1"
"2010-12-12T00:00:00.000","76","VALLE DEL CAUCA","76364","JAMUNDI","URBANA","MASCULINO","1"
"2010-12-09T00:00:00.000","76","VALLE DEL CAUCA","76364","JAMUNDI","URBANA","FEMENINO","1"
"2010-12-08T00:00:00.000","76","VALLE DEL CAUCA","76364","JAMUNDI","URBANA","MASCULINO","1"
"2010-12-03T00:00:00.000","76","VALLE DEL CAUCA","76364","JAMUNDI","RURAL","MASCULINO","1"
"2010-12-01T00:00:00.000","76","VALLE DEL CAUCA","76364","JAMUNDI","URBANA","MASCULINO","1"
"2010-11-15T00:00:00.000","76","VALLE DEL CAUCA","76364","JAMUNDI","RURAL","MASCULINO","1"
"2010-11-15T00:00:00.000","76","VALLE DEL CAUCA","76364","JAMUNDI","RURAL","MASCULINO","1"
"2010-11-15T00:00:00.000","76","VALLE DEL CAUCA","76364","JAMUNDI","RURAL","MASCULINO","1"
"2010-11-15T00:00:00.000","76","VALLE DEL CAUCA","76364","JAMUNDI","RURAL","MASCULINO","1"
"2010-11-08T00:00:00.000","76","VALLE DEL CAUCA","76364","JAMUNDI","URBANA","MASCULINO","1"
"2010-11-01T00:00:00.000","76","VALLE DEL CAUCA","76364","JAMUNDI","RURAL","MASCULINO","1"
"2010-10-27T00:00:00.000","76","VALLE DEL CAUCA","76364","JAMUNDI","URBANA","MASCULINO","1"
"2010-10-16T00:00:00.000","76","VALLE DEL CAUCA","76364","JAMUNDI","URBANA","FEMENINO","1"
"2010-10-15T00:00:00.000","76","VALLE DEL CAUCA","76364","JAMUNDI","URBANA","MASCULINO","1"
"2010-10-15T00:00:00.000","76","VALLE DEL CAUCA","76364","JAMUNDI","URBANA","MASCULINO","1"
"2010-09-25T00:00:00.000","76","VALLE DEL CAUCA","76364","JAMUNDI","URBANA","MASCULINO","1"
"2010-09-20T00:00:00.000","76","VALLE DEL CAUCA","76364","JAMUNDI","URBANA","MASCULINO","1"
"2010-09-12T00:00:00.000","76","VALLE DEL CAUCA","76364","JAMUNDI","URBANA","MASCULINO","1"
"2010-09-09T00:00:00.000","76","VALLE DEL CAUCA","76364","JAMUNDI","URBANA","MASCULINO","1"
"2010-09-07T00:00:00.000","76","VALLE DEL CAUCA","76364","JAMUNDI","RURAL","MASCULINO","1"
"2010-09-05T00:00:00.000","76","VALLE DEL CAUCA","76364","JAMUNDI","URBANA","MASCULINO","1"
"2010-08-30T00:00:00.000","76","VALLE DEL CAUCA","76364","JAMUNDI","URBANA","MASCULINO","1"
"2010-08-23T00:00:00.000","76","VALLE DEL CAUCA","76364","JAMUNDI","RURAL","MASCULINO","1"
"2010-08-23T00:00:00.000","76","VALLE DEL CAUCA","76364","JAMUNDI","RURAL","MASCULINO","1"
"2010-08-18T00:00:00.000","76","VALLE DEL CAUCA","76364","JAMUNDI","RURAL","MASCULINO","1"
"2010-08-04T00:00:00.000","76","VALLE DEL CAUCA","76364","JAMUNDI","URBANA","MASCULINO","1"
"2010-08-04T00:00:00.000","76","VALLE DEL CAUCA","76364","JAMUNDI","URBANA","MASCULINO","1"
"2010-08-03T00:00:00.000","76","VALLE DEL CAUCA","76364","JAMUNDI","URBANA","MASCULINO","1"
"2010-08-03T00:00:00.000","76","VALLE DEL CAUCA","76364","JAMUNDI","RURAL","MASCULINO","1"
"2010-07-26T00:00:00.000","76","VALLE DEL CAUCA","76364","JAMUNDI","URBANA","MASCULINO","1"
"2010-07-15T00:00:00.000","76","VALLE DEL CAUCA","76364","JAMUNDI","URBANA","MASCULINO","1"
"2010-07-13T00:00:00.000","76","VALLE DEL CAUCA","76364","JAMUNDI","URBANA","MASCULINO","1"
"2010-07-02T00:00:00.000","76","VALLE DEL CAUCA","76364","JAMUNDI","RURAL","MASCULINO","1"
"2010-06-23T00:00:00.000","76","VALLE DEL CAUCA","76364","JAMUNDI","URBANA","MASCULINO","1"
"2010-06-22T00:00:00.000","76","VALLE DEL CAUCA","76364","JAMUNDI","URBANA","MASCULINO","1"
"2010-06-17T00:00:00.000","76","VALLE DEL CAUCA","76364","JAMUNDI","URBANA","MASCULINO","1"
"2010-06-10T00:00:00.000","76","VALLE DEL CAUCA","76364","JAMUNDI","URBANA","MASCULINO","1"
"2010-05-24T00:00:00.000","76","VALLE DEL CAUCA","76364","JAMUNDI","URBANA","MASCULINO","1"
"2010-05-22T00:00:00.000","76","VALLE DEL CAUCA","76364","JAMUNDI","URBANA","MASCULINO","1"
"2010-05-17T00:00:00.000","76","VALLE DEL CAUCA","76364","JAMUNDI","URBANA","MASCULINO","1"
"2010-05-06T00:00:00.000","76","VALLE DEL CAUCA","76364","JAMUNDI","URBANA","MASCULINO","1"
"2010-04-24T00:00:00.000","76","VALLE DEL CAUCA","76364","JAMUNDI","URBANA","MASCULINO","1"
"2010-04-19T00:00:00.000","76","VALLE DEL CAUCA","76364","JAMUNDI","RURAL","MASCULINO","1"
"2010-04-06T00:00:00.000","76","VALLE DEL CAUCA","76364","JAMUNDI","URBANA","MASCULINO","1"
"2010-04-06T00:00:00.000","76","VALLE DEL CAUCA","76364","JAMUNDI","URBANA","MASCULINO","1"
"2010-03-10T00:00:00.000","76","VALLE DEL CAUCA","76364","JAMUNDI","URBANA","MASCULINO","1"
"2010-03-10T00:00:00.000","76","VALLE DEL CAUCA","76364","JAMUNDI","URBANA","MASCULINO","1"
"2010-03-06T00:00:00.000","76","VALLE DEL CAUCA","76364","JAMUNDI","URBANA","MASCULINO","1"
"2010-03-03T00:00:00.000","76","VALLE DEL CAUCA","76364","JAMUNDI","URBANA","MASCULINO","1"
"2010-02-28T00:00:00.000","76","VALLE DEL CAUCA","76364","JAMUNDI","URBANA","MASCULINO","1"
"2010-02-26T00:00:00.000","76","VALLE DEL CAUCA","76364","JAMUNDI","URBANA","MASCULINO","1"
"2010-02-26T00:00:00.000","76","VALLE DEL CAUCA","76364","JAMUNDI","RURAL","MASCULINO","1"
"2010-02-19T00:00:00.000","76","VALLE DEL CAUCA","76364","JAMUNDI","URBANA","MASCULINO","1"
"2010-02-19T00:00:00.000","76","VALLE DEL CAUCA","76364","JAMUNDI","URBANA","MASCULINO","1"
"2010-02-08T00:00:00.000","76","VALLE DEL CAUCA","76364","JAMUNDI","URBANA","MASCULINO","1"
"2010-02-02T00:00:00.000","76","VALLE DEL CAUCA","76364","JAMUNDI","URBANA","MASCULINO","1"
"2010-02-02T00:00:00.000","76","VALLE DEL CAUCA","76364","JAMUNDI","URBANA","MASCULINO","1"
"2010-02-02T00:00:00.000","76","VALLE DEL CAUCA","76364","JAMUNDI","URBANA","MASCULINO","1"
"2010-01-20T00:00:00.000","76","VALLE DEL CAUCA","76364","JAMUNDI","RURAL","MASCULINO","1"
"2010-01-16T00:00:00.000","76","VALLE DEL CAUCA","76364","JAMUNDI","URBANA","MASCULINO","1"
"2010-01-10T00:00:00.000","76","VALLE DEL CAUCA","76364","JAMUNDI","URBANA","MASCULINO","1"
"2010-01-07T00:00:00.000","76","VALLE DEL CAUCA","76364","JAMUNDI","RURAL","MASCULINO","1"
"2010-01-04T00:00:00.000","76","VALLE DEL CAUCA","76364","JAMUNDI","URBANA","MASCULINO","1"
"2010-01-03T00:00:00.000","76","VALLE DEL CAUCA","76364","JAMUNDI","URBANA","MASCULINO","1"
"2009-12-30T00:00:00.000","76","VALLE DEL CAUCA","76364","JAMUNDI","URBANA","MASCULINO","1"
"2009-12-26T00:00:00.000","76","VALLE DEL CAUCA","76364","JAMUNDI","RURAL","FEMENINO","1"
"2009-12-24T00:00:00.000","76","VALLE DEL CAUCA","76364","JAMUNDI","RURAL","MASCULINO","1"
"2009-12-03T00:00:00.000","76","VALLE DEL CAUCA","76364","JAMUNDI","URBANA","MASCULINO","1"
"2009-11-25T00:00:00.000","76","VALLE DEL CAUCA","76364","JAMUNDI","RURAL","MASCULINO","1"
"2009-11-19T00:00:00.000","76","VALLE DEL CAUCA","76364","JAMUNDI","RURAL","MASCULINO","1"
"2009-11-19T00:00:00.000","76","VALLE DEL CAUCA","76364","JAMUNDI","URBANA","MASCULINO","1"
"2009-11-09T00:00:00.000","76","VALLE DEL CAUCA","76364","JAMUNDI","RURAL","MASCULINO","1"
"2009-11-08T00:00:00.000","76","VALLE DEL CAUCA","76364","JAMUNDI","URBANA","MASCULINO","1"
"2009-11-07T00:00:00.000","76","VALLE DEL CAUCA","76364","JAMUNDI","RURAL","MASCULINO","1"
"2009-11-07T00:00:00.000","76","VALLE DEL CAUCA","76364","JAMUNDI","RURAL","MASCULINO","1"
"2009-11-05T00:00:00.000","76","VALLE DEL CAUCA","76364","JAMUNDI","URBANA","MASCULINO","1"
"2009-11-05T00:00:00.000","76","VALLE DEL CAUCA","76364","JAMUNDI","RURAL","MASCULINO","1"
"2009-10-29T00:00:00.000","76","VALLE DEL CAUCA","76364","JAMUNDI","URBANA","MASCULINO","1"
"2009-10-21T00:00:00.000","76","VALLE DEL CAUCA","76364","JAMUNDI","RURAL","MASCULINO","1"
"2009-10-05T00:00:00.000","76","VALLE DEL CAUCA","76364","JAMUNDI","RURAL","MASCULINO","1"
"2009-10-02T00:00:00.000","76","VALLE DEL CAUCA","76364","JAMUNDI","URBANA","MASCULINO","1"
"2009-09-28T00:00:00.000","76","VALLE DEL CAUCA","76364","JAMUNDI","RURAL","FEMENINO","1"
"2009-09-28T00:00:00.000","76","VALLE DEL CAUCA","76364","JAMUNDI","RURAL","FEMENINO","1"
"2009-09-13T00:00:00.000","76","VALLE DEL CAUCA","76364","JAMUNDI","RURAL","MASCULINO","1"
"2009-09-13T00:00:00.000","76","VALLE DEL CAUCA","76364","JAMUNDI","RURAL","MASCULINO","1"
"2009-08-25T00:00:00.000","76","VALLE DEL CAUCA","76364","JAMUNDI","URBANA","MASCULINO","1"
"2009-08-17T00:00:00.000","76","VALLE DEL CAUCA","76364","JAMUNDI","URBANA","MASCULINO","1"
"2009-08-07T00:00:00.000","76","VALLE DEL CAUCA","76364","JAMUNDI","URBANA","MASCULINO","1"
"2009-08-03T00:00:00.000","76","VALLE DEL CAUCA","76364","JAMUNDI","RURAL","FEMENINO","1"
"2009-07-22T00:00:00.000","76","VALLE DEL CAUCA","76364","JAMUNDI","URBANA","MASCULINO","1"
"2009-07-20T00:00:00.000","76","VALLE DEL CAUCA","76364","JAMUNDI","URBANA","FEMENINO","1"
"2009-07-19T00:00:00.000","76","VALLE DEL CAUCA","76364","JAMUNDI","URBANA","MASCULINO","1"
"2009-07-16T00:00:00.000","76","VALLE DEL CAUCA","76364","JAMUNDI","URBANA","MASCULINO","1"
"2009-07-15T00:00:00.000","76","VALLE DEL CAUCA","76364","JAMUNDI","URBANA","MASCULINO","1"
"2009-06-27T00:00:00.000","76","VALLE DEL CAUCA","76364","JAMUNDI","URBANA","MASCULINO","1"
"2009-06-17T00:00:00.000","76","VALLE DEL CAUCA","76364","JAMUNDI","RURAL","MASCULINO","1"
"2009-06-17T00:00:00.000","76","VALLE DEL CAUCA","76364","JAMUNDI","RURAL","MASCULINO","1"
"2009-06-14T00:00:00.000","76","VALLE DEL CAUCA","76364","JAMUNDI","URBANA","MASCULINO","1"
"2009-06-05T00:00:00.000","76","VALLE DEL CAUCA","76364","JAMUNDI","URBANA","MASCULINO","1"
"2009-05-31T00:00:00.000","76","VALLE DEL CAUCA","76364","JAMUNDI","RURAL","MASCULINO","1"
"2009-05-26T00:00:00.000","76","VALLE DEL CAUCA","76364","JAMUNDI","RURAL","MASCULINO","1"
"2009-05-16T00:00:00.000","76","VALLE DEL CAUCA","76364","JAMUNDI","RURAL","MASCULINO","1"
"2009-05-12T00:00:00.000","76","VALLE DEL CAUCA","76364","JAMUNDI","URBANA","MASCULINO","1"
"2009-05-11T00:00:00.000","76","VALLE DEL CAUCA","76364","JAMUNDI","URBANA","MASCULINO","1"
"2009-05-09T00:00:00.000","76","VALLE DEL CAUCA","76364","JAMUNDI","RURAL","MASCULINO","1"
"2009-04-11T00:00:00.000","76","VALLE DEL CAUCA","76364","JAMUNDI","URBANA","MASCULINO","1"
"2009-04-05T00:00:00.000","76","VALLE DEL CAUCA","76364","JAMUNDI","URBANA","MASCULINO","1"
"2009-03-26T00:00:00.000","76","VALLE DEL CAUCA","76364","JAMUNDI","URBANA","MASCULINO","1"
"2009-03-02T00:00:00.000","76","VALLE DEL CAUCA","76364","JAMUNDI","RURAL","MASCULINO","1"
"2009-02-24T00:00:00.000","76","VALLE DEL CAUCA","76364","JAMUNDI","RURAL","MASCULINO","1"
"2009-02-24T00:00:00.000","76","VALLE DEL CAUCA","76364","JAMUNDI","RURAL","MASCULINO","1"
"2009-02-21T00:00:00.000","76","VALLE DEL CAUCA","76364","JAMUNDI","RURAL","MASCULINO","1"
"2009-02-06T00:00:00.000","76","VALLE DEL CAUCA","76364","JAMUNDI","URBANA","MASCULINO","1"
"2009-02-06T00:00:00.000","76","VALLE DEL CAUCA","76364","JAMUNDI","URBANA","MASCULINO","1"
"2009-01-28T00:00:00.000","76","VALLE DEL CAUCA","76364","JAMUNDI","URBANA","MASCULINO","1"
"2009-01-26T00:00:00.000","76","VALLE DEL CAUCA","76364","JAMUNDI","URBANA","MASCULINO","1"
"2009-01-26T00:00:00.000","76","VALLE DEL CAUCA","76364","JAMUNDI","URBANA","MASCULINO","1"
"2009-01-13T00:00:00.000","76","VALLE DEL CAUCA","76364","JAMUNDI","URBANA","MASCULINO","1"
"2009-01-13T00:00:00.000","76","VALLE DEL CAUCA","76364","JAMUNDI","RURAL","MASCULINO","1"
"2009-01-13T00:00:00.000","76","VALLE DEL CAUCA","76364","JAMUNDI","RURAL","MASCULINO","1"
"2008-12-23T00:00:00.000","76","VALLE DEL CAUCA","76364","JAMUNDI","URBANA","FEMENINO","1"
"2008-12-18T00:00:00.000","76","VALLE DEL CAUCA","76364","JAMUNDI","RURAL","FEMENINO","1"
"2008-12-18T00:00:00.000","76","VALLE DEL CAUCA","76364","JAMUNDI","RURAL","FEMENINO","1"
"2008-12-16T00:00:00.000","76","VALLE DEL CAUCA","76364","JAMUNDI","URBANA","MASCULINO","1"
"2008-12-06T00:00:00.000","76","VALLE DEL CAUCA","76364","JAMUNDI","URBANA","MASCULINO","1"
"2008-11-24T00:00:00.000","76","VALLE DEL CAUCA","76364","JAMUNDI","URBANA","MASCULINO","1"
"2008-11-21T00:00:00.000","76","VALLE DEL CAUCA","76364","JAMUNDI","URBANA","MASCULINO","1"
"2008-11-21T00:00:00.000","76","VALLE DEL CAUCA","76364","JAMUNDI","URBANA","MASCULINO","1"
"2008-11-16T00:00:00.000","76","VALLE DEL CAUCA","76364","JAMUNDI","URBANA","MASCULINO","1"
"2008-11-14T00:00:00.000","76","VALLE DEL CAUCA","76364","JAMUNDI","URBANA","MASCULINO","1"
"2008-11-12T00:00:00.000","76","VALLE DEL CAUCA","76364","JAMUNDI","RURAL","MASCULINO","1"
"2008-11-08T00:00:00.000","76","VALLE DEL CAUCA","76364","JAMUNDI","RURAL","MASCULINO","1"
"2008-11-08T00:00:00.000","76","VALLE DEL CAUCA","76364","JAMUNDI","URBANA","MASCULINO","1"
"2008-11-08T00:00:00.000","76","VALLE DEL CAUCA","76364","JAMUNDI","URBANA","MASCULINO","1"
"2008-11-06T00:00:00.000","76","VALLE DEL CAUCA","76364","JAMUNDI","URBANA","MASCULINO","1"
"2008-11-04T00:00:00.000","76","VALLE DEL CAUCA","76364","JAMUNDI","URBANA","MASCULINO","1"
"2008-10-26T00:00:00.000","76","VALLE DEL CAUCA","76364","JAMUNDI","RURAL","MASCULINO","1"
"2008-10-12T00:00:00.000","76","VALLE DEL CAUCA","76364","JAMUNDI","URBANA","MASCULINO","1"
"2008-10-12T00:00:00.000","76","VALLE DEL CAUCA","76364","JAMUNDI","URBANA","MASCULINO","1"
"2008-10-04T00:00:00.000","76","VALLE DEL CAUCA","76364","JAMUNDI","RURAL","MASCULINO","1"
"2008-10-03T00:00:00.000","76","VALLE DEL CAUCA","76364","JAMUNDI","URBANA","FEMENINO","1"
"2008-10-01T00:00:00.000","76","VALLE DEL CAUCA","76364","JAMUNDI","URBANA","MASCULINO","1"
"2008-09-23T00:00:00.000","76","VALLE DEL CAUCA","76364","JAMUNDI","URBANA","MASCULINO","1"
"2008-09-21T00:00:00.000","76","VALLE DEL CAUCA","76364","JAMUNDI","URBANA","MASCULINO","1"
"2008-09-18T00:00:00.000","76","VALLE DEL CAUCA","76364","JAMUNDI","URBANA","MASCULINO","1"
"2008-09-18T00:00:00.000","76","VALLE DEL CAUCA","76364","JAMUNDI","RURAL","MASCULINO","1"
"2008-09-12T00:00:00.000","76","VALLE DEL CAUCA","76364","JAMUNDI","RURAL","MASCULINO","1"
"2008-09-03T00:00:00.000","76","VALLE DEL CAUCA","76364","JAMUNDI","URBANA","MASCULINO","1"
"2008-08-31T00:00:00.000","76","VALLE DEL CAUCA","76364","JAMUNDI","RURAL","MASCULINO","1"
"2008-08-29T00:00:00.000","76","VALLE DEL CAUCA","76364","JAMUNDI","URBANA","MASCULINO","1"
"2008-08-28T00:00:00.000","76","VALLE DEL CAUCA","76364","JAMUNDI","URBANA","MASCULINO","1"
"2008-08-24T00:00:00.000","76","VALLE DEL CAUCA","76364","JAMUNDI","URBANA","MASCULINO","1"
"2008-08-15T00:00:00.000","76","VALLE DEL CAUCA","76364","JAMUNDI","RURAL","MASCULINO","1"
"2008-08-13T00:00:00.000","76","VALLE DEL CAUCA","76364","JAMUNDI","URBANA","MASCULINO","1"
"2008-08-13T00:00:00.000","76","VALLE DEL CAUCA","76364","JAMUNDI","URBANA","MASCULINO","1"
"2008-08-12T00:00:00.000","76","VALLE DEL CAUCA","76364","JAMUNDI","URBANA","MASCULINO","1"
"2008-07-30T00:00:00.000","76","VALLE DEL CAUCA","76364","JAMUNDI","RURAL","MASCULINO","1"
"2008-07-27T00:00:00.000","76","VALLE DEL CAUCA","76364","JAMUNDI","URBANA","MASCULINO","1"
"2008-07-25T00:00:00.000","76","VALLE DEL CAUCA","76364","JAMUNDI","URBANA","MASCULINO","1"
"2008-07-16T00:00:00.000","76","VALLE DEL CAUCA","76364","JAMUNDI","URBANA","MASCULINO","1"
"2008-07-14T00:00:00.000","76","VALLE DEL CAUCA","76364","JAMUNDI","RURAL","MASCULINO","1"
"2008-07-03T00:00:00.000","76","VALLE DEL CAUCA","76364","JAMUNDI","URBANA","MASCULINO","1"
"2008-07-03T00:00:00.000","76","VALLE DEL CAUCA","76364","JAMUNDI","RURAL","MASCULINO","1"
"2008-06-24T00:00:00.000","76","VALLE DEL CAUCA","76364","JAMUNDI","URBANA","FEMENINO","1"
"2008-06-14T00:00:00.000","76","VALLE DEL CAUCA","76364","JAMUNDI","URBANA","FEMENINO","1"
"2008-06-14T00:00:00.000","76","VALLE DEL CAUCA","76364","JAMUNDI","URBANA","MASCULINO","1"
"2008-06-11T00:00:00.000","76","VALLE DEL CAUCA","76364","JAMUNDI","URBANA","MASCULINO","1"
"2008-06-09T00:00:00.000","76","VALLE DEL CAUCA","76364","JAMUNDI","URBANA","MASCULINO","1"
"2008-06-08T00:00:00.000","76","VALLE DEL CAUCA","76364","JAMUNDI","URBANA","MASCULINO","1"
"2008-05-28T00:00:00.000","76","VALLE DEL CAUCA","76364","JAMUNDI","URBANA","MASCULINO","1"
"2008-05-27T00:00:00.000","76","VALLE DEL CAUCA","76364","JAMUNDI","RURAL","MASCULINO","1"
"2008-05-27T00:00:00.000","76","VALLE DEL CAUCA","76364","JAMUNDI","RURAL","MASCULINO","1"
"2008-05-20T00:00:00.000","76","VALLE DEL CAUCA","76364","JAMUNDI","RURAL","MASCULINO","1"
"2008-05-16T00:00:00.000","76","VALLE DEL CAUCA","76364","JAMUNDI","RURAL","MASCULINO","1"
"2008-05-14T00:00:00.000","76","VALLE DEL CAUCA","76364","JAMUNDI","RURAL","MASCULINO","1"
"2008-05-11T00:00:00.000","76","VALLE DEL CAUCA","76364","JAMUNDI","URBANA","MASCULINO","1"
"2008-04-21T00:00:00.000","76","VALLE DEL CAUCA","76364","JAMUNDI","URBANA","MASCULINO","1"
"2008-04-20T00:00:00.000","76","VALLE DEL CAUCA","76364","JAMUNDI","RURAL","MASCULINO","1"
"2008-04-14T00:00:00.000","76","VALLE DEL CAUCA","76364","JAMUNDI","URBANA","MASCULINO","1"
"2008-04-02T00:00:00.000","76","VALLE DEL CAUCA","76364","JAMUNDI","RURAL","MASCULINO","1"
"2008-04-02T00:00:00.000","76","VALLE DEL CAUCA","76364","JAMUNDI","RURAL","MASCULINO","1"
"2008-03-17T00:00:00.000","76","VALLE DEL CAUCA","76364","JAMUNDI","URBANA","FEMENINO","1"
"2008-03-17T00:00:00.000","76","VALLE DEL CAUCA","76364","JAMUNDI","URBANA","MASCULINO","1"
"2008-03-17T00:00:00.000","76","VALLE DEL CAUCA","76364","JAMUNDI","URBANA","MASCULINO","1"
"2008-03-16T00:00:00.000","76","VALLE DEL CAUCA","76364","JAMUNDI","RURAL","MASCULINO","1"
"2008-03-11T00:00:00.000","76","VALLE DEL CAUCA","76364","JAMUNDI","RURAL","MASCULINO","1"
"2008-03-09T00:00:00.000","76","VALLE DEL CAUCA","76364","JAMUNDI","RURAL","MASCULINO","1"
"2008-02-26T00:00:00.000","76","VALLE DEL CAUCA","76364","JAMUNDI","RURAL","FEMENINO","1"
"2008-02-24T00:00:00.000","76","VALLE DEL CAUCA","76364","JAMUNDI","RURAL","MASCULINO","1"
"2008-02-12T00:00:00.000","76","VALLE DEL CAUCA","76364","JAMUNDI","URBANA","FEMENINO","1"
"2008-02-01T00:00:00.000","76","VALLE DEL CAUCA","76364","JAMUNDI","URBANA","MASCULINO","1"
"2008-01-31T00:00:00.000","76","VALLE DEL CAUCA","76364","JAMUNDI","URBANA","MASCULINO","1"
"2008-01-26T00:00:00.000","76","VALLE DEL CAUCA","76364","JAMUNDI","RURAL","MASCULINO","1"
"2008-01-15T00:00:00.000","76","VALLE DEL CAUCA","76364","JAMUNDI","URBANA","MASCULINO","1"
"2008-01-13T00:00:00.000","76","VALLE DEL CAUCA","76364","JAMUNDI","URBANA","MASCULINO","1"
"2008-01-13T00:00:00.000","76","VALLE DEL CAUCA","76364","JAMUNDI","URBANA","MASCULINO","1"
"2008-01-07T00:00:00.000","76","VALLE DEL CAUCA","76364","JAMUNDI","URBANA","MASCULINO","1"
"2007-12-23T00:00:00.000","76","VALLE DEL CAUCA","76364","JAMUNDI","RURAL","MASCULINO","1"
"2007-12-02T00:00:00.000","76","VALLE DEL CAUCA","76364","JAMUNDI","RURAL","MASCULINO","1"
"2007-11-29T00:00:00.000","76","VALLE DEL CAUCA","76364","JAMUNDI","URBANA","MASCULINO","1"
"2007-11-29T00:00:00.000","76","VALLE DEL CAUCA","76364","JAMUNDI","URBANA","MASCULINO","1"
"2007-11-18T00:00:00.000","76","VALLE DEL CAUCA","76364","JAMUNDI","RURAL","MASCULINO","1"
"2007-11-13T00:00:00.000","76","VALLE DEL CAUCA","76364","JAMUNDI","URBANA","MASCULINO","1"
"2007-11-12T00:00:00.000","76","VALLE DEL CAUCA","76364","JAMUNDI","RURAL","MASCULINO","1"
"2007-11-10T00:00:00.000","76","VALLE DEL CAUCA","76364","JAMUNDI","URBANA","MASCULINO","1"
"2007-11-04T00:00:00.000","76","VALLE DEL CAUCA","76364","JAMUNDI","URBANA","MASCULINO","1"
"2007-11-04T00:00:00.000","76","VALLE DEL CAUCA","76364","JAMUNDI","URBANA","MASCULINO","1"
"2007-11-03T00:00:00.000","76","VALLE DEL CAUCA","76364","JAMUNDI","URBANA","MASCULINO","1"
"2007-10-28T00:00:00.000","76","VALLE DEL CAUCA","76364","JAMUNDI","URBANA","FEMENINO","1"
"2007-10-28T00:00:00.000","76","VALLE DEL CAUCA","76364","JAMUNDI","URBANA","MASCULINO","1"
"2007-10-25T00:00:00.000","76","VALLE DEL CAUCA","76364","JAMUNDI","URBANA","MASCULINO","1"
"2007-10-22T00:00:00.000","76","VALLE DEL CAUCA","76364","JAMUNDI","URBANA","MASCULINO","1"
"2007-10-17T00:00:00.000","76","VALLE DEL CAUCA","76364","JAMUNDI","URBANA","MASCULINO","1"
"2007-10-16T00:00:00.000","76","VALLE DEL CAUCA","76364","JAMUNDI","URBANA","MASCULINO","1"
"2007-10-05T00:00:00.000","76","VALLE DEL CAUCA","76364","JAMUNDI","URBANA","MASCULINO","1"
"2007-09-29T00:00:00.000","76","VALLE DEL CAUCA","76364","JAMUNDI","RURAL","MASCULINO","1"
"2007-09-23T00:00:00.000","76","VALLE DEL CAUCA","76364","JAMUNDI","RURAL","MASCULINO","1"
"2007-09-23T00:00:00.000","76","VALLE DEL CAUCA","76364","JAMUNDI","RURAL","MASCULINO","1"
"2007-09-17T00:00:00.000","76","VALLE DEL CAUCA","76364","JAMUNDI","RURAL","MASCULINO","1"
"2007-09-16T00:00:00.000","76","VALLE DEL CAUCA","76364","JAMUNDI","RURAL","MASCULINO","1"
"2007-09-16T00:00:00.000","76","VALLE DEL CAUCA","76364","JAMUNDI","RURAL","MASCULINO","1"
"2007-09-08T00:00:00.000","76","VALLE DEL CAUCA","76364","JAMUNDI","URBANA","MASCULINO","1"
"2007-09-08T00:00:00.000","76","VALLE DEL CAUCA","76364","JAMUNDI","URBANA","MASCULINO","1"
"2007-09-02T00:00:00.000","76","VALLE DEL CAUCA","76364","JAMUNDI","URBANA","MASCULINO","1"
"2007-08-26T00:00:00.000","76","VALLE DEL CAUCA","76364","JAMUNDI","URBANA","MASCULINO","1"
"2007-08-26T00:00:00.000","76","VALLE DEL CAUCA","76364","JAMUNDI","URBANA","MASCULINO","1"
"2007-08-16T00:00:00.000","76","VALLE DEL CAUCA","76364","JAMUNDI","URBANA","MASCULINO","1"
"2007-08-12T00:00:00.000","76","VALLE DEL CAUCA","76364","JAMUNDI","URBANA","MASCULINO","1"
"2007-08-03T00:00:00.000","76","VALLE DEL CAUCA","76364","JAMUNDI","URBANA","MASCULINO","1"
"2007-08-01T00:00:00.000","76","VALLE DEL CAUCA","76364","JAMUNDI","URBANA","MASCULINO","1"
"2007-07-23T00:00:00.000","76","VALLE DEL CAUCA","76364","JAMUNDI","URBANA","MASCULINO","1"
"2007-07-22T00:00:00.000","76","VALLE DEL CAUCA","76364","JAMUNDI","URBANA","MASCULINO","1"
"2007-07-09T00:00:00.000","76","VALLE DEL CAUCA","76364","JAMUNDI","RURAL","MASCULINO","1"
"2007-07-07T00:00:00.000","76","VALLE DEL CAUCA","76364","JAMUNDI","URBANA","MASCULINO","1"
"2007-06-29T00:00:00.000","76","VALLE DEL CAUCA","76364","JAMUNDI","RURAL","MASCULINO","1"
"2007-06-29T00:00:00.000","76","VALLE DEL CAUCA","76364","JAMUNDI","URBANA","MASCULINO","1"
"2007-06-26T00:00:00.000","76","VALLE DEL CAUCA","76364","JAMUNDI","RURAL","MASCULINO","1"
"2007-06-22T00:00:00.000","76","VALLE DEL CAUCA","76364","JAMUNDI","URBANA","MASCULINO","1"
"2007-06-22T00:00:00.000","76","VALLE DEL CAUCA","76364","JAMUNDI","URBANA","MASCULINO","1"
"2007-06-14T00:00:00.000","76","VALLE DEL CAUCA","76364","JAMUNDI","RURAL","MASCULINO","1"
"2007-06-12T00:00:00.000","76","VALLE DEL CAUCA","76364","JAMUNDI","RURAL","MASCULINO","1"
"2007-06-12T00:00:00.000","76","VALLE DEL CAUCA","76364","JAMUNDI","RURAL","MASCULINO","1"
"2007-06-11T00:00:00.000","76","VALLE DEL CAUCA","76364","JAMUNDI","URBANA","MASCULINO","1"
"2007-06-11T00:00:00.000","76","VALLE DEL CAUCA","76364","JAMUNDI","RURAL","MASCULINO","1"
"2007-06-05T00:00:00.000","76","VALLE DEL CAUCA","76364","JAMUNDI","RURAL","MASCULINO","1"
"2007-05-30T00:00:00.000","76","VALLE DEL CAUCA","76364","JAMUNDI","RURAL","FEMENINO","1"
"2007-05-30T00:00:00.000","76","VALLE DEL CAUCA","76364","JAMUNDI","RURAL","FEMENINO","1"
"2007-05-26T00:00:00.000","76","VALLE DEL CAUCA","76364","JAMUNDI","URBANA","MASCULINO","1"
"2007-05-25T00:00:00.000","76","VALLE DEL CAUCA","76364","JAMUNDI","URBANA","MASCULINO","1"
"2007-05-22T00:00:00.000","76","VALLE DEL CAUCA","76364","JAMUNDI","RURAL","MASCULINO","1"
"2007-05-17T00:00:00.000","76","VALLE DEL CAUCA","76364","JAMUNDI","RURAL","MASCULINO","1"
"2007-05-14T00:00:00.000","76","VALLE DEL CAUCA","76364","JAMUNDI","RURAL","MASCULINO","1"
"2007-05-11T00:00:00.000","76","VALLE DEL CAUCA","76364","JAMUNDI","RURAL","MASCULINO","1"
"2007-05-04T00:00:00.000","76","VALLE DEL CAUCA","76364","JAMUNDI","URBANA","MASCULINO","1"
"2007-05-04T00:00:00.000","76","VALLE DEL CAUCA","76364","JAMUNDI","RURAL","MASCULINO","1"
"2007-05-03T00:00:00.000","76","VALLE DEL CAUCA","76364","JAMUNDI","URBANA","MASCULINO","1"
"2007-04-30T00:00:00.000","76","VALLE DEL CAUCA","76364","JAMUNDI","URBANA","MASCULINO","1"
"2007-04-30T00:00:00.000","76","VALLE DEL CAUCA","76364","JAMUNDI","RURAL","MASCULINO","1"
"2007-04-28T00:00:00.000","76","VALLE DEL CAUCA","76364","JAMUNDI","RURAL","MASCULINO","1"
"2007-04-28T00:00:00.000","76","VALLE DEL CAUCA","76364","JAMUNDI","RURAL","MASCULINO","1"
"2007-04-24T00:00:00.000","76","VALLE DEL CAUCA","76364","JAMUNDI","RURAL","MASCULINO","1"
"2007-04-22T00:00:00.000","76","VALLE DEL CAUCA","76364","JAMUNDI","RURAL","MASCULINO","1"
"2007-04-21T00:00:00.000","76","VALLE DEL CAUCA","76364","JAMUNDI","URBANA","MASCULINO","1"
"2007-04-13T00:00:00.000","76","VALLE DEL CAUCA","76364","JAMUNDI","URBANA","MASCULINO","1"
"2007-04-07T00:00:00.000","76","VALLE DEL CAUCA","76364","JAMUNDI","URBANA","MASCULINO","1"
"2007-03-27T00:00:00.000","76","VALLE DEL CAUCA","76364","JAMUNDI","RURAL","MASCULINO","1"
"2007-03-25T00:00:00.000","76","VALLE DEL CAUCA","76364","JAMUNDI","RURAL","MASCULINO","1"
"2007-03-20T00:00:00.000","76","VALLE DEL CAUCA","76364","JAMUNDI","RURAL","FEMENINO","1"
"2007-03-07T00:00:00.000","76","VALLE DEL CAUCA","76364","JAMUNDI","RURAL","MASCULINO","1"
"2007-03-03T00:00:00.000","76","VALLE DEL CAUCA","76364","JAMUNDI","URBANA","MASCULINO","1"
"2007-02-25T00:00:00.000","76","VALLE DEL CAUCA","76364","JAMUNDI","RURAL","MASCULINO","1"
"2007-02-23T00:00:00.000","76","VALLE DEL CAUCA","76364","JAMUNDI","URBANA","MASCULINO","1"
"2007-02-16T00:00:00.000","76","VALLE DEL CAUCA","76364","JAMUNDI","URBANA","MASCULINO","1"
"2007-02-12T00:00:00.000","76","VALLE DEL CAUCA","76364","JAMUNDI","RURAL","MASCULINO","1"
"2007-02-06T00:00:00.000","76","VALLE DEL CAUCA","76364","JAMUNDI","RURAL","MASCULINO","1"
"2007-02-01T00:00:00.000","76","VALLE DEL CAUCA","76364","JAMUNDI","URBANA","MASCULINO","1"
"2007-01-30T00:00:00.000","76","VALLE DEL CAUCA","76364","JAMUNDI","URBANA","MASCULINO","1"
"2007-01-27T00:00:00.000","76","VALLE DEL CAUCA","76364","JAMUNDI","URBANA","MASCULINO","1"
"2007-01-26T00:00:00.000","76","VALLE DEL CAUCA","76364","JAMUNDI","RURAL","FEMENINO","1"
"2007-01-25T00:00:00.000","76","VALLE DEL CAUCA","76364","JAMUNDI","RURAL","MASCULINO","1"
"2007-01-16T00:00:00.000","76","VALLE DEL CAUCA","76364","JAMUNDI","URBANA","MASCULINO","1"
"2007-01-03T00:00:00.000","76","VALLE DEL CAUCA","76364","JAMUNDI","RURAL","MASCULINO","1"
"2007-01-02T00:00:00.000","76","VALLE DEL CAUCA","76364","JAMUNDI","RURAL","MASCULINO","1"
"2007-01-02T00:00:00.000","76","VALLE DEL CAUCA","76364","JAMUNDI","URBANA","MASCULINO","1"
"2007-01-01T00:00:00.000","76","VALLE DEL CAUCA","76364","JAMUNDI","RURAL","MASCULINO","1"
"2006-12-31T00:00:00.000","76","VALLE DEL CAUCA","76364","JAMUNDI","RURAL","MASCULINO","1"
"2006-12-27T00:00:00.000","76","VALLE DEL CAUCA","76364","JAMUNDI","RURAL","MASCULINO","1"
"2006-12-24T00:00:00.000","76","VALLE DEL CAUCA","76364","JAMUNDI","RURAL","MASCULINO","1"
"2006-12-24T00:00:00.000","76","VALLE DEL CAUCA","76364","JAMUNDI","RURAL","FEMENINO","1"
"2006-12-16T00:00:00.000","76","VALLE DEL CAUCA","76364","JAMUNDI","RURAL","MASCULINO","1"
"2006-12-16T00:00:00.000","76","VALLE DEL CAUCA","76364","JAMUNDI","RURAL","MASCULINO","1"
"2006-12-16T00:00:00.000","76","VALLE DEL CAUCA","76364","JAMUNDI","RURAL","MASCULINO","1"
"2006-12-16T00:00:00.000","76","VALLE DEL CAUCA","76364","JAMUNDI","RURAL","MASCULINO","1"
"2006-12-10T00:00:00.000","76","VALLE DEL CAUCA","76364","JAMUNDI","RURAL","FEMENINO","1"
"2006-12-10T00:00:00.000","76","VALLE DEL CAUCA","76364","JAMUNDI","RURAL","MASCULINO","1"
"2006-11-24T00:00:00.000","76","VALLE DEL CAUCA","76364","JAMUNDI","URBANA","MASCULINO","1"
"2006-11-14T00:00:00.000","76","VALLE DEL CAUCA","76364","JAMUNDI","RURAL","MASCULINO","1"
"2006-11-14T00:00:00.000","76","VALLE DEL CAUCA","76364","JAMUNDI","RURAL","MASCULINO","1"
"2006-11-14T00:00:00.000","76","VALLE DEL CAUCA","76364","JAMUNDI","URBANA","MASCULINO","1"
"2006-11-13T00:00:00.000","76","VALLE DEL CAUCA","76364","JAMUNDI","URBANA","MASCULINO","1"
"2006-11-06T00:00:00.000","76","VALLE DEL CAUCA","76364","JAMUNDI","URBANA","MASCULINO","1"
"2006-11-05T00:00:00.000","76","VALLE DEL CAUCA","76364","JAMUNDI","URBANA","MASCULINO","1"
"2006-11-02T00:00:00.000","76","VALLE DEL CAUCA","76364","JAMUNDI","RURAL","MASCULINO","1"
"2006-10-30T00:00:00.000","76","VALLE DEL CAUCA","76364","JAMUNDI","URBANA","MASCULINO","1"
"2006-10-18T00:00:00.000","76","VALLE DEL CAUCA","76364","JAMUNDI","RURAL","MASCULINO","1"
"2006-09-25T00:00:00.000","76","VALLE DEL CAUCA","76364","JAMUNDI","URBANA","MASCULINO","1"
"2006-09-23T00:00:00.000","76","VALLE DEL CAUCA","76364","JAMUNDI","RURAL","MASCULINO","1"
"2006-09-22T00:00:00.000","76","VALLE DEL CAUCA","76364","JAMUNDI","URBANA","MASCULINO","1"
"2006-09-20T00:00:00.000","76","VALLE DEL CAUCA","76364","JAMUNDI","URBANA","MASCULINO","1"
"2006-09-01T00:00:00.000","76","VALLE DEL CAUCA","76364","JAMUNDI","RURAL","MASCULINO","1"
"2006-08-18T00:00:00.000","76","VALLE DEL CAUCA","76364","JAMUNDI","RURAL","MASCULINO","1"
"2006-07-30T00:00:00.000","76","VALLE DEL CAUCA","76364","JAMUNDI","URBANA","MASCULINO","1"
"2006-07-16T00:00:00.000","76","VALLE DEL CAUCA","76364","JAMUNDI","RURAL","MASCULINO","1"
"2006-07-16T00:00:00.000","76","VALLE DEL CAUCA","76364","JAMUNDI","RURAL","MASCULINO","1"
"2006-07-16T00:00:00.000","76","VALLE DEL CAUCA","76364","JAMUNDI","RURAL","MASCULINO","1"
"2006-07-15T00:00:00.000","76","VALLE DEL CAUCA","76364","JAMUNDI","RURAL","MASCULINO","1"
"2006-07-08T00:00:00.000","76","VALLE DEL CAUCA","76364","JAMUNDI","URBANA","MASCULINO","1"
"2006-07-03T00:00:00.000","76","VALLE DEL CAUCA","76364","JAMUNDI","URBANA","MASCULINO","1"
"2006-06-20T00:00:00.000","76","VALLE DEL CAUCA","76364","JAMUNDI","URBANA","FEMENINO","1"
"2006-06-16T00:00:00.000","76","VALLE DEL CAUCA","76364","JAMUNDI","RURAL","MASCULINO","1"
"2006-06-16T00:00:00.000","76","VALLE DEL CAUCA","76364","JAMUNDI","RURAL","MASCULINO","1"
"2006-06-13T00:00:00.000","76","VALLE DEL CAUCA","76364","JAMUNDI","RURAL","MASCULINO","1"
"2006-05-19T00:00:00.000","76","VALLE DEL CAUCA","76364","JAMUNDI","URBANA","MASCULINO","1"
"2006-05-10T00:00:00.000","76","VALLE DEL CAUCA","76364","JAMUNDI","RURAL","MASCULINO","1"
"2006-05-10T00:00:00.000","76","VALLE DEL CAUCA","76364","JAMUNDI","RURAL","MASCULINO","1"
"2006-05-04T00:00:00.000","76","VALLE DEL CAUCA","76364","JAMUNDI","RURAL","MASCULINO","1"
"2006-04-17T00:00:00.000","76","VALLE DEL CAUCA","76364","JAMUNDI","RURAL","MASCULINO","1"
"2006-04-09T00:00:00.000","76","VALLE DEL CAUCA","76364","JAMUNDI","RURAL","MASCULINO","1"
"2006-04-06T00:00:00.000","76","VALLE DEL CAUCA","76364","JAMUNDI","RURAL","MASCULINO","1"
"2006-04-06T00:00:00.000","76","VALLE DEL CAUCA","76364","JAMUNDI","RURAL","MASCULINO","1"
"2006-04-06T00:00:00.000","76","VALLE DEL CAUCA","76364","JAMUNDI","RURAL","MASCULINO","1"
"2006-04-04T00:00:00.000","76","VALLE DEL CAUCA","76364","JAMUNDI","RURAL","MASCULINO","1"
"2006-04-03T00:00:00.000","76","VALLE DEL CAUCA","76364","JAMUNDI","RURAL","MASCULINO","1"
"2006-04-03T00:00:00.000","76","VALLE DEL CAUCA","76364","JAMUNDI","RURAL","MASCULINO","1"
"2006-03-31T00:00:00.000","76","VALLE DEL CAUCA","76364","JAMUNDI","URBANA","MASCULINO","1"
"2006-03-30T00:00:00.000","76","VALLE DEL CAUCA","76364","JAMUNDI","URBANA","MASCULINO","1"
"2006-03-09T00:00:00.000","76","VALLE DEL CAUCA","76364","JAMUNDI","RURAL","MASCULINO","1"
"2006-03-04T00:00:00.000","76","VALLE DEL CAUCA","76364","JAMUNDI","RURAL","MASCULINO","1"
"2006-03-03T00:00:00.000","76","VALLE DEL CAUCA","76364","JAMUNDI","RURAL","MASCULINO","1"
"2006-02-17T00:00:00.000","76","VALLE DEL CAUCA","76364","JAMUNDI","RURAL","MASCULINO","1"
"2006-02-16T00:00:00.000","76","VALLE DEL CAUCA","76364","JAMUNDI","URBANA","MASCULINO","1"
"2006-02-09T00:00:00.000","76","VALLE DEL CAUCA","76364","JAMUNDI","RURAL","MASCULINO","1"
"2006-01-18T00:00:00.000","76","VALLE DEL CAUCA","76364","JAMUNDI","URBANA","MASCULINO","1"
"2005-12-30T00:00:00.000","76","VALLE DEL CAUCA","76364","JAMUNDI","URBANA","MASCULINO","1"
"2005-12-25T00:00:00.000","76","VALLE DEL CAUCA","76364","JAMUNDI","RURAL","MASCULINO","1"
"2005-12-20T00:00:00.000","76","VALLE DEL CAUCA","76364","JAMUNDI","URBANA","MASCULINO","1"
"2005-12-19T00:00:00.000","76","VALLE DEL CAUCA","76364","JAMUNDI","URBANA","MASCULINO","1"
"2005-12-07T00:00:00.000","76","VALLE DEL CAUCA","76364","JAMUNDI","URBANA","MASCULINO","1"
"2005-12-04T00:00:00.000","76","VALLE DEL CAUCA","76364","JAMUNDI","RURAL","MASCULINO","1"
"2005-11-12T00:00:00.000","76","VALLE DEL CAUCA","76364","JAMUNDI","URBANA","MASCULINO","1"
"2005-11-03T00:00:00.000","76","VALLE DEL CAUCA","76364","JAMUNDI","RURAL","MASCULINO","1"
"2005-11-02T00:00:00.000","76","VALLE DEL CAUCA","76364","JAMUNDI","RURAL","MASCULINO","1"
"2005-10-20T00:00:00.000","76","VALLE DEL CAUCA","76364","JAMUNDI","URBANA","MASCULINO","1"
"2005-10-19T00:00:00.000","76","VALLE DEL CAUCA","76364","JAMUNDI","RURAL","FEMENINO","1"
"2005-10-13T00:00:00.000","76","VALLE DEL CAUCA","76364","JAMUNDI","RURAL","FEMENINO","1"
"2005-10-12T00:00:00.000","76","VALLE DEL CAUCA","76364","JAMUNDI","RURAL","MASCULINO","1"
"2005-10-03T00:00:00.000","76","VALLE DEL CAUCA","76364","JAMUNDI","URBANA","MASCULINO","1"
"2005-09-21T00:00:00.000","76","VALLE DEL CAUCA","76364","JAMUNDI","RURAL","MASCULINO","1"
"2005-09-21T00:00:00.000","76","VALLE DEL CAUCA","76364","JAMUNDI","RURAL","MASCULINO","1"
"2005-09-19T00:00:00.000","76","VALLE DEL CAUCA","76364","JAMUNDI","RURAL","MASCULINO","1"
"2005-09-17T00:00:00.000","76","VALLE DEL CAUCA","76364","JAMUNDI","RURAL","MASCULINO","1"
"2005-09-17T00:00:00.000","76","VALLE DEL CAUCA","76364","JAMUNDI","RURAL","MASCULINO","1"
"2005-09-16T00:00:00.000","76","VALLE DEL CAUCA","76364","JAMUNDI","URBANA","MASCULINO","1"
"2005-08-10T00:00:00.000","76","VALLE DEL CAUCA","76364","JAMUNDI","RURAL","MASCULINO","1"
"2005-08-09T00:00:00.000","76","VALLE DEL CAUCA","76364","JAMUNDI","RURAL","MASCULINO","1"
"2005-08-02T00:00:00.000","76","VALLE DEL CAUCA","76364","JAMUNDI","URBANA","MASCULINO","1"
"2005-07-20T00:00:00.000","76","VALLE DEL CAUCA","76364","JAMUNDI","RURAL","MASCULINO","1"
"2005-07-18T00:00:00.000","76","VALLE DEL CAUCA","76364","JAMUNDI","RURAL","MASCULINO","1"
"2005-07-17T00:00:00.000","76","VALLE DEL CAUCA","76364","JAMUNDI","URBANA","MASCULINO","1"
"2005-07-16T00:00:00.000","76","VALLE DEL CAUCA","76364","JAMUNDI","RURAL","MASCULINO","1"
"2005-07-14T00:00:00.000","76","VALLE DEL CAUCA","76364","JAMUNDI","URBANA","MASCULINO","1"
"2005-07-14T00:00:00.000","76","VALLE DEL CAUCA","76364","JAMUNDI","URBANA","MASCULINO","1"
"2005-07-08T00:00:00.000","76","VALLE DEL CAUCA","76364","JAMUNDI","RURAL","MASCULINO","1"
"2005-07-07T00:00:00.000","76","VALLE DEL CAUCA","76364","JAMUNDI","RURAL","MASCULINO","1"
"2005-07-01T00:00:00.000","76","VALLE DEL CAUCA","76364","JAMUNDI","RURAL","MASCULINO","1"
"2005-06-21T00:00:00.000","76","VALLE DEL CAUCA","76364","JAMUNDI","RURAL","MASCULINO","1"
"2005-06-19T00:00:00.000","76","VALLE DEL CAUCA","76364","JAMUNDI","RURAL","MASCULINO","1"
"2005-06-19T00:00:00.000","76","VALLE DEL CAUCA","76364","JAMUNDI","RURAL","MASCULINO","1"
"2005-06-08T00:00:00.000","76","VALLE DEL CAUCA","76364","JAMUNDI","RURAL","MASCULINO","1"
"2005-06-06T00:00:00.000","76","VALLE DEL CAUCA","76364","JAMUNDI","URBANA","FEMENINO","1"
"2005-06-01T00:00:00.000","76","VALLE DEL CAUCA","76364","JAMUNDI","RURAL","MASCULINO","1"
"2005-05-30T00:00:00.000","76","VALLE DEL CAUCA","76364","JAMUNDI","URBANA","MASCULINO","1"
"2005-05-19T00:00:00.000","76","VALLE DEL CAUCA","76364","JAMUNDI","RURAL","MASCULINO","1"
"2005-05-15T00:00:00.000","76","VALLE DEL CAUCA","76364","JAMUNDI","URBANA","MASCULINO","1"
"2005-05-12T00:00:00.000","76","VALLE DEL CAUCA","76364","JAMUNDI","URBANA","MASCULINO","1"
"2005-05-07T00:00:00.000","76","VALLE DEL CAUCA","76364","JAMUNDI","RURAL","MASCULINO","1"
"2005-05-06T00:00:00.000","76","VALLE DEL CAUCA","76364","JAMUNDI","RURAL","MASCULINO","1"
"2005-05-04T00:00:00.000","76","VALLE DEL CAUCA","76364","JAMUNDI","URBANA","MASCULINO","1"
"2005-04-29T00:00:00.000","76","VALLE DEL CAUCA","76364","JAMUNDI","RURAL","MASCULINO","1"
"2005-04-18T00:00:00.000","76","VALLE DEL CAUCA","76364","JAMUNDI","URBANA","MASCULINO","1"
"2005-04-10T00:00:00.000","76","VALLE DEL CAUCA","76364","JAMUNDI","URBANA","MASCULINO","1"
"2005-04-09T00:00:00.000","76","VALLE DEL CAUCA","76364","JAMUNDI","RURAL","MASCULINO","1"
"2005-04-03T00:00:00.000","76","VALLE DEL CAUCA","76364","JAMUNDI","URBANA","MASCULINO","1"
"2005-03-21T00:00:00.000","76","VALLE DEL CAUCA","76364","JAMUNDI","URBANA","MASCULINO","1"
"2005-03-14T00:00:00.000","76","VALLE DEL CAUCA","76364","JAMUNDI","RURAL","MASCULINO","1"
"2005-03-13T00:00:00.000","76","VALLE DEL CAUCA","76364","JAMUNDI","RURAL","MASCULINO","1"
"2005-03-10T00:00:00.000","76","VALLE DEL CAUCA","76364","JAMUNDI","URBANA","MASCULINO","1"
"2005-03-06T00:00:00.000","76","VALLE DEL CAUCA","76364","JAMUNDI","RURAL","MASCULINO","1"
"2005-03-02T00:00:00.000","76","VALLE DEL CAUCA","76364","JAMUNDI","URBANA","MASCULINO","1"
"2005-02-27T00:00:00.000","76","VALLE DEL CAUCA","76364","JAMUNDI","URBANA","MASCULINO","1"
"2005-02-23T00:00:00.000","76","VALLE DEL CAUCA","76364","JAMUNDI","URBANA","MASCULINO","1"
"2005-02-12T00:00:00.000","76","VALLE DEL CAUCA","76364","JAMUNDI","URBANA","MASCULINO","1"
"2005-02-11T00:00:00.000","76","VALLE DEL CAUCA","76364","JAMUNDI","URBANA","MASCULINO","1"
"2005-02-11T00:00:00.000","76","VALLE DEL CAUCA","76364","JAMUNDI","URBANA","MASCULINO","1"
"2005-02-11T00:00:00.000","76","VALLE DEL CAUCA","76364","JAMUNDI","URBANA","MASCULINO","1"
"2005-01-29T00:00:00.000","76","VALLE DEL CAUCA","76364","JAMUNDI","RURAL","MASCULINO","1"
"2005-01-23T00:00:00.000","76","VALLE DEL CAUCA","76364","JAMUNDI","URBANA","MASCULINO","1"
"2005-01-15T00:00:00.000","76","VALLE DEL CAUCA","76364","JAMUNDI","RURAL","MASCULINO","1"
"2005-01-12T00:00:00.000","76","VALLE DEL CAUCA","76364","JAMUNDI","URBANA","MASCULINO","1"
"2005-01-10T00:00:00.000","76","VALLE DEL CAUCA","76364","JAMUNDI","URBANA","MASCULINO","1"
"2005-01-10T00:00:00.000","76","VALLE DEL CAUCA","76364","JAMUNDI","URBANA","MASCULINO","1"
"2004-12-31T00:00:00.000","76","VALLE DEL CAUCA","76364","JAMUNDI","URBANA","MASCULINO","1"
"2004-12-27T00:00:00.000","76","VALLE DEL CAUCA","76364","JAMUNDI","RURAL","MASCULINO","1"
"2004-12-27T00:00:00.000","76","VALLE DEL CAUCA","76364","JAMUNDI","RURAL","MASCULINO","1"
"2004-12-25T00:00:00.000","76","VALLE DEL CAUCA","76364","JAMUNDI","RURAL","MASCULINO","1"
"2004-12-25T00:00:00.000","76","VALLE DEL CAUCA","76364","JAMUNDI","RURAL","MASCULINO","1"
"2004-12-22T00:00:00.000","76","VALLE DEL CAUCA","76364","JAMUNDI","RURAL","MASCULINO","1"
"2004-12-22T00:00:00.000","76","VALLE DEL CAUCA","76364","JAMUNDI","RURAL","MASCULINO","1"
"2004-12-18T00:00:00.000","76","VALLE DEL CAUCA","76364","JAMUNDI","RURAL","MASCULINO","1"
"2004-12-14T00:00:00.000","76","VALLE DEL CAUCA","76364","JAMUNDI","RURAL","MASCULINO","1"
"2004-12-13T00:00:00.000","76","VALLE DEL CAUCA","76364","JAMUNDI","RURAL","MASCULINO","1"
"2004-12-12T00:00:00.000","76","VALLE DEL CAUCA","76364","JAMUNDI","RURAL","MASCULINO","1"
"2004-12-12T00:00:00.000","76","VALLE DEL CAUCA","76364","JAMUNDI","RURAL","MASCULINO","1"
"2004-12-11T00:00:00.000","76","VALLE DEL CAUCA","76364","JAMUNDI","RURAL","MASCULINO","1"
"2004-12-09T00:00:00.000","76","VALLE DEL CAUCA","76364","JAMUNDI","RURAL","MASCULINO","1"
"2004-12-08T00:00:00.000","76","VALLE DEL CAUCA","76364","JAMUNDI","RURAL","MASCULINO","1"
"2004-12-06T00:00:00.000","76","VALLE DEL CAUCA","76364","JAMUNDI","RURAL","FEMENINO","1"
"2004-12-05T00:00:00.000","76","VALLE DEL CAUCA","76364","JAMUNDI","RURAL","MASCULINO","1"
"2004-12-04T00:00:00.000","76","VALLE DEL CAUCA","76364","JAMUNDI","RURAL","FEMENINO","1"
"2004-12-04T00:00:00.000","76","VALLE DEL CAUCA","76364","JAMUNDI","RURAL","MASCULINO","1"
"2004-11-15T00:00:00.000","76","VALLE DEL CAUCA","76364","JAMUNDI","RURAL","MASCULINO","1"
"2004-10-19T00:00:00.000","76","VALLE DEL CAUCA","76364","JAMUNDI","RURAL","MASCULINO","1"
"2004-10-14T00:00:00.000","76","VALLE DEL CAUCA","76364","JAMUNDI","RURAL","MASCULINO","1"
"2004-10-10T00:00:00.000","76","VALLE DEL CAUCA","76364","JAMUNDI","RURAL","MASCULINO","1"
"2004-10-08T00:00:00.000","76","VALLE DEL CAUCA","76364","JAMUNDI","RURAL","MASCULINO","1"
"2004-10-04T00:00:00.000","76","VALLE DEL CAUCA","76364","JAMUNDI","RURAL","MASCULINO","1"
"2004-10-04T00:00:00.000","76","VALLE DEL CAUCA","76364","JAMUNDI","RURAL","MASCULINO","1"
"2004-09-24T00:00:00.000","76","VALLE DEL CAUCA","76364","JAMUNDI","RURAL","MASCULINO","1"
"2004-09-23T00:00:00.000","76","VALLE DEL CAUCA","76364","JAMUNDI","RURAL","MASCULINO","1"
"2004-09-22T00:00:00.000","76","VALLE DEL CAUCA","76364","JAMUNDI","RURAL","MASCULINO","1"
"2004-09-13T00:00:00.000","76","VALLE DEL CAUCA","76364","JAMUNDI","RURAL","MASCULINO","1"
"2004-09-13T00:00:00.000","76","VALLE DEL CAUCA","76364","JAMUNDI","RURAL","MASCULINO","1"
"2004-09-12T00:00:00.000","76","VALLE DEL CAUCA","76364","JAMUNDI","RURAL","MASCULINO","1"
"2004-09-12T00:00:00.000","76","VALLE DEL CAUCA","76364","JAMUNDI","RURAL","MASCULINO","1"
"2004-09-11T00:00:00.000","76","VALLE DEL CAUCA","76364","JAMUNDI","RURAL","MASCULINO","1"
"2004-09-06T00:00:00.000","76","VALLE DEL CAUCA","76364","JAMUNDI","RURAL","MASCULINO","1"
"2004-08-30T00:00:00.000","76","VALLE DEL CAUCA","76364","JAMUNDI","RURAL","MASCULINO","1"
"2004-08-30T00:00:00.000","76","VALLE DEL CAUCA","76364","JAMUNDI","RURAL","MASCULINO","1"
"2004-08-30T00:00:00.000","76","VALLE DEL CAUCA","76364","JAMUNDI","RURAL","MASCULINO","1"
"2004-08-30T00:00:00.000","76","VALLE DEL CAUCA","76364","JAMUNDI","RURAL","MASCULINO","1"
"2004-08-30T00:00:00.000","76","VALLE DEL CAUCA","76364","JAMUNDI","RURAL","MASCULINO","1"
"2004-08-30T00:00:00.000","76","VALLE DEL CAUCA","76364","JAMUNDI","RURAL","MASCULINO","1"
"2004-08-30T00:00:00.000","76","VALLE DEL CAUCA","76364","JAMUNDI","RURAL","MASCULINO","1"
"2004-08-16T00:00:00.000","76","VALLE DEL CAUCA","76364","JAMUNDI","RURAL","MASCULINO","1"
"2004-08-07T00:00:00.000","76","VALLE DEL CAUCA","76364","JAMUNDI","RURAL","MASCULINO","1"
"2004-08-07T00:00:00.000","76","VALLE DEL CAUCA","76364","JAMUNDI","RURAL","MASCULINO","1"
"2004-08-05T00:00:00.000","76","VALLE DEL CAUCA","76364","JAMUNDI","RURAL","MASCULINO","1"
"2004-07-31T00:00:00.000","76","VALLE DEL CAUCA","76364","JAMUNDI","RURAL","MASCULINO","1"
"2004-07-29T00:00:00.000","76","VALLE DEL CAUCA","76364","JAMUNDI","RURAL","MASCULINO","1"
"2004-07-25T00:00:00.000","76","VALLE DEL CAUCA","76364","JAMUNDI","RURAL","MASCULINO","1"
"2004-07-25T00:00:00.000","76","VALLE DEL CAUCA","76364","JAMUNDI","RURAL","MASCULINO","1"
"2004-07-22T00:00:00.000","76","VALLE DEL CAUCA","76364","JAMUNDI","RURAL","MASCULINO","1"
"2004-07-20T00:00:00.000","76","VALLE DEL CAUCA","76364","JAMUNDI","RURAL","MASCULINO","1"
"2004-07-19T00:00:00.000","76","VALLE DEL CAUCA","76364","JAMUNDI","RURAL","MASCULINO","1"
"2004-07-18T00:00:00.000","76","VALLE DEL CAUCA","76364","JAMUNDI","RURAL","MASCULINO","1"
"2004-07-14T00:00:00.000","76","VALLE DEL CAUCA","76364","JAMUNDI","RURAL","MASCULINO","1"
"2004-07-13T00:00:00.000","76","VALLE DEL CAUCA","76364","JAMUNDI","RURAL","MASCULINO","1"
"2004-07-11T00:00:00.000","76","VALLE DEL CAUCA","76364","JAMUNDI","RURAL","MASCULINO","1"
"2004-07-10T00:00:00.000","76","VALLE DEL CAUCA","76364","JAMUNDI","RURAL","MASCULINO","1"
"2004-07-05T00:00:00.000","76","VALLE DEL CAUCA","76364","JAMUNDI","RURAL","MASCULINO","1"
"2004-06-28T00:00:00.000","76","VALLE DEL CAUCA","76364","JAMUNDI","RURAL","MASCULINO","1"
"2004-06-22T00:00:00.000","76","VALLE DEL CAUCA","76364","JAMUNDI","RURAL","FEMENINO","1"
"2004-06-20T00:00:00.000","76","VALLE DEL CAUCA","76364","JAMUNDI","RURAL","MASCULINO","1"
"2004-06-15T00:00:00.000","76","VALLE DEL CAUCA","76364","JAMUNDI","RURAL","MASCULINO","1"
"2004-06-08T00:00:00.000","76","VALLE DEL CAUCA","76364","JAMUNDI","RURAL","MASCULINO","1"
"2004-06-01T00:00:00.000","76","VALLE DEL CAUCA","76364","JAMUNDI","RURAL","FEMENINO","1"
"2004-05-31T00:00:00.000","76","VALLE DEL CAUCA","76364","JAMUNDI","RURAL","MASCULINO","1"
"2004-05-27T00:00:00.000","76","VALLE DEL CAUCA","76364","JAMUNDI","RURAL","MASCULINO","1"
"2004-05-26T00:00:00.000","76","VALLE DEL CAUCA","76364","JAMUNDI","RURAL","MASCULINO","1"
"2004-05-24T00:00:00.000","76","VALLE DEL CAUCA","76364","JAMUNDI","RURAL","MASCULINO","1"
"2004-05-24T00:00:00.000","76","VALLE DEL CAUCA","76364","JAMUNDI","RURAL","MASCULINO","1"
"2004-05-21T00:00:00.000","76","VALLE DEL CAUCA","76364","JAMUNDI","RURAL","MASCULINO","1"
"2004-05-21T00:00:00.000","76","VALLE DEL CAUCA","76364","JAMUNDI","RURAL","MASCULINO","1"
"2004-05-21T00:00:00.000","76","VALLE DEL CAUCA","76364","JAMUNDI","RURAL","MASCULINO","1"
"2004-05-21T00:00:00.000","76","VALLE DEL CAUCA","76364","JAMUNDI","RURAL","MASCULINO","1"
"2004-05-17T00:00:00.000","76","VALLE DEL CAUCA","76364","JAMUNDI","RURAL","MASCULINO","1"
"2004-05-10T00:00:00.000","76","VALLE DEL CAUCA","76364","JAMUNDI","RURAL","MASCULINO","1"
"2004-05-10T00:00:00.000","76","VALLE DEL CAUCA","76364","JAMUNDI","RURAL","MASCULINO","1"
"2004-04-29T00:00:00.000","76","VALLE DEL CAUCA","76364","JAMUNDI","RURAL","MASCULINO","1"
"2004-04-29T00:00:00.000","76","VALLE DEL CAUCA","76364","JAMUNDI","RURAL","MASCULINO","1"
"2004-04-28T00:00:00.000","76","VALLE DEL CAUCA","76364","JAMUNDI","RURAL","MASCULINO","1"
"2004-04-25T00:00:00.000","76","VALLE DEL CAUCA","76364","JAMUNDI","RURAL","MASCULINO","1"
"2004-04-13T00:00:00.000","76","VALLE DEL CAUCA","76364","JAMUNDI","RURAL","MASCULINO","1"
"2004-04-08T00:00:00.000","76","VALLE DEL CAUCA","76364","JAMUNDI","RURAL","MASCULINO","1"
"2004-04-06T00:00:00.000","76","VALLE DEL CAUCA","76364","JAMUNDI","RURAL","FEMENINO","1"
"2004-04-06T00:00:00.000","76","VALLE DEL CAUCA","76364","JAMUNDI","RURAL","MASCULINO","1"
"2004-04-02T00:00:00.000","76","VALLE DEL CAUCA","76364","JAMUNDI","RURAL","MASCULINO","1"
"2004-03-28T00:00:00.000","76","VALLE DEL CAUCA","76364","JAMUNDI","RURAL","MASCULINO","1"
"2004-03-26T00:00:00.000","76","VALLE DEL CAUCA","76364","JAMUNDI","RURAL","FEMENINO","1"
"2004-03-26T00:00:00.000","76","VALLE DEL CAUCA","76364","JAMUNDI","RURAL","MASCULINO","1"
"2004-03-22T00:00:00.000","76","VALLE DEL CAUCA","76364","JAMUNDI","URBANA","MASCULINO","1"
"2004-03-21T00:00:00.000","76","VALLE DEL CAUCA","76364","JAMUNDI","RURAL","MASCULINO","1"
"2004-03-17T00:00:00.000","76","VALLE DEL CAUCA","76364","JAMUNDI","RURAL","MASCULINO","1"
"2004-03-15T00:00:00.000","76","VALLE DEL CAUCA","76364","JAMUNDI","RURAL","MASCULINO","1"
"2004-03-11T00:00:00.000","76","VALLE DEL CAUCA","76364","JAMUNDI","RURAL","FEMENINO","1"
"2004-03-06T00:00:00.000","76","VALLE DEL CAUCA","76364","JAMUNDI","RURAL","MASCULINO","1"
"2004-03-03T00:00:00.000","76","VALLE DEL CAUCA","76364","JAMUNDI","RURAL","MASCULINO","1"
"2004-03-02T00:00:00.000","76","VALLE DEL CAUCA","76364","JAMUNDI","RURAL","MASCULINO","1"
"2004-02-24T00:00:00.000","76","VALLE DEL CAUCA","76364","JAMUNDI","RURAL","MASCULINO","1"
"2004-02-22T00:00:00.000","76","VALLE DEL CAUCA","76364","JAMUNDI","RURAL","FEMENINO","1"
"2004-02-18T00:00:00.000","76","VALLE DEL CAUCA","76364","JAMUNDI","RURAL","MASCULINO","1"
"2004-02-15T00:00:00.000","76","VALLE DEL CAUCA","76364","JAMUNDI","RURAL","FEMENINO","1"
"2004-02-13T00:00:00.000","76","VALLE DEL CAUCA","76364","JAMUNDI","RURAL","MASCULINO","1"
"2004-01-12T00:00:00.000","76","VALLE DEL CAUCA","76364","JAMUNDI","RURAL","FEMENINO","1"
"2004-01-11T00:00:00.000","76","VALLE DEL CAUCA","76364","JAMUNDI","RURAL","MASCULINO","1"
"2004-01-11T00:00:00.000","76","VALLE DEL CAUCA","76364","JAMUNDI","RURAL","FEMENINO","1"
"2004-01-03T00:00:00.000","76","VALLE DEL CAUCA","76364","JAMUNDI","RURAL","MASCULINO","1"
"2003-12-18T00:00:00.000","76","VALLE DEL CAUCA","76364","JAMUNDI","URBANA","MASCULINO","1"
"2003-12-15T00:00:00.000","76","VALLE DEL CAUCA","76364","JAMUNDI","RURAL","MASCULINO","1"
"2003-12-15T00:00:00.000","76","VALLE DEL CAUCA","76364","JAMUNDI","RURAL","MASCULINO","1"
"2003-12-11T00:00:00.000","76","VALLE DEL CAUCA","76364","JAMUNDI","URBANA","MASCULINO","1"
"2003-12-08T00:00:00.000","76","VALLE DEL CAUCA","76364","JAMUNDI","RURAL","MASCULINO","1"
"2003-12-08T00:00:00.000","76","VALLE DEL CAUCA","76364","JAMUNDI","RURAL","MASCULINO","1"
"2003-12-01T00:00:00.000","76","VALLE DEL CAUCA","76364","JAMUNDI","RURAL","MASCULINO","1"
"2003-11-27T00:00:00.000","76","VALLE DEL CAUCA","76364","JAMUNDI","URBANA","MASCULINO","1"
"2003-11-23T00:00:00.000","76","VALLE DEL CAUCA","76364","JAMUNDI","RURAL","MASCULINO","1"
"2003-11-18T00:00:00.000","76","VALLE DEL CAUCA","76364","JAMUNDI","URBANA","MASCULINO","1"
"2003-11-10T00:00:00.000","76","VALLE DEL CAUCA","76364","JAMUNDI","RURAL","MASCULINO","1"
"2003-11-05T00:00:00.000","76","VALLE DEL CAUCA","76364","JAMUNDI","URBANA","MASCULINO","1"
"2003-11-02T00:00:00.000","76","VALLE DEL CAUCA","76364","JAMUNDI","RURAL","MASCULINO","1"
"2003-11-02T00:00:00.000","76","VALLE DEL CAUCA","76364","JAMUNDI","URBANA","MASCULINO","1"
"2003-10-28T00:00:00.000","76","VALLE DEL CAUCA","76364","JAMUNDI","RURAL","MASCULINO","1"
"2003-10-21T00:00:00.000","76","VALLE DEL CAUCA","76364","JAMUNDI","URBANA","MASCULINO","1"
"2003-10-04T00:00:00.000","76","VALLE DEL CAUCA","76364","JAMUNDI","URBANA","MASCULINO","1"
"2003-09-29T00:00:00.000","76","VALLE DEL CAUCA","76364","JAMUNDI","URBANA","FEMENINO","1"
"2003-09-27T00:00:00.000","76","VALLE DEL CAUCA","76364","JAMUNDI","RURAL","MASCULINO","1"
"2003-09-25T00:00:00.000","76","VALLE DEL CAUCA","76364","JAMUNDI","URBANA","MASCULINO","1"
"2003-09-23T00:00:00.000","76","VALLE DEL CAUCA","76364","JAMUNDI","RURAL","MASCULINO","1"
"2003-09-06T00:00:00.000","76","VALLE DEL CAUCA","76364","JAMUNDI","URBANA","MASCULINO","1"
"2003-09-04T00:00:00.000","76","VALLE DEL CAUCA","76364","JAMUNDI","RURAL","MASCULINO","1"
"2003-08-25T00:00:00.000","76","VALLE DEL CAUCA","76364","JAMUNDI","URBANA","MASCULINO","1"
"2003-08-23T00:00:00.000","76","VALLE DEL CAUCA","76364","JAMUNDI","RURAL","MASCULINO","1"
"2003-08-17T00:00:00.000","76","VALLE DEL CAUCA","76364","JAMUNDI","URBANA","MASCULINO","1"
"2003-08-15T00:00:00.000","76","VALLE DEL CAUCA","76364","JAMUNDI","URBANA","FEMENINO","1"
"2003-08-13T00:00:00.000","76","VALLE DEL CAUCA","76364","JAMUNDI","URBANA","MASCULINO","1"
"2003-07-10T00:00:00.000","76","VALLE DEL CAUCA","76364","JAMUNDI","URBANA","MASCULINO","1"
"2003-06-28T00:00:00.000","76","VALLE DEL CAUCA","76364","JAMUNDI","URBANA","MASCULINO","1"
"2003-06-27T00:00:00.000","76","VALLE DEL CAUCA","76364","JAMUNDI","RURAL","FEMENINO","1"
"2003-06-23T00:00:00.000","76","VALLE DEL CAUCA","76364","JAMUNDI","URBANA","MASCULINO","1"
"2003-06-23T00:00:00.000","76","VALLE DEL CAUCA","76364","JAMUNDI","URBANA","MASCULINO","1"
"2003-06-10T00:00:00.000","76","VALLE DEL CAUCA","76364","JAMUNDI","URBANA","MASCULINO","1"
"2003-05-22T00:00:00.000","76","VALLE DEL CAUCA","76364","JAMUNDI","RURAL","MASCULINO","1"
"2003-05-18T00:00:00.000","76","VALLE DEL CAUCA","76364","JAMUNDI","URBANA","MASCULINO","1"
"2003-05-11T00:00:00.000","76","VALLE DEL CAUCA","76364","JAMUNDI","URBANA","MASCULINO","1"
"2003-05-11T00:00:00.000","76","VALLE DEL CAUCA","76364","JAMUNDI","RURAL","MASCULINO","1"
"2003-05-02T00:00:00.000","76","VALLE DEL CAUCA","76364","JAMUNDI","URBANA","MASCULINO","1"
"2003-04-25T00:00:00.000","76","VALLE DEL CAUCA","76364","JAMUNDI","URBANA","MASCULINO","1"
"2003-04-08T00:00:00.000","76","VALLE DEL CAUCA","76364","JAMUNDI","URBANA","MASCULINO","1"
"2003-04-08T00:00:00.000","76","VALLE DEL CAUCA","76364","JAMUNDI","URBANA","MASCULINO","1"
"2003-04-07T00:00:00.000","76","VALLE DEL CAUCA","76364","JAMUNDI","RURAL","MASCULINO","1"
"2003-04-04T00:00:00.000","76","VALLE DEL CAUCA","76364","JAMUNDI","URBANA","MASCULINO","1"
"2003-04-02T00:00:00.000","76","VALLE DEL CAUCA","76364","JAMUNDI","RURAL","MASCULINO","1"
"2003-04-02T00:00:00.000","76","VALLE DEL CAUCA","76364","JAMUNDI","URBANA","MASCULINO","1"
"2003-03-31T00:00:00.000","76","VALLE DEL CAUCA","76364","JAMUNDI","RURAL","MASCULINO","1"
"2003-03-31T00:00:00.000","76","VALLE DEL CAUCA","76364","JAMUNDI","RURAL","MASCULINO","1"
"2003-03-20T00:00:00.000","76","VALLE DEL CAUCA","76364","JAMUNDI","URBANA","MASCULINO","1"
"2003-03-14T00:00:00.000","76","VALLE DEL CAUCA","76364","JAMUNDI","URBANA","MASCULINO","1"
"2003-03-04T00:00:00.000","76","VALLE DEL CAUCA","76364","JAMUNDI","URBANA","MASCULINO","1"
"2003-03-04T00:00:00.000","76","VALLE DEL CAUCA","76364","JAMUNDI","URBANA","MASCULINO","1"
"2003-03-01T00:00:00.000","76","VALLE DEL CAUCA","76364","JAMUNDI","URBANA","MASCULINO","1"
"2003-02-28T00:00:00.000","76","VALLE DEL CAUCA","76364","JAMUNDI","URBANA","MASCULINO","1"
"2003-02-18T00:00:00.000","76","VALLE DEL CAUCA","76364","JAMUNDI","RURAL","FEMENINO","1"
"2003-02-18T00:00:00.000","76","VALLE DEL CAUCA","76364","JAMUNDI","RURAL","FEMENINO","1"
"2003-02-18T00:00:00.000","76","VALLE DEL CAUCA","76364","JAMUNDI","RURAL","MASCULINO","1"
"2003-02-17T00:00:00.000","76","VALLE DEL CAUCA","76364","JAMUNDI","URBANA","MASCULINO","1"
"2003-02-17T00:00:00.000","76","VALLE DEL CAUCA","76364","JAMUNDI","URBANA","MASCULINO","1"
"2003-02-17T00:00:00.000","76","VALLE DEL CAUCA","76364","JAMUNDI","URBANA","MASCULINO","1"
"2003-02-15T00:00:00.000","76","VALLE DEL CAUCA","76364","JAMUNDI","URBANA","FEMENINO","1"
"2003-01-19T00:00:00.000","76","VALLE DEL CAUCA","76364","JAMUNDI","URBANA","MASCULINO","1"
