{"type":"FeatureCollection","features":[{"type":"Feature","geometry":{"type":"Polygon","coordinates":[[[-76.53398659191059,3.2739988245874594],[-76.534206623207922,3.2742081892633035],[-76.534307756580702,3.2743006021962069],[-76.534313037218197,3.2743054276978936],[-76.534693837692473,3.2746533912969631],[-76.534695835019548,3.2746552163549718],[-76.534971183844945,3.2749068209753549],[-76.535246533709724,3.2751584255419481],[-76.535288468628437,3.2751967454079463],[-76.535330406249585,3.2752350652741362],[-76.535372342073998,3.2752733860423908],[-76.535414278801895,3.2753117059055952],[-76.535456214632802,3.2753500266713256],[-76.535498152266911,3.275388346532504],[-76.535540088104298,3.2754266672957182],[-76.535582024846136,3.2754649853452658],[-76.535623960689989,3.2755033061059833],[-76.535665898337058,3.275541625962096],[-76.535682004682059,3.2755563431389292],[-76.535707833288157,3.2755799458154859],[-76.535749770941706,3.2756182656690824],[-76.53579170679852,3.2756565864247555],[-76.535833643559783,3.2756949044667456],[-76.535854578217609,3.2757140336270827],[-76.535875579423092,3.2757332252198887],[-76.535917517089587,3.2757715450684666],[-76.535984082822026,3.2758323691159728],[-76.53601729104949,3.2758627137277241],[-76.536042500957834,3.2758857499708105],[-76.536412145922938,3.2754947496755009],[-76.536643886423732,3.2752496211611968],[-76.538830929959815,3.2747841756345371],[-76.538642267149314,3.2739056206248125],[-76.538578081507751,3.2736067239146927],[-76.538576779235157,3.2736006589768172],[-76.538575209046769,3.2736009447921739],[-76.538565448573209,3.2735473724167865],[-76.538351187984759,3.2735907056138687],[-76.53672527016596,3.2739195400961125],[-76.536535808839119,3.2739578575027073],[-76.536479135900194,3.273957112389263],[-76.536422463861612,3.2739563672730991],[-76.536365790923909,3.2739556221532409],[-76.536356057671654,3.2739554938916355],[-76.536318732349713,3.2739451791092939],[-76.536086032724398,3.2738808747813288],[-76.536067915674096,3.2738758686996983],[-76.535818961967394,3.2737520761068262],[-76.535460341630383,3.2734257187312039],[-76.535234514440717,3.2732341097963644],[-76.535165640708883,3.2731756718283411],[-76.535130311717992,3.2731456959119818],[-76.534978924831648,3.2730078291890368],[-76.534907851068425,3.2729431024194304],[-76.534455437320673,3.2734615489410901],[-76.534439299645086,3.2734800421248615],[-76.534171980425427,3.2737863772303943],[-76.53398659191059,3.2739988245874594]]]},"properties":{"Codigo":"1","Nombre":"Country Plaza"}},{"type":"Feature","geometry":{"type":"Polygon","coordinates":[[[-76.533497500856328,3.2699364302016152],[-76.533321360203288,3.2699507840996431],[-76.533201198319802,3.2699612853959197],[-76.533157120277394,3.2699651372137604],[-76.532974764863553,3.2699800971614423],[-76.533019839359824,3.270425787437869],[-76.533058765505771,3.2708106900934069],[-76.533192626789344,3.2724613973289731],[-76.533179164088395,3.272823225366388],[-76.533183604158197,3.2730651702871603],[-76.533152953570593,3.2733974418792391],[-76.533121848546429,3.2735847775931881],[-76.533101802383825,3.2736766434430593],[-76.533054667047594,3.2738718242448277],[-76.532903996173218,3.2742794461574491],[-76.532828658421465,3.2744183288805599],[-76.532887903124475,3.2744217830797822],[-76.532925999351747,3.2744240049321061],[-76.533002586897211,3.2744232536502449],[-76.533295463503336,3.2744203785702952],[-76.533365504367509,3.2743967006137304],[-76.533491053636226,3.2743542570540547],[-76.53364594406743,3.274301894836074],[-76.533802167986181,3.2741909618631602],[-76.53398659191059,3.2739988245874594],[-76.534171980425427,3.2737863772303943],[-76.534439299645086,3.2734800421248615],[-76.534455437320673,3.2734615489410901],[-76.534907851068425,3.2729431024194304],[-76.534908064219707,3.2728947586937633],[-76.534908318450718,3.2728369514979918],[-76.534908684393542,3.2727537850970037],[-76.534977349904963,3.2725585841818865],[-76.534977570559661,3.2725581746541748],[-76.535045771661828,3.2724317888485892],[-76.535158332349411,3.2722231982812735],[-76.535303695774388,3.2720775556960588],[-76.53553686176717,3.27184394255486],[-76.535457657567221,3.2717633753274367],[-76.534945899363336,3.2710785573307186],[-76.534793253928513,3.2708488854777924],[-76.534708432957217,3.2707212626587432],[-76.534699947265281,3.2707084947680176],[-76.534417262986693,3.2702831649481299],[-76.534382775452002,3.2702312737883203],[-76.534357478421811,3.2701932116463723],[-76.534318162141759,3.2701461495317394],[-76.534277222269267,3.2701050006508252],[-76.534228663621803,3.2700552396021787],[-76.534157255696442,3.2700016499861135],[-76.534118219129951,3.2699815542220478],[-76.534065256297495,3.2699669318415849],[-76.534015866968502,3.2699544003332126],[-76.533883582928453,3.2699316476550928],[-76.533738386071107,3.2699220780426863],[-76.533497500856328,3.2699364302016152]]]},"properties":{"Codigo":"2","Nombre":"Alferez Real II"}},{"type":"Feature","geometry":{"type":"Polygon","coordinates":[[[-76.534699947265281,3.2707084947680176],[-76.534708432957217,3.2707212626587432],[-76.534793253928513,3.2708488854777924],[-76.534945899363336,3.2710785573307186],[-76.535457657567221,3.2717633753274367],[-76.53553686176717,3.27184394255486],[-76.535931990776774,3.2714515950477701],[-76.536112894109749,3.2712257556828765],[-76.536189100749397,3.2711145120698761],[-76.536312838689469,3.2709338864930042],[-76.536446134989632,3.2706884295972758],[-76.536546107840252,3.2704061297429878],[-76.536679405160953,3.2699133016283644],[-76.536700082192567,3.2698169497439036],[-76.536797996756448,3.2693606840722671],[-76.536820588662067,3.2692554077785942],[-76.536713111674771,3.2692364995108467],[-76.536549348994384,3.2692049195686792],[-76.536339978961607,3.2692154462297451],[-76.536212395650651,3.2692336268193816],[-76.536076361846369,3.2692623053498115],[-76.535924941158754,3.2693239779351737],[-76.535806437304174,3.2695780680029571],[-76.535740978996813,3.2696707720546629],[-76.535720152343018,3.2697305810810926],[-76.535711224884182,3.2698083333378163],[-76.535717176260547,3.2698860855216627],[-76.535693372196491,3.2699982274563926],[-76.535645766273916,3.2700490657778927],[-76.535586258766443,3.2700729893072409],[-76.535422614364535,3.2701477503215779],[-76.53517565972929,3.2702135388506965],[-76.534860271842192,3.2702554048944754],[-76.534781910744996,3.2702570452393043],[-76.534636765459879,3.2702869511546759],[-76.534558684698879,3.2702859519841359],[-76.534469192942922,3.2702543207020471],[-76.534357478421811,3.2701932116463723],[-76.534382775452002,3.2702312737883203],[-76.534417262986693,3.2702831649481299],[-76.534699947265281,3.2707084947680176]]]},"properties":{"Codigo":"3","Nombre":"Alferez Real I"}},{"type":"Feature","geometry":{"type":"Polygon","coordinates":[[[-76.532810595541292,3.2675831720338269],[-76.532957139271616,3.2675737413239241],[-76.533304501991168,3.2675513871283095],[-76.533740622278387,3.2675401397470374],[-76.534790998254763,3.2675477728741096],[-76.534791128960933,3.2675087931195588],[-76.534784059241304,3.2667526973183381],[-76.534771595695602,3.2654199186991555],[-76.534771039260022,3.2653603395336241],[-76.534770616369258,3.2653151252369574],[-76.534770168817289,3.2652672450521631],[-76.534763503655697,3.265039291061874],[-76.534165233317196,3.2650368115112549],[-76.534143181232366,3.2650364586187126],[-76.534143314113919,3.2647891888862248],[-76.534137097551934,3.2644365657356453],[-76.53389444164138,3.2644517510144073],[-76.533219555667287,3.2645328399495117],[-76.533127095400943,3.2645412448690858],[-76.532996748682052,3.2645562079484876],[-76.532647020147948,3.2645963539119074],[-76.532646873483571,3.2645963710137664],[-76.532631819253737,3.2645980990737251],[-76.532522743345297,3.2646106203036096],[-76.532805500903379,3.2675087816151809],[-76.532810595541292,3.2675831720338269]]]},"properties":{"Codigo":"4","Nombre":"Bello Horizonte"}},{"type":"Feature","geometry":{"type":"Polygon","coordinates":[[[-76.534783394754982,3.26981455880866],[-76.534782878295402,3.269968562516588],[-76.534781910744996,3.2702570452393043],[-76.534860271842192,3.2702554048944754],[-76.53517565972929,3.2702135388506965],[-76.535422614364535,3.2701477503215779],[-76.535586258766443,3.2700729893072409],[-76.535645766273916,3.2700490657778927],[-76.535693372196491,3.2699982274563926],[-76.535717176260547,3.2698860855216627],[-76.535711224884182,3.2698083333378163],[-76.535720152343018,3.2697305810810926],[-76.535740978996813,3.2696707720546629],[-76.535806437304174,3.2695780680029571],[-76.535924941158754,3.2693239779351737],[-76.536076361846369,3.2692623053498115],[-76.536212395650651,3.2692336268193816],[-76.536339978961607,3.2692154462297451],[-76.536549348994384,3.2692049195686792],[-76.536713111674771,3.2692364995108467],[-76.536820588662067,3.2692554077785942],[-76.536911594431587,3.2688488630631221],[-76.536912752453659,3.2688436892865016],[-76.537117511914317,3.267928976925738],[-76.537124487083275,3.2678978185261092],[-76.537118815815091,3.2678966579577726],[-76.535474941339942,3.2675603247039811],[-76.535349257073818,3.2675459008235519],[-76.534790998254763,3.2675477728741096],[-76.534783394754982,3.26981455880866]]]},"properties":{"Codigo":"5","Nombre":"Centenario"}},{"type":"Feature","geometry":{"type":"Polygon","coordinates":[[[-76.533883582928453,3.2699316476550928],[-76.534015866968502,3.2699544003332126],[-76.534065256297495,3.2699669318415849],[-76.534118219129951,3.2699815542220478],[-76.534157255696442,3.2700016499861135],[-76.534228663621803,3.2700552396021787],[-76.534277222269267,3.2701050006508252],[-76.534318162141759,3.2701461495317394],[-76.534357478421811,3.2701932116463723],[-76.534469192942922,3.2702543207020471],[-76.534558684698879,3.2702859519841359],[-76.534636765459879,3.2702869511546759],[-76.534781910744996,3.2702570452393043],[-76.534782878295402,3.269968562516588],[-76.534783394754982,3.26981455880866],[-76.534790998254763,3.2675477728741096],[-76.533740622278387,3.2675401397470374],[-76.533304501991168,3.2675513871283095],[-76.532957139271616,3.2675737413239241],[-76.532810595541292,3.2675831720338269],[-76.532939424670403,3.2694641146915404],[-76.532974764863553,3.2699800971614423],[-76.533157120277394,3.2699651372137604],[-76.533201198319802,3.2699612853959197],[-76.533321360203288,3.2699507840996431],[-76.533497500856328,3.2699364302016152],[-76.533738386071107,3.2699220780426863],[-76.533883582928453,3.2699316476550928]]]},"properties":{"Codigo":"6","Nombre":"Panamericano"}},{"type":"Feature","geometry":{"type":"Polygon","coordinates":[[[-76.534770616369258,3.2653151252369574],[-76.534996136474874,3.2653147610008202],[-76.535376071549237,3.265308650354446],[-76.535380276195113,3.2654709762050471],[-76.535388051500036,3.2660533583491813],[-76.535418952597723,3.2660600976540652],[-76.536301438561935,3.2662873764491094],[-76.536325177313614,3.2662934372461869],[-76.536329253146533,3.266147119246094],[-76.536330038793935,3.2660711548831181],[-76.536371243772351,3.2659414002207336],[-76.536514196439384,3.2657152307837025],[-76.536669723412402,3.2654810279816249],[-76.536756639922089,3.2653409627514045],[-76.536902882186666,3.2653731986592507],[-76.536994482849977,3.2650206697965451],[-76.537086006990663,3.264812847827534],[-76.537143882309749,3.2647227665032252],[-76.537227190586393,3.2646251588495034],[-76.537457311104632,3.2644441969847797],[-76.537605500420838,3.2642823837306398],[-76.537622513258086,3.2642606074173584],[-76.537335867982989,3.2640061663904247],[-76.53710743514317,3.2638222893964475],[-76.537072180859539,3.2637926545494076],[-76.536723506372141,3.2635512524668573],[-76.536651676007295,3.2635090859628826],[-76.536632941405429,3.263501675054385],[-76.53656595312961,3.2634717282502654],[-76.536481984289878,3.2634318141194125],[-76.536228978186486,3.2632972487205305],[-76.536194320019149,3.2632751759257834],[-76.535456715237501,3.2641834949107329],[-76.535421892153451,3.2642139446202654],[-76.535008916051197,3.2639264032654483],[-76.534797073183313,3.2637637207339694],[-76.534742927914522,3.2637164842396169],[-76.534742973107342,3.2636322632384029],[-76.534744511951843,3.2636031700460353],[-76.534765878685263,3.2635342740086619],[-76.534862478149677,3.2633403541246317],[-76.53478945785713,3.2633311802237221],[-76.534610518916381,3.2633311790847164],[-76.534569728122889,3.2633311786725678],[-76.534548036673499,3.2633311786674426],[-76.534407092189355,3.2633311781976291],[-76.534130741568021,3.2633335304777717],[-76.534123217039323,3.2636871861217989],[-76.534123044279426,3.2640087557855209],[-76.534137097551934,3.2644365657356453],[-76.534143314113919,3.2647891888862248],[-76.534143181232366,3.2650364586187126],[-76.534165233317196,3.2650368115112549],[-76.534763503655697,3.265039291061874],[-76.534770168817289,3.2652672450521631],[-76.534770616369258,3.2653151252369574]]]},"properties":{"Codigo":"7","Nombre":"Ciudad Sur"}},{"type":"Feature","geometry":{"type":"Polygon","coordinates":[[[-76.535474941339942,3.2675603247039811],[-76.537118815815091,3.2678966579577726],[-76.537124487083275,3.2678978185261092],[-76.537132845741155,3.2678604799852278],[-76.53721210668445,3.2674730674436363],[-76.537407135660942,3.2665197984472711],[-76.537678581153386,3.2650852822758898],[-76.537702292859521,3.264959971762448],[-76.537908293290911,3.2641842767117057],[-76.537978805036133,3.2640370494704092],[-76.538041346204295,3.263894674016385],[-76.537850846125806,3.2640032926208562],[-76.537772729663828,3.2640683302627047],[-76.537622513258086,3.2642606074173584],[-76.537605500420838,3.2642823837306398],[-76.537457311104632,3.2644441969847797],[-76.537227190586393,3.2646251588495034],[-76.537143882309749,3.2647227665032252],[-76.537086006990663,3.264812847827534],[-76.536994482849977,3.2650206697965451],[-76.536902882186666,3.2653731986592507],[-76.536756639922089,3.2653409627514045],[-76.536669723412402,3.2654810279816249],[-76.536514196439384,3.2657152307837025],[-76.536371243772351,3.2659414002207336],[-76.536330038793935,3.2660711548831181],[-76.536329253146533,3.266147119246094],[-76.536325177313614,3.2662934372461869],[-76.536301438561935,3.2662873764491094],[-76.535418952597723,3.2660600976540652],[-76.535388051500036,3.2660533583491813],[-76.535380276195113,3.2654709762050471],[-76.535376071549237,3.265308650354446],[-76.534996136474874,3.2653147610008202],[-76.534770616369258,3.2653151252369574],[-76.534771039260022,3.2653603395336241],[-76.534771595695602,3.2654199186991555],[-76.534784059241304,3.2667526973183381],[-76.534791128960933,3.2675087931195588],[-76.534790998254763,3.2675477728741096],[-76.535349257073818,3.2675459008235519],[-76.535474941339942,3.2675603247039811]]]},"properties":{"Codigo":"8","Nombre":"El Dorado"}},{"type":"Feature","geometry":{"type":"Polygon","coordinates":[[[-76.535818961967394,3.2737520761068262],[-76.536067915674096,3.2738758686996983],[-76.536086032724398,3.2738808747813288],[-76.536213957680772,3.2737033813376533],[-76.536463801762935,3.2737390729386693],[-76.536779079743752,3.2736022541414722],[-76.536931944175493,3.2734769548869687],[-76.537320202497853,3.2733982025094801],[-76.537556128243082,3.2733908913705081],[-76.537688539420557,3.273323490461983],[-76.537972630651666,3.273046976232036],[-76.53808554689644,3.273030688407871],[-76.538253557159663,3.2730064534992951],[-76.538287209676284,3.2732020581603987],[-76.538319199276984,3.2733963823393863],[-76.538351187984759,3.2735907056138687],[-76.538565448573209,3.2735473724167865],[-76.540315833889565,3.2729888895903589],[-76.540572976003318,3.2729076788729814],[-76.540820566554487,3.2728838851067779],[-76.540891970157844,3.2729078503631794],[-76.541028332715499,3.2729386192070562],[-76.541123186551857,3.2729600225053042],[-76.541271069974883,3.2727627809088453],[-76.541379544970866,3.2726181013758335],[-76.541463907986639,3.2725055820786739],[-76.541539771365478,3.2724147713640881],[-76.541809148186786,3.2720923212216864],[-76.541954386800839,3.2719717726787017],[-76.541979167365696,3.2719512049937682],[-76.542069130094561,3.2718134378461241],[-76.542142358396561,3.2716287023004869],[-76.542332964484459,3.2713225468192451],[-76.542445878160095,3.2711970569408564],[-76.54275909478352,3.2708489541060426],[-76.542717461689591,3.27082309324325],[-76.542688415304653,3.2708050504645403],[-76.542566334873101,3.2707292191955477],[-76.542493681955349,3.2706859664870018],[-76.542063136990336,3.2704296506306929],[-76.542433823677115,3.2693975847645258],[-76.542850951121281,3.2678226809583117],[-76.540523394254237,3.2666692829617601],[-76.54049235434556,3.2666577934421093],[-76.539240453407047,3.2679577555059964],[-76.537985684017045,3.2692720696468922],[-76.53792392837461,3.2693376948102473],[-76.53738046864926,3.2699152063256114],[-76.53707077171164,3.2702443070760028],[-76.536910862042461,3.2703897956439958],[-76.536353136843914,3.2709655913612918],[-76.536189100749397,3.2711145120698761],[-76.536112894109749,3.2712257556828765],[-76.535931990776774,3.2714515950477701],[-76.53553686176717,3.27184394255486],[-76.535303695774388,3.2720775556960588],[-76.535158332349411,3.2722231982812735],[-76.535045771661828,3.2724317888485892],[-76.534977570559661,3.2725581746541748],[-76.534977349904963,3.2725585841818865],[-76.534908684393542,3.2727537850970037],[-76.534908318450718,3.2728369514979918],[-76.534908064219707,3.2728947586937633],[-76.534907851068425,3.2729431024194304],[-76.534978924831648,3.2730078291890368],[-76.535130311717992,3.2731456959119818],[-76.535165640708883,3.2731756718283411],[-76.535234514440717,3.2732341097963644],[-76.535460341630383,3.2734257187312039],[-76.535818961967394,3.2737520761068262]]]},"properties":{"Codigo":"9","Nombre":"La Pradera"}},{"type":"Feature","geometry":{"type":"Polygon","coordinates":[[[-76.542433823677115,3.2693975847645258],[-76.54253431975873,3.2693895477803943],[-76.542556370792269,3.2693870320623288],[-76.542657258301318,3.2693755137179417],[-76.542683514030458,3.2693725182546882],[-76.542826059036386,3.2693542697691145],[-76.542932720346457,3.2693406158135065],[-76.543018068164329,3.269329926502647],[-76.543024962250612,3.2693292664324303],[-76.543149130486853,3.2693173743484936],[-76.54317357561041,3.2693150335218819],[-76.543317003905585,3.2688550255331204],[-76.543444060067657,3.2683874270963571],[-76.543534109634592,3.2680281350388136],[-76.543537889944048,3.2680083808004015],[-76.542850951121281,3.2678226809583117],[-76.542433823677115,3.2693975847645258]]]},"properties":{"Codigo":"10","Nombre":"Covicedros"}},{"type":"Feature","geometry":{"type":"Polygon","coordinates":[[[-76.54317357561041,3.2693150335218819],[-76.543198477820511,3.2693126486282416],[-76.543680113647667,3.2693023554904941],[-76.543685089967482,3.269302528156651],[-76.543893766112845,3.2693097618514195],[-76.54390454828976,3.2693101356577658],[-76.544491811282086,3.2684499497951194],[-76.544597684276667,3.2682948725187311],[-76.544591690230163,3.2682932524341357],[-76.54444214584332,3.2682528264333799],[-76.543537889944048,3.2680083808004015],[-76.543534109634592,3.2680281350388136],[-76.543444060067657,3.2683874270963571],[-76.543317003905585,3.2688550255331204],[-76.54317357561041,3.2693150335218819]]]},"properties":{"Codigo":"11","Nombre":"Astromelias"}},{"type":"Feature","geometry":{"type":"Polygon","coordinates":[[[-76.543486046641448,3.2650030806368711],[-76.543400119124144,3.2653845683011093],[-76.543308558604039,3.2657910658943372],[-76.543135806684703,3.2665580267936307],[-76.542981707318347,3.2672421735878867],[-76.542850951121281,3.2678226809583117],[-76.543537889944048,3.2680083808004015],[-76.54444214584332,3.2682528264333799],[-76.544591690230163,3.2682932524341357],[-76.544597684276667,3.2682948725187311],[-76.544691464520341,3.2681575085569077],[-76.545860214884598,3.2664455888591428],[-76.546149941002156,3.266081045382609],[-76.546220877510237,3.2659917905513911],[-76.546752909768685,3.2651889575869562],[-76.547439676189668,3.2641526287180822],[-76.547449956500401,3.2641371163503079],[-76.548044627136761,3.2631972722402693],[-76.548041909662516,3.2631944104980839],[-76.547968719504837,3.2631173415954904],[-76.547945607488444,3.2630930045704365],[-76.547914870900371,3.2630606387422958],[-76.54789802831904,3.2630429037192608],[-76.547866960422397,3.2629971947476366],[-76.547273649231698,3.2621242933156878],[-76.546199529925062,3.2623965193158866],[-76.545908118780503,3.2624703745166639],[-76.545887903765276,3.26247549840972],[-76.545844983718325,3.262498640206819],[-76.545845200255044,3.2624992055099558],[-76.545828062024597,3.2625527952446656],[-76.545780457193331,3.262608297679594],[-76.545725235181266,3.2626331800490127],[-76.545658588350776,3.2626599752753189],[-76.545590892836373,3.2627168180560093],[-76.545524246292842,3.2628029435609229],[-76.54546047281822,3.2629125317723524],[-76.545450458822486,3.2629297398230843],[-76.545405234017622,3.2630565358796395],[-76.545384625355652,3.2632130494929581],[-76.545383813258013,3.2632192172988419],[-76.54538619423883,3.2632921848064669],[-76.545455221803934,3.2634141945136435],[-76.545562334622431,3.2635673061834609],[-76.54558522905667,3.2635946680271708],[-76.545657914531432,3.263681538530494],[-76.545678921631463,3.2637066449477636],[-76.545531346133018,3.2638788964907652],[-76.545329024298184,3.2640403839464889],[-76.545180256804258,3.2640942129526542],[-76.544995192206144,3.2641503747148777],[-76.544788278198212,3.2641937027301311],[-76.544738122815033,3.2642042048159112],[-76.54453103915958,3.2642365029260083],[-76.544345377614349,3.2642831546119799],[-76.544152576975208,3.2643549266473837],[-76.543966915776124,3.2643872251942954],[-76.543627726751154,3.2643740685468985],[-76.543486046641448,3.2650030806368711]]]},"properties":{"Codigo":"12","Nombre":"Sachamate"}},{"type":"Feature","geometry":{"type":"Polygon","coordinates":[[[-76.533979160633422,3.261722081699292],[-76.533708405759526,3.2617430139934545],[-76.533297810339207,3.2617878676514627],[-76.532905066253377,3.2618177701129052],[-76.532559926576724,3.2619343961854343],[-76.532445922134428,3.2619789296773534],[-76.532360970443207,3.2620121146375718],[-76.532314957041834,3.2620300887670775],[-76.532522743345297,3.2646106203036096],[-76.532631819253737,3.2645980990737251],[-76.532646873483571,3.2645963710137664],[-76.532647020147948,3.2645963539119074],[-76.532996748682052,3.2645562079484876],[-76.533127095400943,3.2645412448690858],[-76.533219555667287,3.2645328399495117],[-76.53389444164138,3.2644517510144073],[-76.534137097551934,3.2644365657356453],[-76.534123044279426,3.2640087557855209],[-76.534123217039323,3.2636871861217989],[-76.534130741568021,3.2633335304777717],[-76.534407092189355,3.2633311781976291],[-76.534548036673499,3.2633311786674426],[-76.534569728122889,3.2633311786725678],[-76.534509436629008,3.2626289339581507],[-76.534447907148291,3.2619517865000773],[-76.534440914077678,3.2616742378361678],[-76.534446399657611,3.2615418197195063],[-76.533979160633422,3.261722081699292]]]},"properties":{"Codigo":"13","Nombre":"El Jardín"}},{"type":"Feature","geometry":{"type":"Polygon","coordinates":[[[-76.536797996756448,3.2693606840722671],[-76.536700082192567,3.2698169497439036],[-76.536679405160953,3.2699133016283644],[-76.536546107840252,3.2704061297429878],[-76.536446134989632,3.2706884295972758],[-76.536312838689469,3.2709338864930042],[-76.536189100749397,3.2711145120698761],[-76.536353136843914,3.2709655913612918],[-76.536910862042461,3.2703897956439958],[-76.53707077171164,3.2702443070760028],[-76.53738046864926,3.2699152063256114],[-76.53792392837461,3.2693376948102473],[-76.537985684017045,3.2692720696468922],[-76.539240453407047,3.2679577555059964],[-76.54049235434556,3.2666577934421093],[-76.540523394254237,3.2666692829617601],[-76.542850951121281,3.2678226809583117],[-76.542981707318347,3.2672421735878867],[-76.543135806684703,3.2665580267936307],[-76.543308558604039,3.2657910658943372],[-76.543400119124144,3.2653845683011093],[-76.543486046641448,3.2650030806368711],[-76.543627726751154,3.2643740685468985],[-76.543655327664879,3.2642496361074564],[-76.543469491478447,3.2642776932989399],[-76.543370060876114,3.264296526573319],[-76.542710982787312,3.2645666862882736],[-76.542669255085784,3.264584053695033],[-76.542693946578311,3.2646311203616492],[-76.542656422706287,3.2646530042820632],[-76.54259884403973,3.2646865836553665],[-76.54250363298695,3.2647260579415058],[-76.542460787709857,3.264736824250539],[-76.542427464835669,3.2647260588253904],[-76.542412704713399,3.2647143619457544],[-76.542286119527418,3.2645868014535337],[-76.542209576420788,3.26455919744346],[-76.542159307629873,3.2645442405586835],[-76.54210674441569,3.2645465093696875],[-76.542046168041651,3.264576336971587],[-76.541987877893732,3.264602720407352],[-76.541864439826128,3.2646623743672767],[-76.541754720265985,3.2647094034788133],[-76.541682715526065,3.2647426703231259],[-76.54162213000113,3.2647897248141291],[-76.541600390390144,3.2648448393307667],[-76.541593813041402,3.2649286744085861],[-76.541580802431426,3.2649501065973339],[-76.541557000235045,3.2649958008140287],[-76.541519388560133,3.2650355943085794],[-76.541479764215225,3.265060073299729],[-76.541432525856251,3.2650753605184821],[-76.541385290425708,3.2650868198326277],[-76.54132738598264,3.2651051641979043],[-76.541248163092817,3.2651020597918361],[-76.541070845314721,3.2650606843606433],[-76.541054619371792,3.2650544151923357],[-76.54102039484394,3.2650439141978671],[-76.540964169285175,3.2650266634663829],[-76.540712954812648,3.264923313734474],[-76.540583570740679,3.2649432836308283],[-76.540521522316951,3.2649528603427176],[-76.540176381965637,3.2652489157334226],[-76.540154633124956,3.2652687543506955],[-76.539822317105759,3.2655718871911485],[-76.53958253687631,3.2657161895286246],[-76.539563470053352,3.2657276638904618],[-76.539516153549954,3.2657561392796954],[-76.539450959111747,3.2658157084558495],[-76.539364086892391,3.2658950846091765],[-76.53895060133631,3.2662728921162647],[-76.538665157983928,3.2665165304674155],[-76.538337631693622,3.2667902176220363],[-76.538273488045377,3.2668513951092972],[-76.5382458019251,3.2668778002108718],[-76.538069591230894,3.2670158089765109],[-76.537822658035267,3.2672384771745149],[-76.537684306044611,3.2674083747094556],[-76.537602434019846,3.2676161241449821],[-76.537561864828277,3.2677398321592035],[-76.537561851017145,3.267765672518693],[-76.537618501379058,3.2678114009908965],[-76.537688498133406,3.2679382975743811],[-76.537699119245374,3.2680194615040263],[-76.537627405418633,3.2682215518813833],[-76.537581605016314,3.2684078201439486],[-76.537542330007255,3.2685896400573453],[-76.537497644167075,3.2689057681678331],[-76.537440517148923,3.2691775408790593],[-76.53736815629172,3.2692483545710784],[-76.537077000334051,3.2692866326488565],[-76.536820588662067,3.2692554077785942],[-76.536797996756448,3.2693606840722671]]]},"properties":{"Codigo":"14","Nombre":"Ciro Velasco"}},{"type":"Feature","geometry":{"type":"Polygon","coordinates":[[[-76.537978805036133,3.2640370494704092],[-76.537908293290911,3.2641842767117057],[-76.537702292859521,3.264959971762448],[-76.537678581153386,3.2650852822758898],[-76.53794650623,3.2648894929927961],[-76.538208919139009,3.26469773111506],[-76.538435843742064,3.2645319016420378],[-76.538775488434737,3.2643005276120451],[-76.538790172786861,3.2642905249126928],[-76.53886429298548,3.2642400325086443],[-76.538927794018093,3.2641771472826626],[-76.53892819280685,3.2641767523180651],[-76.53946536904391,3.2636447845556864],[-76.5395117266075,3.2635988764419537],[-76.539906688291111,3.2632223996001617],[-76.540073476469175,3.2630634163784431],[-76.54014571055184,3.2629945628321533],[-76.539124228840876,3.2619293943380252],[-76.538965341250062,3.2617637107873496],[-76.538955339176738,3.2617532806390277],[-76.538952424757198,3.2617503039249933],[-76.538947219088016,3.2617449865548838],[-76.538939108891086,3.2617367024233115],[-76.538369794794249,3.2611551872133431],[-76.537901873418846,3.2606418020801446],[-76.537746166791337,3.2604709683144915],[-76.537716393438686,3.2604401219813148],[-76.537595061989862,3.2605149860176135],[-76.537373547676864,3.260651664631478],[-76.536424829879323,3.2612483542452928],[-76.536131453872827,3.2614281215823269],[-76.535841833028243,3.2617074243960458],[-76.535721815055638,3.261782009436704],[-76.535560337726338,3.2617996644586058],[-76.535095026044146,3.2616623615258766],[-76.534583269929243,3.2614948929304348],[-76.534491513885641,3.261524414703207],[-76.534446399657611,3.2615418197195063],[-76.534440914077678,3.2616742378361678],[-76.534447907148291,3.2619517865000773],[-76.534509436629008,3.2626289339581507],[-76.534569728122889,3.2633311786725678],[-76.534610518916381,3.2633311790847164],[-76.53478945785713,3.2633311802237221],[-76.534862478149677,3.2633403541246317],[-76.534765878685263,3.2635342740086619],[-76.534744511951843,3.2636031700460353],[-76.534742973107342,3.2636322632384029],[-76.534742927914522,3.2637164842396169],[-76.534797073183313,3.2637637207339694],[-76.535008916051197,3.2639264032654483],[-76.535421892153451,3.2642139446202654],[-76.535456715237501,3.2641834949107329],[-76.536194320019149,3.2632751759257834],[-76.536228978186486,3.2632972487205305],[-76.536481984289878,3.2634318141194125],[-76.53656595312961,3.2634717282502654],[-76.536632941405429,3.263501675054385],[-76.536651676007295,3.2635090859628826],[-76.536723506372141,3.2635512524668573],[-76.537072180859539,3.2637926545494076],[-76.53710743514317,3.2638222893964475],[-76.537335867982989,3.2640061663904247],[-76.537622513258086,3.2642606074173584],[-76.537772729663828,3.2640683302627047],[-76.537850846125806,3.2640032926208562],[-76.538041346204295,3.263894674016385],[-76.537978805036133,3.2640370494704092]]]},"properties":{"Codigo":"15","Nombre":"Libertadores"}},{"type":"Feature","geometry":{"type":"Polygon","coordinates":[[[-76.538764528543865,3.2643636418571647],[-76.538758675865921,3.2643973483001756],[-76.53871713222378,3.2646365874533925],[-76.538689164305652,3.2648559691500858],[-76.538623005706683,3.265144520987715],[-76.538599662020417,3.2652463335033191],[-76.538547045788647,3.265466163105669],[-76.538482087469504,3.2657375573758296],[-76.538438582876196,3.2658929595932795],[-76.538436905353052,3.2658971437897799],[-76.538446969696452,3.2659106458888871],[-76.538531953235463,3.2659970315184172],[-76.538485703155203,3.2660924645092093],[-76.53834924248234,3.2663740397256138],[-76.538173238332618,3.2667372111796986],[-76.53815314100396,3.2667829335035301],[-76.5382458019251,3.2668778002108718],[-76.538273488045377,3.2668513951092972],[-76.538337631693622,3.2667902176220363],[-76.538665157983928,3.2665165304674155],[-76.53895060133631,3.2662728921162647],[-76.539364086892391,3.2658950846091765],[-76.539450959111747,3.2658157084558495],[-76.539516153549954,3.2657561392796954],[-76.539563470053352,3.2657276638904618],[-76.539535456370217,3.265696824855771],[-76.539306976859365,3.2655990818956173],[-76.539295566903519,3.2655916080487368],[-76.539293614277383,3.2655903292224995],[-76.539282770952084,3.2655832264433022],[-76.539276149472158,3.2655788894758584],[-76.539213490056255,3.2655378484761126],[-76.539181397903135,3.2655002982378556],[-76.539156364209347,3.2654710062472412],[-76.539130165196809,3.2654403517533983],[-76.539098571187992,3.2654033841506727],[-76.539015260982993,3.2652885501888322],[-76.538995282246731,3.2652198741263345],[-76.538994167733534,3.2651670443168883],[-76.53899454005753,3.2651538363104824],[-76.538996497081214,3.2650843554679305],[-76.539003389695068,3.2650154515112906],[-76.539026104696902,3.2648692022386037],[-76.539027467959286,3.264860422218284],[-76.53903553379844,3.2647340958367277],[-76.538988482781747,3.2645648569903076],[-76.538803001850511,3.2643346725104077],[-76.538797603466762,3.2643279723592191],[-76.538775488434737,3.2643005276120451],[-76.538764528543865,3.2643636418571647]]]},"properties":{"Codigo":"16","Nombre":"La Esperanza"}},{"type":"Feature","geometry":{"type":"Polygon","coordinates":[[[-76.538435843742064,3.2645319016420378],[-76.538208919139009,3.26469773111506],[-76.53794650623,3.2648894929927961],[-76.537678581153386,3.2650852822758898],[-76.537407135660942,3.2665197984472711],[-76.53721210668445,3.2674730674436363],[-76.537132845741155,3.2678604799852278],[-76.537124487083275,3.2678978185261092],[-76.537117511914317,3.267928976925738],[-76.536912752453659,3.2688436892865016],[-76.536911594431587,3.2688488630631221],[-76.536820588662067,3.2692554077785942],[-76.537077000334051,3.2692866326488565],[-76.53736815629172,3.2692483545710784],[-76.537440517148923,3.2691775408790593],[-76.537497644167075,3.2689057681678331],[-76.537542330007255,3.2685896400573453],[-76.537581605016314,3.2684078201439486],[-76.537627405418633,3.2682215518813833],[-76.537699119245374,3.2680194615040263],[-76.537688498133406,3.2679382975743811],[-76.537618501379058,3.2678114009908965],[-76.537561851017145,3.267765672518693],[-76.537561864828277,3.2677398321592035],[-76.537602434019846,3.2676161241449821],[-76.537684306044611,3.2674083747094556],[-76.537822658035267,3.2672384771745149],[-76.538069591230894,3.2670158089765109],[-76.5382458019251,3.2668778002108718],[-76.53815314100396,3.2667829335035301],[-76.538173238332618,3.2667372111796986],[-76.53834924248234,3.2663740397256138],[-76.538485703155203,3.2660924645092093],[-76.538531953235463,3.2659970315184172],[-76.538446969696452,3.2659106458888871],[-76.538436905353052,3.2658971437897799],[-76.538438582876196,3.2658929595932795],[-76.538482087469504,3.2657375573758296],[-76.538547045788647,3.265466163105669],[-76.538599662020417,3.2652463335033191],[-76.538623005706683,3.265144520987715],[-76.538689164305652,3.2648559691500858],[-76.53871713222378,3.2646365874533925],[-76.538758675865921,3.2643973483001756],[-76.538764528543865,3.2643636418571647],[-76.538775488434737,3.2643005276120451],[-76.538435843742064,3.2645319016420378]]]},"properties":{"Codigo":"17","Nombre":"Simón Bolivar II"}},{"type":"Feature","geometry":{"type":"Polygon","coordinates":[[[-76.541106549501635,3.2645512459806865],[-76.541095629021754,3.2646522640464219],[-76.541078989700594,3.2648061896619285],[-76.541060384373907,3.2649331597408944],[-76.54102039484394,3.2650439141978671],[-76.541054619371792,3.2650544151923357],[-76.541070845314721,3.2650606843606433],[-76.541248163092817,3.2651020597918361],[-76.54132738598264,3.2651051641979043],[-76.541385290425708,3.2650868198326277],[-76.541432525856251,3.2650753605184821],[-76.541479764215225,3.265060073299729],[-76.541519388560133,3.2650355943085794],[-76.541557000235045,3.2649958008140287],[-76.541580802431426,3.2649501065973339],[-76.541593813041402,3.2649286744085861],[-76.541600390390144,3.2648448393307667],[-76.54162213000113,3.2647897248141291],[-76.541682715526065,3.2647426703231259],[-76.541754720265985,3.2647094034788133],[-76.541864439826128,3.2646623743672767],[-76.541987877893732,3.264602720407352],[-76.542046168041651,3.264576336971587],[-76.54210674441569,3.2645465093696875],[-76.542159307629873,3.2645442405586835],[-76.542209576420788,3.26455919744346],[-76.542286119527418,3.2645868014535337],[-76.542412704713399,3.2647143619457544],[-76.542427464835669,3.2647260588253904],[-76.542460787709857,3.264736824250539],[-76.54250363298695,3.2647260579415058],[-76.54259884403973,3.2646865836553665],[-76.542656422706287,3.2646530042820632],[-76.542694310183549,3.2646326027046428],[-76.542694633277577,3.2646324283472392],[-76.542693946578311,3.2646311203616492],[-76.542669255085784,3.264584053695033],[-76.542555624544391,3.2643638753571738],[-76.542505446065206,3.2642666452702334],[-76.542501240557115,3.2642584970829391],[-76.542487320767407,3.264231525208674],[-76.542238794978118,3.2638419336180178],[-76.542234068892441,3.263836505287995],[-76.542076883418019,3.2636559508864997],[-76.542057385612964,3.2636420757240905],[-76.541961281819013,3.2637585958998963],[-76.541581308517237,3.2642192901230693],[-76.541535901661277,3.2642743431381338],[-76.54145295432302,3.2642111577561823],[-76.54137088297459,3.2641486402118347],[-76.541318437540369,3.2641086899735789],[-76.541295748420012,3.2640914074921499],[-76.541084037305922,3.2639069452090084],[-76.541062685427889,3.2639197422797857],[-76.541055055676068,3.263941942383576],[-76.541046661101689,3.2639710319421154],[-76.541038265714121,3.2640016533849097],[-76.541040453253956,3.2640231262654829],[-76.54104266316844,3.2640448225202507],[-76.541043569871391,3.2640537195133215],[-76.541079263086786,3.2642619935928052],[-76.541083805220708,3.2643445098199861],[-76.541106549501635,3.2645512459806865]]]},"properties":{"Codigo":"18","Nombre":"La Lucha"}},{"type":"Feature","geometry":{"type":"Polygon","coordinates":[[[-76.539003389695068,3.2650154515112906],[-76.538996497081214,3.2650843554679305],[-76.53899454005753,3.2651538363104824],[-76.538994167733534,3.2651670443168883],[-76.538995282246731,3.2652198741263345],[-76.539015260982993,3.2652885501888322],[-76.539098571187992,3.2654033841506727],[-76.539130165196809,3.2654403517533983],[-76.539156364209347,3.2654710062472412],[-76.539181397903135,3.2655002982378556],[-76.539213490056255,3.2655378484761126],[-76.539276149472158,3.2655788894758584],[-76.539282770952084,3.2655832264433022],[-76.539293614277383,3.2655903292224995],[-76.539295566903519,3.2655916080487368],[-76.539306976859365,3.2655990818956173],[-76.539535456370217,3.265696824855771],[-76.539563470053352,3.2657276638904618],[-76.53958253687631,3.2657161895286246],[-76.539822317105759,3.2655718871911485],[-76.540154633124956,3.2652687543506955],[-76.540176381965637,3.2652489157334226],[-76.540521522316951,3.2649528603427176],[-76.540583570740679,3.2649432836308283],[-76.540712954812648,3.264923313734474],[-76.540964169285175,3.2650266634663829],[-76.54102039484394,3.2650439141978671],[-76.541060384373907,3.2649331597408944],[-76.541078989700594,3.2648061896619285],[-76.541095629021754,3.2646522640464219],[-76.541106549501635,3.2645512459806865],[-76.541083805220708,3.2643445098199861],[-76.541079263086786,3.2642619935928052],[-76.541043569871391,3.2640537195133215],[-76.54104266316844,3.2640448225202507],[-76.541040453253956,3.2640231262654829],[-76.541038265714121,3.2640016533849097],[-76.541046661101689,3.2639710319421154],[-76.541055055676068,3.263941942383576],[-76.541062685427889,3.2639197422797857],[-76.541084037305922,3.2639069452090084],[-76.541295748420012,3.2640914074921499],[-76.541318437540369,3.2641086899735789],[-76.54137088297459,3.2641486402118347],[-76.54145295432302,3.2642111577561823],[-76.541535901661277,3.2642743431381338],[-76.541581308517237,3.2642192901230693],[-76.541961281819013,3.2637585958998963],[-76.542057385612964,3.2636420757240905],[-76.542076883418019,3.2636559508864997],[-76.542234068892441,3.263836505287995],[-76.542238794978118,3.2638419336180178],[-76.542487320767407,3.264231525208674],[-76.542501240557115,3.2642584970829391],[-76.542505446065206,3.2642666452702334],[-76.542555624544391,3.2643638753571738],[-76.542669255085784,3.264584053695033],[-76.542710982787312,3.2645666862882736],[-76.543370060876114,3.264296526573319],[-76.543469491478447,3.2642776932989399],[-76.543655327664879,3.2642496361074564],[-76.543672980916185,3.2641700525842534],[-76.543710922680745,3.2639989990021308],[-76.543711739777706,3.2639953135077842],[-76.543712980753341,3.2639897192604903],[-76.54362829677207,3.2639112441008282],[-76.542829912953593,3.2631713922065426],[-76.542610925871131,3.2629796015088628],[-76.542138380792949,3.2625197816525278],[-76.542129200232111,3.2625108476816398],[-76.54209390151992,3.2624764997555165],[-76.542050371870417,3.2624341425599424],[-76.542029577882559,3.2624163022540364],[-76.541659075260327,3.2627674330049645],[-76.540822526438873,3.263569923337867],[-76.540788006202732,3.2636030384002752],[-76.54051937805788,3.2633485544832563],[-76.540162727479455,3.2630106838806543],[-76.54014571055184,3.2629945628321533],[-76.540073476469175,3.2630634163784431],[-76.539906688291111,3.2632223996001617],[-76.5395117266075,3.2635988764419537],[-76.53946536904391,3.2636447845556864],[-76.53892819280685,3.2641767523180651],[-76.538927794018093,3.2641771472826626],[-76.53886429298548,3.2642400325086443],[-76.538790172786861,3.2642905249126928],[-76.538775488434737,3.2643005276120451],[-76.538797603466762,3.2643279723592191],[-76.538803001850511,3.2643346725104077],[-76.538988482781747,3.2645648569903076],[-76.53903553379844,3.2647340958367277],[-76.539027467959286,3.264860422218284],[-76.539026104696902,3.2648692022386037],[-76.539003389695068,3.2650154515112906]]]},"properties":{"Codigo":"19","Nombre":"Simón Bolivar"}},{"type":"Feature","geometry":{"type":"Polygon","coordinates":[[[-76.540439417212056,3.2604723319302171],[-76.540210872343195,3.2606521760538785],[-76.54018370106958,3.2606735572322489],[-76.539696193985421,3.2610555687741272],[-76.539565214592244,3.2611512032752858],[-76.538939108891086,3.2617367024233115],[-76.538947219088016,3.2617449865548838],[-76.538952424757198,3.2617503039249933],[-76.538955339176738,3.2617532806390277],[-76.538965341250062,3.2617637107873496],[-76.539124228840876,3.2619293943380252],[-76.54014571055184,3.2629945628321533],[-76.540162727479455,3.2630106838806543],[-76.54051937805788,3.2633485544832563],[-76.540788006202732,3.2636030384002752],[-76.540822526438873,3.263569923337867],[-76.541659075260327,3.2627674330049645],[-76.542029577882559,3.2624163022540364],[-76.542148376782563,3.2623037143188562],[-76.542521106317025,3.2619483632414741],[-76.542655997937914,3.2618197605168771],[-76.54265901623323,3.2618168828348986],[-76.542636986636438,3.261796178866156],[-76.542632386833105,3.261791855661853],[-76.542367409450364,3.2615428135514501],[-76.542029363299591,3.2612250968357572],[-76.54185340064069,3.2610621744285364],[-76.541552482774478,3.2607835567931325],[-76.541460622912552,3.2606985043191372],[-76.541440246082743,3.2606796378500404],[-76.541434706518245,3.2606744857998775],[-76.540923628916687,3.2601990946566572],[-76.540892658647053,3.2601702869596934],[-76.540865412293385,3.2601449429178118],[-76.540439417212056,3.2604723319302171]]]},"properties":{"Codigo":"20","Nombre":"Juan de Ampudia"}},{"type":"Feature","geometry":{"type":"Polygon","coordinates":[[[-76.544610570546411,3.2599512050441817],[-76.544537298474083,3.2600221708977188],[-76.544475555017556,3.2600819720448895],[-76.54444441008178,3.2601129910915714],[-76.54393190017062,3.260623421424802],[-76.543907359937194,3.2606478624635589],[-76.543644059472527,3.2609056740533431],[-76.543538092913693,3.2610094322337835],[-76.543459732268445,3.2610830240729554],[-76.543301315023115,3.2612318029136818],[-76.54313110730557,3.2613916540216641],[-76.54265901623323,3.2618168828348986],[-76.542655997937914,3.2618197605168771],[-76.542521106317025,3.2619483632414741],[-76.542148376782563,3.2623037143188562],[-76.542029577882559,3.2624163022540364],[-76.542050371870417,3.2624341425599424],[-76.54209390151992,3.2624764997555165],[-76.542129200232111,3.2625108476816398],[-76.542138380792949,3.2625197816525278],[-76.542610925871131,3.2629796015088628],[-76.542829912953593,3.2631713922065426],[-76.54362829677207,3.2639112441008282],[-76.543712980753341,3.2639897192604903],[-76.543721325774825,3.2639520966583575],[-76.543733194669386,3.2638997991329473],[-76.54378968574872,3.2636508888030806],[-76.544315980503725,3.2613319267677969],[-76.544327909738314,3.261279361581547],[-76.544465856933712,3.260671536748875],[-76.544616400121257,3.2599455589749593],[-76.544610570546411,3.2599512050441817]]]},"properties":{"Codigo":"21","Nombre":"La Estación"}},{"type":"Feature","geometry":{"type":"Polygon","coordinates":[[[-76.544916340168271,3.2586152889802205],[-76.544889400972949,3.2587294408718397],[-76.544750462132058,3.2592944114234697],[-76.544658846571124,3.2596817788520349],[-76.544624119792871,3.2598975871983313],[-76.544616400121257,3.2599455589749593],[-76.544465856933712,3.260671536748875],[-76.544327909738314,3.261279361581547],[-76.544315980503725,3.2613319267677969],[-76.54378968574872,3.2636508888030806],[-76.543733194669386,3.2638997991329473],[-76.543721325774825,3.2639520966583575],[-76.543712980753341,3.2639897192604903],[-76.543711739777706,3.2639953135077842],[-76.543710922680745,3.2639989990021308],[-76.543672980916185,3.2641700525842534],[-76.543655327664879,3.2642496361074564],[-76.543627726751154,3.2643740685468985],[-76.543966915776124,3.2643872251942954],[-76.544152576975208,3.2643549266473837],[-76.544345377614349,3.2642831546119799],[-76.54453103915958,3.2642365029260083],[-76.544738122815033,3.2642042048159112],[-76.544788278198212,3.2641937027301311],[-76.544995192206144,3.2641503747148777],[-76.545180256804258,3.2640942129526542],[-76.545329024298184,3.2640403839464889],[-76.545531346133018,3.2638788964907652],[-76.545678921631463,3.2637066449477636],[-76.545657914531432,3.263681538530494],[-76.54558522905667,3.2635946680271708],[-76.545562334622431,3.2635673061834609],[-76.545455221803934,3.2634141945136435],[-76.54538619423883,3.2632921848064669],[-76.545383813258013,3.2632192172988419],[-76.545384625355652,3.2632130494929581],[-76.545405234017622,3.2630565358796395],[-76.545450458822486,3.2629297398230843],[-76.54546047281822,3.2629125317723524],[-76.545524246292842,3.2628029435609229],[-76.545590892836373,3.2627168180560093],[-76.545658588350776,3.2626599752753189],[-76.545725235181266,3.2626331800490127],[-76.545780457193331,3.262608297679594],[-76.545828062024597,3.2625527952446656],[-76.545845200255044,3.2624992055099558],[-76.545844983718325,3.262498640206819],[-76.545826156728623,3.2624494452755513],[-76.545809968221235,3.2624232951458256],[-76.545772839295623,3.2623633202727893],[-76.545689051794497,3.2622446577115332],[-76.545599553601932,3.2621126003191252],[-76.545519576429271,3.2620368099744059],[-76.545424364682745,3.2619755662595562],[-76.545357716774902,3.2618932693043439],[-76.5453063032393,3.2617746067378306],[-76.545233941906304,3.2616636015146709],[-76.545167294807328,3.2616157548050202],[-76.545106534192882,3.2615926474702488],[-76.545096838905678,3.2615889600045316],[-76.545039712163558,3.2615506831389891],[-76.545013130641621,3.2614909652503483],[-76.54500733966465,3.2614779547068338],[-76.544990202046137,3.2613918290129567],[-76.544989724740788,3.2613140181782474],[-76.545029712666704,3.2612068390640814],[-76.545134444211982,3.2611245409207799],[-76.545248696096436,3.2610192758604892],[-76.545346191318288,3.2609400403301136],[-76.545485197993898,3.260853912540048],[-76.545768924739193,3.2607103687697259],[-76.545852709574149,3.2606797456553687],[-76.545923165317191,3.2606433821939325],[-76.54599614258035,3.2605220880971952],[-76.546060408963356,3.2603283051111793],[-76.54611396432179,3.2601718441830729],[-76.546149666921764,3.2601036607127787],[-76.546174658602027,3.2599457639780853],[-76.546153235607804,3.2598165759070983],[-76.546093726578235,3.2595534162226945],[-76.546052071089377,3.2592244645245545],[-76.546022315923963,3.2589732655269863],[-76.54608828224525,3.2587750704273133],[-76.546089082702267,3.2587722033123336],[-76.546113419145797,3.2586849782694052],[-76.546130901617659,3.2586352744773395],[-76.546146409858309,3.2586031818094323],[-76.546161628693923,3.2585773666469886],[-76.546185930582283,3.2585457108932578],[-76.546213495289777,3.2585149503168847],[-76.546239093226973,3.2584944407608587],[-76.546258349367392,3.2584835749304095],[-76.546276826686594,3.258473780283949],[-76.546319369340253,3.2584596333216993],[-76.5463255467875,3.2584579952868378],[-76.546356944235626,3.2584496715455966],[-76.546380954817764,3.2584467859763051],[-76.546400044108239,3.2584469796589444],[-76.54643019884729,3.2584458896673865],[-76.546458776872797,3.2584472820513297],[-76.546495655055324,3.2584516774923862],[-76.546535194801592,3.2584539998741278],[-76.546551563025318,3.2584496335304141],[-76.546570343230911,3.2584335767518282],[-76.54658676134683,3.2584129800340569],[-76.546598679176597,3.2583870003408388],[-76.546604956158305,3.2583636790200514],[-76.5466133273721,3.2583426837664433],[-76.546618367299033,3.2583312614915569],[-76.546620334628628,3.2583267998059804],[-76.546628254762481,3.2583149983447921],[-76.546643920802197,3.2582873531029999],[-76.546662448009698,3.2582613208401403],[-76.54668635694685,3.2582377746365587],[-76.546712778165897,3.2582154478556742],[-76.546735529955811,3.2582006863255528],[-76.546760918630511,3.258184585111306],[-76.546783286045908,3.2581701905228],[-76.546805721715657,3.258154314724214],[-76.546810748051911,3.2581482205841334],[-76.546818595906714,3.2581387051563491],[-76.546823669716076,3.2581175553282327],[-76.546824193747852,3.2581030605592489],[-76.546824735126705,3.25808808380684],[-76.546825021643016,3.2580821571674181],[-76.546825970273858,3.2580626410377138],[-76.546825985744832,3.2580623055500988],[-76.546827296193172,3.2580580026733412],[-76.546835174209406,3.2580321257369591],[-76.546841864270178,3.2580171730365048],[-76.546844221601077,3.2580119022068259],[-76.546856096290469,3.2579944003108241],[-76.546871563601101,3.2579785497608844],[-76.546890090067933,3.2579676536875031],[-76.546923598381426,3.2579504770272192],[-76.546948971297951,3.2579421157136745],[-76.546969615314069,3.257940562191767],[-76.546989464327424,3.2579400572385318],[-76.547019029045018,3.2579437244441345],[-76.547069941605898,3.2579539645493818],[-76.547115792329606,3.2579624991760689],[-76.547162289868567,3.2579729159939839],[-76.547217531002175,3.2579848566589358],[-76.547244696799567,3.2579924716741977],[-76.547257670573373,3.2579963055364334],[-76.547277637700091,3.2580022039983993],[-76.54732184095478,3.2580143395779411],[-76.547350753906741,3.2580238771546282],[-76.547372742265509,3.2580323421863726],[-76.547389368875784,3.2580379594515603],[-76.547409737394233,3.2580419202053359],[-76.547433418806108,3.2580456530169726],[-76.547463717680188,3.258049364004699],[-76.547510518117164,3.2580535087329134],[-76.547548010793861,3.2580527671218729],[-76.547607554761612,3.2580365039734582],[-76.547639687941171,3.2580251656357309],[-76.547708986245638,3.2580045814554244],[-76.547752040979432,3.2579952727091763],[-76.547790144562384,3.2579893750842683],[-76.547827739159445,3.2579864288291347],[-76.547845195200097,3.2579853827273708],[-76.547861618328326,3.2579843984766486],[-76.547894279750878,3.2579848995242222],[-76.547927876025597,3.2579887641616341],[-76.547955906900356,3.2579938222505942],[-76.547964646887181,3.257995365081753],[-76.547981164574921,3.2580028198207538],[-76.547997594730987,3.258012491860629],[-76.548017403064733,3.2580278582617006],[-76.548041059984811,3.2580474769112242],[-76.548063392037662,3.2580714544986438],[-76.548074891914936,3.2580842012731304],[-76.548083881952309,3.2581031032075352],[-76.548100352664747,3.258141921810159],[-76.548117642162808,3.2581789458063262],[-76.548126895561609,3.2582000643226543],[-76.548131803350927,3.2582124856860082],[-76.548139060640594,3.2582294469788557],[-76.548147912913819,3.258245113249441],[-76.548150218567343,3.2582491946748888],[-76.548168577876382,3.2582792561135205],[-76.548188869999763,3.2583226904789244],[-76.548202367983336,3.2583547252504323],[-76.548205818630009,3.2583612045835202],[-76.548222549635128,3.2583926261361427],[-76.548239537874579,3.2584207697312877],[-76.548239571129329,3.2584208366671525],[-76.548257954003191,3.2584574678681557],[-76.548281018615953,3.2584966154979491],[-76.548297530010274,3.2585195835231806],[-76.548320416165282,3.2585472780791385],[-76.548342549338912,3.2585679204939],[-76.548360953829857,3.2585821241223702],[-76.548376789946175,3.2585888035107482],[-76.548397560143272,3.2585920274530138],[-76.548418485011894,3.258591960723062],[-76.548442548355865,3.2585879791183268],[-76.548467568599563,3.2585796031121324],[-76.54849133806303,3.2585663766760757],[-76.54852296658288,3.2585428390167133],[-76.548545855753702,3.2585251385347869],[-76.548565567443177,3.2585050689147579],[-76.548586922295328,3.2584810329897262],[-76.548607637981732,3.258462861122839],[-76.548626895909521,3.2584519825833529],[-76.548652123932243,3.2584126822793107],[-76.548677720375736,3.2583242813040338],[-76.548715199743853,3.2582559810786518],[-76.548761613574428,3.2581734437147838],[-76.548758042908005,3.2580779882742563],[-76.548786604669999,3.2579846857324433],[-76.548836588574289,3.2579021475306078],[-76.548907997098254,3.2578411420904074],[-76.548972263264844,3.2577980787468133],[-76.549015107134096,3.257751426694417],[-76.549061521128451,3.2576581235966846],[-76.549072231551719,3.2576060902943684],[-76.549130812871468,3.2574412479635395],[-76.549119429829034,3.2573579783898228],[-76.549162340397601,3.2572402826115612],[-76.549201017133427,3.257160051628528],[-76.549205235987884,3.2571512993052369],[-76.549233851499963,3.2570565661609865],[-76.549227991289911,3.2569294562349906],[-76.549228427377216,3.2569248092580891],[-76.549232611811405,3.2568802447597283],[-76.549188041751336,3.256874496158324],[-76.549020506837081,3.2568619403219792],[-76.548717557598835,3.2568392346607395],[-76.548545804085222,3.2568263618268194],[-76.548183651110264,3.2567992199423634],[-76.547712065447584,3.2567509490264648],[-76.547710948054927,3.2567508344945009],[-76.547656234496728,3.2567452342028154],[-76.547059893220023,3.2566841934780983],[-76.547033809033024,3.2566815237554692],[-76.547013313499207,3.2566658802617723],[-76.546938038802907,3.2566084254633183],[-76.546935266074016,3.256606308836302],[-76.546898999026908,3.2565844109918451],[-76.546882597816932,3.2565745083576569],[-76.546471686237197,3.2563264048109435],[-76.545689056224717,3.2558785574974847],[-76.545679768100271,3.2559117648466782],[-76.545640863255784,3.2560508555985788],[-76.54562428812811,3.2561101165240083],[-76.545608047422874,3.2561681785226306],[-76.545288991594688,3.2572769502477064],[-76.545128078659303,3.2579632357390285],[-76.545117897996704,3.2580066548740358],[-76.545104173580597,3.2580307652993619],[-76.545073301034535,3.2580709450949801],[-76.545038995721356,3.2581203107658108],[-76.54500737339491,3.2582295516336037],[-76.544977148325017,3.2583576253107189],[-76.544916340168271,3.2586152889802205]]]},"properties":{"Codigo":"22","Nombre":"El Rosario"}},{"type":"Feature","geometry":{"type":"Polygon","coordinates":[[[-76.543063823734585,3.2575595920869898],[-76.542321185054945,3.2577174912851454],[-76.542082495140434,3.2577949140200229],[-76.541593030459254,3.2578862935510355],[-76.541556553456218,3.2578992236455835],[-76.541609278844561,3.2581102124814669],[-76.541657937145757,3.2582878675292029],[-76.541778169748923,3.2584712054580827],[-76.541855836718639,3.2585896361710489],[-76.541944156559836,3.2586754354565381],[-76.542239103431143,3.2589796676461327],[-76.542437234181193,3.2592054470530485],[-76.542745565526999,3.2595524479518274],[-76.542751243197671,3.2595584591542939],[-76.54253611274622,3.2597435967065063],[-76.542261754007313,3.2599754395458178],[-76.542069711584375,3.2601223409968383],[-76.541785056663798,3.2603771474032719],[-76.541451815237622,3.2606599655548387],[-76.541446506286789,3.2606644715575186],[-76.541434706518245,3.2606744857998775],[-76.541440246082743,3.2606796378500404],[-76.541460622912552,3.2606985043191372],[-76.541552482774478,3.2607835567931325],[-76.54185340064069,3.2610621744285364],[-76.542029363299591,3.2612250968357572],[-76.542367409450364,3.2615428135514501],[-76.542632386833105,3.261791855661853],[-76.542636986636438,3.261796178866156],[-76.54265901623323,3.2618168828348986],[-76.54313110730557,3.2613916540216641],[-76.543301315023115,3.2612318029136818],[-76.543459732268445,3.2610830240729554],[-76.543538092913693,3.2610094322337835],[-76.543644059472527,3.2609056740533431],[-76.543907359937194,3.2606478624635589],[-76.54393190017062,3.260623421424802],[-76.54444441008178,3.2601129910915714],[-76.544475555017556,3.2600819720448895],[-76.544537298474083,3.2600221708977188],[-76.544610570546411,3.2599512050441817],[-76.544616400121257,3.2599455589749593],[-76.544624119792871,3.2598975871983313],[-76.544658846571124,3.2596817788520349],[-76.544750462132058,3.2592944114234697],[-76.544889400972949,3.2587294408718397],[-76.544916340168271,3.2586152889802205],[-76.544977148325017,3.2583576253107189],[-76.54500737339491,3.2582295516336037],[-76.544959895707109,3.258206162902566],[-76.544823417270237,3.2581389288916651],[-76.544311919019506,3.2578869485434345],[-76.544149222419847,3.2578067988558939],[-76.544050106293781,3.2577507816764411],[-76.543967046313639,3.2577038377416137],[-76.543751426799346,3.2575819751945394],[-76.54360176059177,3.2574973877272115],[-76.543063823734585,3.2575595920869898]]]},"properties":{"Codigo":"23","Nombre":"La Esmeralda"}},{"type":"Feature","geometry":{"type":"Polygon","coordinates":[[[-76.540892658647053,3.2601702869596934],[-76.540923628916687,3.2601990946566572],[-76.541434706518245,3.2606744857998775],[-76.541446506286789,3.2606644715575186],[-76.541451815237622,3.2606599655548387],[-76.541785056663798,3.2603771474032719],[-76.542069711584375,3.2601223409968383],[-76.542261754007313,3.2599754395458178],[-76.54253611274622,3.2597435967065063],[-76.542751243197671,3.2595584591542939],[-76.542745565526999,3.2595524479518274],[-76.542437234181193,3.2592054470530485],[-76.542239103431143,3.2589796676461327],[-76.541944156559836,3.2586754354565381],[-76.541855836718639,3.2585896361710489],[-76.541778169748923,3.2584712054580827],[-76.541657937145757,3.2582878675292029],[-76.541609278844561,3.2581102124814669],[-76.541556553456218,3.2578992236455835],[-76.541101662177311,3.2580604632344561],[-76.540534754332057,3.2582614083324852],[-76.540412341449453,3.2583047980366486],[-76.539603673466459,3.2585659769075161],[-76.539242715106042,3.2586563669857127],[-76.538780257389007,3.2587721729179226],[-76.538304205142765,3.2589127238105942],[-76.538284125919887,3.2589180845556278],[-76.538311481412464,3.2589410305069602],[-76.5384382359791,3.2590473530148718],[-76.538651812274551,3.2592323700604502],[-76.538738261415133,3.25930615948042],[-76.538855111845578,3.2594058978440033],[-76.539138358259478,3.2596500979942045],[-76.539453288360491,3.2599436998320899],[-76.539743287659093,3.2602129932933934],[-76.539884185089008,3.2603603377944199],[-76.54018370106958,3.2606735572322489],[-76.540210872343195,3.2606521760538785],[-76.540439417212056,3.2604723319302171],[-76.540865412293385,3.2601449429178118],[-76.540892658647053,3.2601702869596934]]]},"properties":{"Codigo":"24","Nombre":"Angel Maria Camacho"}},{"type":"Feature","geometry":{"type":"Polygon","coordinates":[[[-76.543274923687463,3.2571680111450547],[-76.543278760595342,3.2572063175631474],[-76.543282644045121,3.257245086103763],[-76.543284874409821,3.2572673538909855],[-76.543287836890968,3.2572969342446578],[-76.543291315795386,3.2573316657709208],[-76.543426991313609,3.2573854932690294],[-76.54360176059177,3.2574973877272115],[-76.543751426799346,3.2575819751945394],[-76.543967046313639,3.2577038377416137],[-76.544050106293781,3.2577507816764411],[-76.544149222419847,3.2578067988558939],[-76.544311919019506,3.2578869485434345],[-76.544823417270237,3.2581389288916651],[-76.544959895707109,3.258206162902566],[-76.54500737339491,3.2582295516336037],[-76.545038995721356,3.2581203107658108],[-76.545073301034535,3.2580709450949801],[-76.545104173580597,3.2580307652993619],[-76.545117897996704,3.2580066548740358],[-76.545128078659303,3.2579632357390285],[-76.545288991594688,3.2572769502477064],[-76.545608047422874,3.2561681785226306],[-76.54562428812811,3.2561101165240083],[-76.545640863255784,3.2560508555985788],[-76.545679768100271,3.2559117648466782],[-76.545689056224717,3.2558785574974847],[-76.545851314269541,3.2553998186638662],[-76.546071525309017,3.2547500908008917],[-76.546398456210511,3.2537854854836095],[-76.54624989558647,3.2537308585487112],[-76.546105685176627,3.2536778308922392],[-76.546048401920586,3.2538428301448401],[-76.545849720610661,3.2544151187536885],[-76.545776868416311,3.2546249648815722],[-76.545766996197983,3.2546534008320314],[-76.545642121947267,3.2550130928493233],[-76.545614950792682,3.2550913574808598],[-76.545460717406144,3.2555356140922798],[-76.545236614873161,3.2561811238029703],[-76.54504173232597,3.2567424666208167],[-76.545006774078146,3.2567314933657778],[-76.544220544344967,3.2564846935822764],[-76.544133064194554,3.2564598520599333],[-76.54411629545659,3.256478218542747],[-76.544004909936135,3.2567966667882051],[-76.543908843220294,3.2569574004117867],[-76.543782783209394,3.2570809187429193],[-76.543322370093634,3.2569210971670879],[-76.543321359007194,3.2569207204396329],[-76.543214827919911,3.2568810309238976],[-76.543253916013796,3.2569582772208525],[-76.543274923687463,3.2571680111450547]]]},"properties":{"Codigo":"25","Nombre":"El Piloto"}},{"type":"Feature","geometry":{"type":"Polygon","coordinates":[[[-76.537713309558526,3.2590704874789918],[-76.537653803066874,3.2591039805551416],[-76.537692069234566,3.2591661817281392],[-76.537432724625774,3.2593333484083322],[-76.537053209200948,3.2596260023233379],[-76.536986906639882,3.2596805184671211],[-76.537000337208198,3.2596982581244567],[-76.537002578973755,3.2597005806708772],[-76.537005432211814,3.259703536556886],[-76.537142185326374,3.2598452191193203],[-76.537716393438686,3.2604401219813148],[-76.537746166791337,3.2604709683144915],[-76.537901873418846,3.2606418020801446],[-76.538369794794249,3.2611551872133431],[-76.538939108891086,3.2617367024233115],[-76.539565214592244,3.2611512032752858],[-76.539696193985421,3.2610555687741272],[-76.54018370106958,3.2606735572322489],[-76.539884185089008,3.2603603377944199],[-76.539743287659093,3.2602129932933934],[-76.539453288360491,3.2599436998320899],[-76.539138358259478,3.2596500979942045],[-76.538855111845578,3.2594058978440033],[-76.538738261415133,3.25930615948042],[-76.538651812274551,3.2592323700604502],[-76.5384382359791,3.2590473530148718],[-76.538311481412464,3.2589410305069602],[-76.538284125919887,3.2589180845556278],[-76.537713309558526,3.2590704874789918]]]},"properties":{"Codigo":"26","Nombre":"El Porvenir"}},{"type":"Feature","geometry":{"type":"Polygon","coordinates":[[[-76.532314957041834,3.2620300887670775],[-76.532360970443207,3.2620121146375718],[-76.532445922134428,3.2619789296773534],[-76.532559926576724,3.2619343961854343],[-76.532905066253377,3.2618177701129052],[-76.533297810339207,3.2617878676514627],[-76.533708405759526,3.2617430139934545],[-76.533979160633422,3.261722081699292],[-76.534446399657611,3.2615418197195063],[-76.534491513885641,3.261524414703207],[-76.534583269929243,3.2614948929304348],[-76.535095026044146,3.2616623615258766],[-76.535560337726338,3.2617996644586058],[-76.535721815055638,3.261782009436704],[-76.535841833028243,3.2617074243960458],[-76.536131453872827,3.2614281215823269],[-76.536424829879323,3.2612483542452928],[-76.537373547676864,3.260651664631478],[-76.537595061989862,3.2605149860176135],[-76.537716393438686,3.2604401219813148],[-76.537142185326374,3.2598452191193203],[-76.537005432211814,3.259703536556886],[-76.537002578973755,3.2597005806708772],[-76.537000337208198,3.2596982581244567],[-76.536986906639882,3.2596805184671211],[-76.537053209200948,3.2596260023233379],[-76.537432724625774,3.2593333484083322],[-76.537692069234566,3.2591661817281392],[-76.537653803066874,3.2591039805551416],[-76.537621291625442,3.259073650010873],[-76.537352811477462,3.2591729386181574],[-76.537338616646423,3.2591761909722177],[-76.537303783215378,3.2591910705467799],[-76.537100590733999,3.2592778660794597],[-76.536788181241704,3.2594722459997998],[-76.536562056002367,3.259669615859845],[-76.536429355969432,3.2598113628688052],[-76.536329072288652,3.2599238768746792],[-76.536247582573253,3.2599628760194879],[-76.536173870558613,3.2599840827380295],[-76.536087021184471,3.2599995400516875],[-76.536049884273041,3.2600012426835479],[-76.535978509402796,3.2599776353640344],[-76.53591164856941,3.2599369609177513],[-76.53584321696674,3.2598741610228896],[-76.535739080738352,3.2597964091287039],[-76.535611142007397,3.2597126750780956],[-76.535601298712677,3.2597082775738411],[-76.535514876994739,3.2596459065227532],[-76.535477816019707,3.2596301552891638],[-76.535429884390751,3.2596097844398226],[-76.535412062273949,3.2596022094323325],[-76.535278403236404,3.2595435656644143],[-76.53518357783075,3.2595170997821987],[-76.535032754210022,3.2595066820398988],[-76.535021790038087,3.2595070070808654],[-76.534914968090092,3.2595101721972748],[-76.534897129880306,3.2595040992143955],[-76.534879190920506,3.2594979918133409],[-76.534849222189564,3.2594877886581273],[-76.534672131075496,3.2594054910573553],[-76.534504561025187,3.2593748675470242],[-76.534295097959586,3.2593614690173682],[-76.534159898887623,3.259372951799711],[-76.534030508435748,3.2594212770620916],[-76.533916255419371,3.2595289325544776],[-76.533890805675057,3.2595511807978292],[-76.533915569858195,3.2599060286517547],[-76.533928620005881,3.2601563331424441],[-76.533866236488564,3.2601739232007643],[-76.533162897901974,3.2603722395520252],[-76.532691425749675,3.2605130875204833],[-76.532214398296844,3.260687944721091],[-76.532205833956851,3.2606910843092822],[-76.532185618623231,3.2606984939884067],[-76.532234951198276,3.2612063914996394],[-76.532314957041834,3.2620300887670775]]]},"properties":{"Codigo":"27","Nombre":"Belalcazar"}},{"type":"Feature","geometry":{"type":"Polygon","coordinates":[[[-76.532207353111957,3.258962594182548],[-76.532044005710659,3.2589987116667403],[-76.532094485714779,3.2596046258792049],[-76.532143486246923,3.2601927788521614],[-76.532173564708714,3.2605538140378876],[-76.532185618623231,3.2606984939884067],[-76.532205833956851,3.2606910843092822],[-76.532214398296844,3.260687944721091],[-76.532691425749675,3.2605130875204833],[-76.533162897901974,3.2603722395520252],[-76.533866236488564,3.2601739232007643],[-76.533928620005881,3.2601563331424441],[-76.533915569858195,3.2599060286517547],[-76.533890805675057,3.2595511807978292],[-76.533883442312685,3.2594456694807539],[-76.533879863438756,3.2594000112718478],[-76.533852233277912,3.2590475184680181],[-76.5338521572628,3.2590466593423573],[-76.533813473791184,3.2586074590314085],[-76.532207353111957,3.258962594182548]]]},"properties":{"Codigo":"28","Nombre":"La Aurora"}},{"type":"Feature","geometry":{"type":"Polygon","coordinates":[[[-76.533879863438756,3.2594000112718478],[-76.533883442312685,3.2594456694807539],[-76.533890805675057,3.2595511807978292],[-76.533916255419371,3.2595289325544776],[-76.534030508435748,3.2594212770620916],[-76.534159898887623,3.259372951799711],[-76.534295097959586,3.2593614690173682],[-76.534504561025187,3.2593748675470242],[-76.534672131075496,3.2594054910573553],[-76.534849222189564,3.2594877886581273],[-76.534879190920506,3.2594979918133409],[-76.534879804653301,3.2594641758637168],[-76.534882176158831,3.2593334823497431],[-76.534890298033787,3.2590225966952451],[-76.534893424806555,3.2589028881152395],[-76.534821769993641,3.2584984827475147],[-76.534657535346213,3.2578633070047118],[-76.53445082619946,3.2578993842762571],[-76.534080264624691,3.257964058931532],[-76.534061279670311,3.257967371946084],[-76.534086269894416,3.2585451306524109],[-76.53382920186047,3.258603981484161],[-76.533813473791184,3.2586074590314085],[-76.5338521572628,3.2590466593423573],[-76.533852233277912,3.2590475184680181],[-76.533879863438756,3.2594000112718478]]]},"properties":{"Codigo":"29","Nombre":"La Adrianita"}},{"type":"Feature","geometry":{"type":"Polygon","coordinates":[[[-76.534272437984669,3.2567209989945747],[-76.534062105696762,3.2567709028096838],[-76.533097268935265,3.2569998213241704],[-76.531887781142714,3.2572692757627006],[-76.531891205622259,3.257312446153366],[-76.532044005710659,3.2589987116667403],[-76.532207353111957,3.258962594182548],[-76.533813473791184,3.2586074590314085],[-76.53382920186047,3.258603981484161],[-76.534086269894416,3.2585451306524109],[-76.534061279670311,3.257967371946084],[-76.534080264624691,3.257964058931532],[-76.53445082619946,3.2578993842762571],[-76.534657535346213,3.2578633070047118],[-76.53463085335099,3.2577338438928236],[-76.534397196435762,3.2567496921311703],[-76.534387127250397,3.2567085302008336],[-76.534384293048021,3.2566969436854998],[-76.534272437984669,3.2567209989945747]]]},"properties":{"Codigo":"30","Nombre":"Arizona"}},{"type":"Feature","geometry":{"type":"Polygon","coordinates":[[[-76.53518357783075,3.2595170997821987],[-76.535278403236404,3.2595435656644143],[-76.535412062273949,3.2596022094323325],[-76.535429884390751,3.2596097844398226],[-76.535477816019707,3.2596301552891638],[-76.535514876994739,3.2596459065227532],[-76.535601298712677,3.2597082775738411],[-76.535611142007397,3.2597126750780956],[-76.535739080738352,3.2597964091287039],[-76.53584321696674,3.2598741610228896],[-76.53591164856941,3.2599369609177513],[-76.535978509402796,3.2599776353640344],[-76.536049884273041,3.2600012426835479],[-76.536087021184471,3.2599995400516875],[-76.536173870558613,3.2599840827380295],[-76.536247582573253,3.2599628760194879],[-76.536329072288652,3.2599238768746792],[-76.536429355969432,3.2598113628688052],[-76.536562056002367,3.259669615859845],[-76.536788181241704,3.2594722459997998],[-76.537100590733999,3.2592778660794597],[-76.537303783215378,3.2591910705467799],[-76.537338616646423,3.2591761909722177],[-76.537352811477462,3.2591729386181574],[-76.537621291625442,3.259073650010873],[-76.537329185139896,3.2588011383477524],[-76.537277243124393,3.2587526805836804],[-76.536284677840229,3.257819653135674],[-76.536099018730411,3.2576246736309566],[-76.535965724662873,3.2574305923083511],[-76.535751502818755,3.257093266895247],[-76.535580572279201,3.2567974143214777],[-76.535496726836826,3.2566522913290146],[-76.535496608184289,3.2566520850845899],[-76.535494981199776,3.2566492691208118],[-76.535466375038553,3.2565997568249241],[-76.535416304493552,3.2565061410893037],[-76.535399465974791,3.2565100530362092],[-76.535304728272294,3.2565320613377469],[-76.535204244369794,3.2565467760604072],[-76.535162608447251,3.2565528729539377],[-76.534822875218481,3.2566026228949272],[-76.534413822503296,3.2566905933998154],[-76.534384293048021,3.2566969436854998],[-76.534387127250397,3.2567085302008336],[-76.534397196435762,3.2567496921311703],[-76.53463085335099,3.2577338438928236],[-76.534657535346213,3.2578633070047118],[-76.534821769993641,3.2584984827475147],[-76.534893424806555,3.2589028881152395],[-76.534890298033787,3.2590225966952451],[-76.534882176158831,3.2593334823497431],[-76.534879804653301,3.2594641758637168],[-76.534879190920506,3.2594979918133409],[-76.534897129880306,3.2595040992143955],[-76.534914968090092,3.2595101721972748],[-76.535021790038087,3.2595070070808654],[-76.535032754210022,3.2595066820398988],[-76.53518357783075,3.2595170997821987]]]},"properties":{"Codigo":"31","Nombre":"Belalcazar II"}},{"type":"Feature","geometry":{"type":"Polygon","coordinates":[[[-76.539318785223102,3.2573357993924654],[-76.539336824014683,3.2574504182749879],[-76.539399539198811,3.257697372007609],[-76.539479344381803,3.2580362118142578],[-76.539512505020667,3.2581775075280386],[-76.539599304409663,3.258547362255837],[-76.539603673466459,3.2585659769075161],[-76.540412341449453,3.2583047980366486],[-76.540534754332057,3.2582614083324852],[-76.541101662177311,3.2580604632344561],[-76.541556553456218,3.2578992236455835],[-76.541537987400346,3.2578028831067742],[-76.541526930973703,3.2575983108449202],[-76.541517697540399,3.2574274536909544],[-76.541513579336794,3.2573512515068921],[-76.5415129093075,3.257338847762199],[-76.541223708059476,3.257299374220973],[-76.54116348290475,3.2572937317450692],[-76.541099985632812,3.2572877827668716],[-76.540802402806023,3.2572599004727691],[-76.54077972215488,3.2572574801869405],[-76.540633527774233,3.2572418796465441],[-76.540622110078033,3.257240660869591],[-76.540556419375193,3.2572362715068044],[-76.540310041689395,3.2572198079476808],[-76.540303581032248,3.2572193758499033],[-76.539779506691815,3.2571843554917366],[-76.539289800492185,3.2571516312357338],[-76.539318785223102,3.2573357993924654]]]},"properties":{"Codigo":"32","Nombre":"Primero de Mayo"}},{"type":"Feature","geometry":{"type":"Polygon","coordinates":[[[-76.542199017381492,3.2572985820582088],[-76.542179604024227,3.2573004761566224],[-76.542035312103138,3.2573145568828865],[-76.541970275195681,3.25732090381713],[-76.5415129093075,3.257338847762199],[-76.541513579336794,3.2573512515068921],[-76.541517697540399,3.2574274536909544],[-76.541526930973703,3.2575983108449202],[-76.541537987400346,3.2578028831067742],[-76.541556553456218,3.2578992236455835],[-76.541593030459254,3.2578862935510355],[-76.542082495140434,3.2577949140200229],[-76.542321185054945,3.2577174912851454],[-76.543063823734585,3.2575595920869898],[-76.54360176059177,3.2574973877272115],[-76.543426991313609,3.2573854932690294],[-76.543291315795386,3.2573316657709208],[-76.543226197777727,3.2573058304865659],[-76.543162983172905,3.2572807513035014],[-76.543155641193849,3.2572778382572656],[-76.542952690982332,3.2572648872605252],[-76.542705772949063,3.2572491311575424],[-76.542199017381492,3.2572985820582088]]]},"properties":{"Codigo":"33","Nombre":"Villa Estela"}},{"type":"Feature","geometry":{"type":"Polygon","coordinates":[[[-76.535965724662873,3.2574305923083511],[-76.536099018730411,3.2576246736309566],[-76.536284677840229,3.257819653135674],[-76.537277243124393,3.2587526805836804],[-76.537329185139896,3.2588011383477524],[-76.537621291625442,3.259073650010873],[-76.537653803066874,3.2591039805551416],[-76.537713309558526,3.2590704874789918],[-76.538284125919887,3.2589180845556278],[-76.538304205142765,3.2589127238105942],[-76.538780257389007,3.2587721729179226],[-76.539242715106042,3.2586563669857127],[-76.539603673466459,3.2585659769075161],[-76.539599304409663,3.258547362255837],[-76.539512505020667,3.2581775075280386],[-76.539479344381803,3.2580362118142578],[-76.539399539198811,3.257697372007609],[-76.539336824014683,3.2574504182749879],[-76.539318785223102,3.2573357993924654],[-76.539289800492185,3.2571516312357338],[-76.539779506691815,3.2571843554917366],[-76.539773079929262,3.257160739861392],[-76.539760674199982,3.2571123124514103],[-76.539414373603762,3.2557604537749634],[-76.539346462324986,3.2554953452476889],[-76.538865109303998,3.2555485474847803],[-76.538761003135065,3.2555600539965046],[-76.538576280782976,3.2555810847124853],[-76.538492035102166,3.2555906766032914],[-76.538470085562693,3.2555974895695212],[-76.538492705661838,3.255678181568388],[-76.538506445448306,3.2557218232380833],[-76.538517925371224,3.2557582672735208],[-76.538524910683734,3.2557804553161835],[-76.538531758578571,3.2558021938478747],[-76.538544053161587,3.2558412445137983],[-76.538546286089598,3.2558483390433302],[-76.538557863914733,3.2558851014449308],[-76.538653977064172,3.2562323952759673],[-76.538677959832896,3.2563274293026274],[-76.538130763273998,3.2566308074552199],[-76.537829101857341,3.2567730101185117],[-76.537570682718652,3.2568948286095196],[-76.537512282253743,3.2568774020661659],[-76.53751142792936,3.2568749464318927],[-76.537271160957573,3.2561839943202289],[-76.537232030410863,3.2560354248042107],[-76.536948918577892,3.2561253442474971],[-76.536448192897424,3.2562605710923083],[-76.536350122078971,3.2562870567003848],[-76.53629495240537,3.2563019560346027],[-76.535851014211929,3.2564218455070857],[-76.535839930783382,3.2564248390868613],[-76.535814401482057,3.2564345628060822],[-76.535786276589874,3.2564407384598031],[-76.535633088786469,3.2564743734716508],[-76.535535847077639,3.2564864629894066],[-76.535520863974085,3.2564883258931627],[-76.53546090186704,3.2564957811069779],[-76.535416304493552,3.2565061410893037],[-76.535466375038553,3.2565997568249241],[-76.535494981199776,3.2566492691208118],[-76.535496608184289,3.2566520850845899],[-76.535496726836826,3.2566522913290146],[-76.535580572279201,3.2567974143214777],[-76.535751502818755,3.257093266895247],[-76.535965724662873,3.2574305923083511]]]},"properties":{"Codigo":"34","Nombre":"Popular"}},{"type":"Feature","geometry":{"type":"MultiPolygon","coordinates":[[[[-76.543646175822133,3.2537145542144637],[-76.543653205559565,3.2537363100063721],[-76.543725510038442,3.2537370239502588],[-76.543991648542232,3.2537396521903728],[-76.544053553255907,3.2535965098061554],[-76.544105432431635,3.2534464713169409],[-76.544152756227192,3.2532658044399732],[-76.544201601705552,3.2530897331188422],[-76.544224792140085,3.252989969373719],[-76.544234689802138,3.2529473892826313],[-76.544240083198261,3.2529241859719531],[-76.544248937527001,3.2528860969899913],[-76.544251036767719,3.2528737254572095],[-76.544093921427248,3.2528816885159504],[-76.544016319071787,3.2528714730171804],[-76.54398880585353,3.2528678511491242],[-76.543883700751323,3.2528341073992406],[-76.543773150708631,3.2527727379686469],[-76.543559789562806,3.2526542968113374],[-76.543355503140376,3.2525578250067171],[-76.543190608222048,3.2524799547870309],[-76.54310458042103,3.2524314954757525],[-76.543060645937288,3.2524067485201988],[-76.543050686298713,3.2524029243596724],[-76.5430389033056,3.2523983993002723],[-76.542967770873702,3.2523710841273346],[-76.542955041571844,3.2523661959389392],[-76.542987682067647,3.2524453333011021],[-76.542997494435539,3.2524691225388032],[-76.54304269872361,3.2525787198208316],[-76.543043892846086,3.2525817580027465],[-76.543134868123332,3.2528131889616576],[-76.543176208689715,3.2529183540165181],[-76.543300340567299,3.2528759350724474],[-76.543368849878263,3.2528563246588926],[-76.543646175822133,3.2537145542144637]]],[[[-76.544439835646429,3.2538778729537547],[-76.545110067374281,3.2541419814838251],[-76.545275683185423,3.2542031394464925],[-76.545364798248187,3.2542360480760002],[-76.545451987395595,3.2542682448973212],[-76.545636346146466,3.2543363243124053],[-76.545766700818319,3.2543844614828963],[-76.545773928652267,3.2543871302861991],[-76.545801619307269,3.2543973554148371],[-76.545849720610661,3.2544151187536885],[-76.546048401920586,3.2538428301448401],[-76.546105685176627,3.2536778308922392],[-76.546056891192322,3.2536633597649414],[-76.545857089644599,3.2536041054822653],[-76.545834967237852,3.253597544821929],[-76.54565288109734,3.2535435439232456],[-76.545544812165545,3.2534978095317806],[-76.54541383616926,3.253409719090715],[-76.545325194035698,3.2533501021910713],[-76.545279269841984,3.2533208381831189],[-76.54527232901728,3.2533387713197226],[-76.545260980802482,3.2533680954116235],[-76.545254646558575,3.2533874151631466],[-76.545244903231179,3.2534171325718129],[-76.545201113227577,3.2534117622328873],[-76.545128863411946,3.2534029015785291],[-76.54512377494062,3.253402277626579],[-76.545046859871647,3.2533886994674996],[-76.54504030744954,3.2534054337042724],[-76.544936256073839,3.2536711625943342],[-76.544545880905844,3.2536173603035405],[-76.544439835646429,3.2538778729537547]]]]},"properties":{"Codigo":"35","Nombre":"Rincón de Santa Ana (Codinter)"}},{"type":"Feature","geometry":{"type":"Polygon","coordinates":[[[-76.543991648542232,3.2537396521903728],[-76.544051390988869,3.2537800799554106],[-76.544053301759604,3.2537805141305149],[-76.544061511965609,3.2537868115222071],[-76.544062464365368,3.2537875734495376],[-76.544118486869792,3.2538324086073844],[-76.544131368097624,3.2538427190544743],[-76.544131923996673,3.2538429589894795],[-76.544131912282296,3.2538429933466846],[-76.544277050430381,3.2539160737373138],[-76.544358541283515,3.2539505708727532],[-76.544403232554998,3.2539649992093302],[-76.544433959206032,3.2538923088097267],[-76.544439835646429,3.2538778729537547],[-76.544545880905844,3.2536173603035405],[-76.544936256073839,3.2536711625943342],[-76.54504030744954,3.2534054337042724],[-76.545046859871647,3.2533886994674996],[-76.54512377494062,3.253402277626579],[-76.545128713029257,3.2534031492773479],[-76.545128863411946,3.2534029015785291],[-76.545201113227577,3.2534117622328873],[-76.545244903231179,3.2534171325718129],[-76.545254646558575,3.2533874151631466],[-76.545260980802482,3.2533680954116235],[-76.54527232901728,3.2533387713197226],[-76.545279269841984,3.2533208381831189],[-76.54495428924497,3.2531137554993204],[-76.544875347420643,3.2530550742367477],[-76.544849765475576,3.2530419419755154],[-76.544801342284913,3.2530170850930551],[-76.544681043026088,3.2529553325823941],[-76.544605781966382,3.2529257889328549],[-76.544504664796023,3.2528860952492589],[-76.544251036767719,3.2528737254572095],[-76.544248937527001,3.2528860969899913],[-76.544240083198261,3.2529241859719531],[-76.544234689802138,3.2529473892826313],[-76.544224792140085,3.252989969373719],[-76.544201601705552,3.2530897331188422],[-76.544152756227192,3.2532658044399732],[-76.544105432431635,3.2534464713169409],[-76.544053553255907,3.2535965098061554],[-76.543991648542232,3.2537396521903728]]]},"properties":{"Codigo":"36","Nombre":"Conjunto Madeira Club House"}},{"type":"Feature","geometry":{"type":"Polygon","coordinates":[[[-76.543214827919911,3.2568810309238976],[-76.543321359007194,3.2569207204396329],[-76.543322370093634,3.2569210971670879],[-76.543782783209394,3.2570809187429193],[-76.543908843220294,3.2569574004117867],[-76.544004909936135,3.2567966667882051],[-76.54411629545659,3.256478218542747],[-76.544133064194554,3.2564598520599333],[-76.544220544344967,3.2564846935822764],[-76.545006774078146,3.2567314933657778],[-76.54504173232597,3.2567424666208167],[-76.545236614873161,3.2561811238029703],[-76.545460717406144,3.2555356140922798],[-76.545614950792682,3.2550913574808598],[-76.545642121947267,3.2550130928493233],[-76.545766996197983,3.2546534008320314],[-76.545776868416311,3.2546249648815722],[-76.545849720610661,3.2544151187536885],[-76.545801619307269,3.2543973554148371],[-76.545773928652267,3.2543871302861991],[-76.545766700818319,3.2543844614828963],[-76.545636346146466,3.2543363243124053],[-76.545451987395595,3.2542682448973212],[-76.545364798248187,3.2542360480760002],[-76.545275683185423,3.2542031394464925],[-76.545110067374281,3.2541419814838251],[-76.544439835646429,3.2538778729537547],[-76.544433959206032,3.2538923088097267],[-76.544403232554998,3.2539649992093302],[-76.544358541283515,3.2539505708727532],[-76.544277050430381,3.2539160737373138],[-76.544131912282296,3.2538429933466846],[-76.544131923996673,3.2538429589894795],[-76.544131368097624,3.2538427190544743],[-76.544118486869792,3.2538324086073844],[-76.544062464365368,3.2537875734495376],[-76.544061511965609,3.2537868115222071],[-76.544053301759604,3.2537805141305149],[-76.544051390988869,3.2537800799554106],[-76.543991648542232,3.2537396521903728],[-76.543725510038442,3.2537370239502588],[-76.543653205559565,3.2537363100063721],[-76.543646175822133,3.2537145542144637],[-76.543368849878263,3.2528563246588926],[-76.543300340567299,3.2528759350724474],[-76.543176208689715,3.2529183540165181],[-76.543134868123332,3.2528131889616576],[-76.543043892846086,3.2525817580027465],[-76.54304269872361,3.2525787198208316],[-76.542997494435539,3.2524691225388032],[-76.542987682067647,3.2524453333011021],[-76.542955041571844,3.2523661959389392],[-76.542941351567933,3.2523609391888417],[-76.542935113184328,3.2523468079771782],[-76.542929526317252,3.2523341529311711],[-76.542912048598311,3.2522945650957813],[-76.542907465516834,3.252284183091894],[-76.542687107438809,3.251785047297564],[-76.542666595748855,3.2517320778106038],[-76.542639664333606,3.2516625254551075],[-76.542630522172502,3.2516389156244832],[-76.542526710206502,3.2516767749881206],[-76.54231322438558,3.2517546310375001],[-76.541654948911017,3.2519709570247586],[-76.541404768750013,3.2520544080935241],[-76.541412109864339,3.2520759144711286],[-76.54160443840405,3.2526927437955262],[-76.541798572430011,3.253298443944372],[-76.541857422214903,3.2534820583179895],[-76.541942434974928,3.2537473006855904],[-76.542117910847082,3.2543003967454345],[-76.542148208808982,3.254395895299639],[-76.542197775461531,3.254552127920403],[-76.542211882058893,3.2545965926735101],[-76.542213838417055,3.2547390925209547],[-76.542275196413456,3.2548585300054254],[-76.542320205974988,3.2549432499023738],[-76.542330169273527,3.2549623404806649],[-76.542344547521424,3.2549898931457806],[-76.542564198563682,3.2555284706763734],[-76.54276144650035,3.2559533222400301],[-76.542940015132032,3.2563379387301024],[-76.543214827919911,3.2568810309238976]]]},"properties":{"Codigo":"37","Nombre":"Urbanización Portal del Jordán"}},{"type":"Feature","geometry":{"type":"Polygon","coordinates":[[[-76.543195370671739,3.2502449052228806],[-76.543167487356286,3.2502813608613921],[-76.543155526887816,3.2502909997785019],[-76.543132286422491,3.250309729063213],[-76.542574062256818,3.2507595995000624],[-76.5423575872681,3.2509340559368347],[-76.542345096627756,3.2509458296136096],[-76.542630522172502,3.2516389156244832],[-76.542639664333606,3.2516625254551075],[-76.542666595748855,3.2517320778106038],[-76.542687107438809,3.251785047297564],[-76.542907465516834,3.252284183091894],[-76.542912048598311,3.2522945650957813],[-76.542929526317252,3.2523341529311711],[-76.542935113184328,3.2523468079771782],[-76.542941351567933,3.2523609391888417],[-76.542955041571844,3.2523661959389392],[-76.542967770873702,3.2523710841273346],[-76.5430389033056,3.2523983993002723],[-76.543050686298713,3.2524029243596724],[-76.543055473639072,3.2523978872373505],[-76.543208200397601,3.2522371846670657],[-76.543286860204589,3.2521544169423979],[-76.543760943278357,3.2516555743053135],[-76.543771051770975,3.2516449387639548],[-76.543800790310172,3.2516136467520407],[-76.543774760186409,3.2515957078734554],[-76.54385165861909,3.2514762995876092],[-76.543877784272084,3.2514357311423261],[-76.54390269431569,3.2513970502311724],[-76.544240390705127,3.2508726724369916],[-76.544184612279238,3.2507316704440163],[-76.544177823949553,3.2507145095380183],[-76.544168854324028,3.2507083672877588],[-76.543669713654054,3.2503794648879225],[-76.543494186764221,3.2502663177677671],[-76.543292310834673,3.2501361883201576],[-76.543278295217846,3.250147927742741],[-76.54327340703135,3.2501428755288266],[-76.543195370671739,3.2502449052228806]]]},"properties":{"Codigo":"38","Nombre":"Villa del Sol"}},{"type":"Feature","geometry":{"type":"Polygon","coordinates":[[[-76.549228427377216,3.2569248092580891],[-76.549227991289911,3.2569294562349906],[-76.549233851499963,3.2570565661609865],[-76.549205235987884,3.2571512993052369],[-76.549201017133427,3.257160051628528],[-76.549162340397601,3.2572402826115612],[-76.549119429829034,3.2573579783898228],[-76.549130812871468,3.2574412479635395],[-76.549072231551719,3.2576060902943684],[-76.549061521128451,3.2576581235966846],[-76.549015107134096,3.257751426694417],[-76.548972263264844,3.2577980787468133],[-76.548907997098254,3.2578411420904074],[-76.548836588574289,3.2579021475306078],[-76.548786604669999,3.2579846857324433],[-76.548758042908005,3.2580779882742563],[-76.548761613574428,3.2581734437147838],[-76.548715199743853,3.2582559810786518],[-76.548677720375736,3.2583242813040338],[-76.548652123932243,3.2584126822793107],[-76.548626895909521,3.2584519825833529],[-76.548607637981732,3.258462861122839],[-76.548586922295328,3.2584810329897262],[-76.548565567443177,3.2585050689147579],[-76.548545855753702,3.2585251385347869],[-76.54852296658288,3.2585428390167133],[-76.54849133806303,3.2585663766760757],[-76.548467568599563,3.2585796031121324],[-76.548442548355865,3.2585879791183268],[-76.548418485011894,3.258591960723062],[-76.548397560143272,3.2585920274530138],[-76.548381374853378,3.2586457950143437],[-76.548381350059117,3.2586932654074201],[-76.548382838996261,3.2587606420851176],[-76.548407168772144,3.2588494699961918],[-76.548462084456048,3.2589179202359286],[-76.550176375679044,3.2594869228111247],[-76.550402520686006,3.2595619839401304],[-76.550471798558405,3.2595929284947349],[-76.55055099447857,3.2596283030074877],[-76.550594711686131,3.2595667059521358],[-76.551257257370054,3.2585893678747713],[-76.551519433480067,3.2581896140225308],[-76.55168156212585,3.2579424085961106],[-76.551720933323978,3.2578846705581204],[-76.551577722994367,3.2578201657675172],[-76.551110957616913,3.2576099239213625],[-76.549954377335837,3.2570829774176109],[-76.549482412146446,3.2569162978279098],[-76.549465313402663,3.2569102589453065],[-76.549463094840618,3.2569099729226734],[-76.549232611811405,3.2568802447597283],[-76.549228427377216,3.2569248092580891]]]},"properties":{"Codigo":"39","Nombre":"Villa Olimpica"}},{"type":"Feature","geometry":{"type":"Polygon","coordinates":[[[-76.548391617056936,3.2556233468833082],[-76.548332025583974,3.2557619620866731],[-76.548260495873762,3.2559812808097348],[-76.548107279984507,3.2561758653843604],[-76.547717982546644,3.2566672879845382],[-76.54770830416949,3.2566795054135635],[-76.547678682932244,3.2567168971090061],[-76.547656234496728,3.2567452342028154],[-76.547710948054927,3.2567508344945009],[-76.547712065447584,3.2567509490264648],[-76.548183651110264,3.2567992199423634],[-76.548545804085222,3.2568263618268194],[-76.548717557598835,3.2568392346607395],[-76.549020506837081,3.2568619403219792],[-76.549188041751336,3.256874496158324],[-76.549232611811405,3.2568802447597283],[-76.549242245469856,3.256836413806004],[-76.549254335790053,3.2567814069760868],[-76.549258004552044,3.2567647145934404],[-76.549303910054192,3.256555857720024],[-76.549340164878927,3.2563043145276764],[-76.549344047709809,3.2562773756136556],[-76.549396177958869,3.2560139356364344],[-76.549537237191345,3.2558423878432912],[-76.549422983771109,3.2557401145072928],[-76.54935359769776,3.2556842635901377],[-76.549178225044074,3.2555431011295171],[-76.549146861384557,3.255517856411378],[-76.549093078028207,3.2554745644970557],[-76.549089178979187,3.2554704695749268],[-76.548950764729639,3.2553575696909376],[-76.548925439693832,3.2553363586198589],[-76.548782360409433,3.2555496586762782],[-76.548431483794616,3.2552815726294577],[-76.548249468845484,3.2555108346979607],[-76.548391617056936,3.2556233468833082]]]},"properties":{"Codigo":"40","Nombre":"Villa Monica"}},{"type":"Feature","geometry":{"type":"Polygon","coordinates":[[[-76.548782360409433,3.2555496586762782],[-76.548925439693832,3.2553363586198589],[-76.549009739594027,3.2552106860768402],[-76.549160902957667,3.254960719885525],[-76.549254639926062,3.2548057131111228],[-76.549281882722809,3.2547655692118482],[-76.548591387293996,3.2543101565754773],[-76.548398284229677,3.2541827969953712],[-76.548043829756082,3.2547804620357748],[-76.548032034377542,3.2547995519518604],[-76.54780762402747,3.2551627575247668],[-76.547838146927958,3.255185269034826],[-76.548060507833924,3.2553612702756576],[-76.548249468845484,3.2555108346979607],[-76.548431483794616,3.2552815726294577],[-76.548782360409433,3.2555496586762782]]]},"properties":{"Codigo":"41","Nombre":"Portal del Saman II"}},{"type":"Feature","geometry":{"type":"Polygon","coordinates":[[[-76.547542546889929,3.2555917801232019],[-76.547130046325151,3.2562093086379975],[-76.546907421349829,3.2565705751126988],[-76.546898999026908,3.2565844109918451],[-76.546935266074016,3.256606308836302],[-76.546938038802907,3.2566084254633183],[-76.547013313499207,3.2566658802617723],[-76.547033809033024,3.2566815237554692],[-76.547059893220023,3.2566841934780983],[-76.547656234496728,3.2567452342028154],[-76.547678682932244,3.2567168971090061],[-76.54770830416949,3.2566795054135635],[-76.547717982546644,3.2566672879845382],[-76.548107279984507,3.2561758653843604],[-76.548260495873762,3.2559812808097348],[-76.548332025583974,3.2557619620866731],[-76.548391617056936,3.2556233468833082],[-76.548249468845484,3.2555108346979607],[-76.548060507833924,3.2553612702756576],[-76.547838146927958,3.255185269034826],[-76.54780762402747,3.2551627575247668],[-76.547542546889929,3.2555917801232019]]]},"properties":{"Codigo":"42","Nombre":"Portal del Saman I"}},{"type":"Feature","geometry":{"type":"Polygon","coordinates":[[[-76.547866960422397,3.2629971947476366],[-76.54789802831904,3.2630429037192608],[-76.547914870900371,3.2630606387422958],[-76.547945607488444,3.2630930045704365],[-76.547968719504837,3.2631173415954904],[-76.548041909662516,3.2631944104980839],[-76.548044627136761,3.2631972722402693],[-76.548399676599843,3.262687127296978],[-76.549347888743426,3.2613247032091333],[-76.549393014966199,3.2612598641490216],[-76.549714235748425,3.2608072739447049],[-76.55055099447857,3.2596283030074877],[-76.550471798558405,3.2595929284947349],[-76.550402520686006,3.2595619839401304],[-76.550176375679044,3.2594869228111247],[-76.548462084456048,3.2589179202359286],[-76.548407168772144,3.2588494699961918],[-76.548382838996261,3.2587606420851176],[-76.548381350059117,3.2586932654074201],[-76.548381374853378,3.2586457950143437],[-76.548397560143272,3.2585920274530138],[-76.548376789946175,3.2585888035107482],[-76.548360953829857,3.2585821241223702],[-76.548342549338912,3.2585679204939],[-76.548320416165282,3.2585472780791385],[-76.548297530010274,3.2585195835231806],[-76.548281018615953,3.2584966154979491],[-76.548257954003191,3.2584574678681557],[-76.548239571129329,3.2584208366671525],[-76.548239537874579,3.2584207697312877],[-76.548222549635128,3.2583926261361427],[-76.548205818630009,3.2583612045835202],[-76.548202367983336,3.2583547252504323],[-76.548188869999763,3.2583226904789244],[-76.548168577876382,3.2582792561135205],[-76.548150218567343,3.2582491946748888],[-76.548147912913819,3.258245113249441],[-76.548139060640594,3.2582294469788557],[-76.548131803350927,3.2582124856860082],[-76.548126895561609,3.2582000643226543],[-76.548117642162808,3.2581789458063262],[-76.548100352664747,3.258141921810159],[-76.548083881952309,3.2581031032075352],[-76.548074891914936,3.2580842012731304],[-76.548063392037662,3.2580714544986438],[-76.548041059984811,3.2580474769112242],[-76.548017403064733,3.2580278582617006],[-76.547997594730987,3.258012491860629],[-76.547981164574921,3.2580028198207538],[-76.547964646887181,3.257995365081753],[-76.547955906900356,3.2579938222505942],[-76.547927876025597,3.2579887641616341],[-76.547894279750878,3.2579848995242222],[-76.547861618328326,3.2579843984766486],[-76.547845195200097,3.2579853827273708],[-76.547827739159445,3.2579864288291347],[-76.547790144562384,3.2579893750842683],[-76.547752040979432,3.2579952727091763],[-76.547708986245638,3.2580045814554244],[-76.547639687941171,3.2580251656357309],[-76.547607554761612,3.2580365039734582],[-76.547548010793861,3.2580527671218729],[-76.547510518117164,3.2580535087329134],[-76.547463717680188,3.258049364004699],[-76.547433418806108,3.2580456530169726],[-76.547409737394233,3.2580419202053359],[-76.547389368875784,3.2580379594515603],[-76.547372742265509,3.2580323421863726],[-76.547350753906741,3.2580238771546282],[-76.54732184095478,3.2580143395779411],[-76.547277637700091,3.2580022039983993],[-76.547257670573373,3.2579963055364334],[-76.547244696799567,3.2579924716741977],[-76.547217531002175,3.2579848566589358],[-76.547162289868567,3.2579729159939839],[-76.547115792329606,3.2579624991760689],[-76.547069941605898,3.2579539645493818],[-76.547019029045018,3.2579437244441345],[-76.546989464327424,3.2579400572385318],[-76.546969615314069,3.257940562191767],[-76.546948971297951,3.2579421157136745],[-76.546923598381426,3.2579504770272192],[-76.546890090067933,3.2579676536875031],[-76.546871563601101,3.2579785497608844],[-76.546856096290469,3.2579944003108241],[-76.546844221601077,3.2580119022068259],[-76.546841864270178,3.2580171730365048],[-76.546835174209406,3.2580321257369591],[-76.546827296193172,3.2580580026733412],[-76.546825985744832,3.2580623055500988],[-76.546825970273858,3.2580626410377138],[-76.546825021643016,3.2580821571674181],[-76.546824735126705,3.25808808380684],[-76.546824193747852,3.2581030605592489],[-76.546823669716076,3.2581175553282327],[-76.546818595906714,3.2581387051563491],[-76.546810748051911,3.2581482205841334],[-76.546805721715657,3.258154314724214],[-76.546783286045908,3.2581701905228],[-76.546760918630511,3.258184585111306],[-76.546735529955811,3.2582006863255528],[-76.546712778165897,3.2582154478556742],[-76.54668635694685,3.2582377746365587],[-76.546662448009698,3.2582613208401403],[-76.546643920802197,3.2582873531029999],[-76.546628254762481,3.2583149983447921],[-76.546620334628628,3.2583267998059804],[-76.546618367299033,3.2583312614915569],[-76.5466133273721,3.2583426837664433],[-76.546604956158305,3.2583636790200514],[-76.546598679176597,3.2583870003408388],[-76.54658676134683,3.2584129800340569],[-76.546570343230911,3.2584335767518282],[-76.546551563025318,3.2584496335304141],[-76.546535194801592,3.2584539998741278],[-76.546495655055324,3.2584516774923862],[-76.546458776872797,3.2584472820513297],[-76.54643019884729,3.2584458896673865],[-76.546400044108239,3.2584469796589444],[-76.546380954817764,3.2584467859763051],[-76.546356944235626,3.2584496715455966],[-76.5463255467875,3.2584579952868378],[-76.546319369340253,3.2584596333216993],[-76.546276826686594,3.258473780283949],[-76.546258349367392,3.2584835749304095],[-76.546239093226973,3.2584944407608587],[-76.546213495289777,3.2585149503168847],[-76.546185930582283,3.2585457108932578],[-76.546161628693923,3.2585773666469886],[-76.546146409858309,3.2586031818094323],[-76.546130901617659,3.2586352744773395],[-76.546113419145797,3.2586849782694052],[-76.546089082702267,3.2587722033123336],[-76.54608828224525,3.2587750704273133],[-76.546022315923963,3.2589732655269863],[-76.546052071089377,3.2592244645245545],[-76.546093726578235,3.2595534162226945],[-76.546153235607804,3.2598165759070983],[-76.546174658602027,3.2599457639780853],[-76.546149666921764,3.2601036607127787],[-76.54611396432179,3.2601718441830729],[-76.546060408963356,3.2603283051111793],[-76.54599614258035,3.2605220880971952],[-76.545923165317191,3.2606433821939325],[-76.545852709574149,3.2606797456553687],[-76.545768924739193,3.2607103687697259],[-76.545485197993898,3.260853912540048],[-76.545346191318288,3.2609400403301136],[-76.545248696096436,3.2610192758604892],[-76.545134444211982,3.2611245409207799],[-76.545029712666704,3.2612068390640814],[-76.544989724740788,3.2613140181782474],[-76.544990202046137,3.2613918290129567],[-76.54500733966465,3.2614779547068338],[-76.545013130641621,3.2614909652503483],[-76.545039712163558,3.2615506831389891],[-76.545096838905678,3.2615889600045316],[-76.545106534192882,3.2615926474702488],[-76.545167294807328,3.2616157548050202],[-76.545233941906304,3.2616636015146709],[-76.5453063032393,3.2617746067378306],[-76.545357716774902,3.2618932693043439],[-76.545424364682745,3.2619755662595562],[-76.545519576429271,3.2620368099744059],[-76.545599553601932,3.2621126003191252],[-76.545689051794497,3.2622446577115332],[-76.545772839295623,3.2623633202727893],[-76.545809968221235,3.2624232951458256],[-76.545826156728623,3.2624494452755513],[-76.545844983718325,3.262498640206819],[-76.545887903765276,3.26247549840972],[-76.545908118780503,3.2624703745166639],[-76.546199529925062,3.2623965193158866],[-76.547273649231698,3.2621242933156878],[-76.547866960422397,3.2629971947476366]]]},"properties":{"Codigo":"43","Nombre":"Los Naranjos (Sector en desarrollo)"}},{"type":"Feature","geometry":{"type":"Polygon","coordinates":[[[-76.542952690982332,3.2572648872605252],[-76.543155641193849,3.2572778382572656],[-76.543162983172905,3.2572807513035014],[-76.543226197777727,3.2573058304865659],[-76.543291315795386,3.2573316657709208],[-76.543287836890968,3.2572969342446578],[-76.543284874409821,3.2572673538909855],[-76.543282644045121,3.257245086103763],[-76.543278760595342,3.2572063175631474],[-76.543274923687463,3.2571680111450547],[-76.543253916013796,3.2569582772208525],[-76.543214827919911,3.2568810309238976],[-76.542940015132032,3.2563379387301024],[-76.54276144650035,3.2559533222400301],[-76.542564198563682,3.2555284706763734],[-76.542294634085906,3.2556782012617167],[-76.542194484945142,3.2557338292666769],[-76.542095812666332,3.2557886360382335],[-76.542022968978131,3.2558290971882076],[-76.54195274603407,3.2558681029019207],[-76.54178946216885,3.2559587985029279],[-76.541771198818168,3.25596894224189],[-76.541754826330333,3.2559780370967708],[-76.541741381335498,3.2559840887338796],[-76.54175936284615,3.2560663218681025],[-76.541826205159282,3.256370349060481],[-76.541862485805765,3.2565314008595081],[-76.541865833803982,3.2565430491346152],[-76.541871061905567,3.2565637974864003],[-76.541874210832262,3.2565826990507225],[-76.541882138946519,3.2566256684148662],[-76.541888776271776,3.2566544332397815],[-76.542014348513689,3.2572296345750469],[-76.542028056097294,3.2572851632387319],[-76.542035312103138,3.2573145568828865],[-76.542179604024227,3.2573004761566224],[-76.542199017381492,3.2572985820582088],[-76.542705772949063,3.2572491311575424],[-76.542952690982332,3.2572648872605252]]]},"properties":{"Codigo":"44","Nombre":"San Cayetano"}},{"type":"Feature","geometry":{"type":"Polygon","coordinates":[[[-76.540774277234604,3.2554914977939697],[-76.540466482172761,3.2555724914195832],[-76.540389490098676,3.255590412343496],[-76.540435235838686,3.2558188386980986],[-76.540459652874986,3.2563105054460197],[-76.540622110078033,3.257240660869591],[-76.540633527774233,3.2572418796465441],[-76.54077972215488,3.2572574801869405],[-76.540802402806023,3.2572599004727691],[-76.541099985632812,3.2572877827668716],[-76.54116348290475,3.2572937317450692],[-76.541223708059476,3.257299374220973],[-76.5415129093075,3.257338847762199],[-76.541970275195681,3.25732090381713],[-76.542035312103138,3.2573145568828865],[-76.542028056097294,3.2572851632387319],[-76.542014348513689,3.2572296345750469],[-76.541888776271776,3.2566544332397815],[-76.541882138946519,3.2566256684148662],[-76.541874210832262,3.2565826990507225],[-76.541871061905567,3.2565637974864003],[-76.541865833803982,3.2565430491346152],[-76.541862485805765,3.2565314008595081],[-76.541826205159282,3.256370349060481],[-76.54175936284615,3.2560663218681025],[-76.541741381335498,3.2559840887338796],[-76.541739473144034,3.2559753639270053],[-76.541452341674926,3.2553111682099636],[-76.540774277234604,3.2554914977939697]]]},"properties":{"Codigo":"45","Nombre":"La Hacienda (Sector por desarrollar)"}},{"type":"Feature","geometry":{"type":"Polygon","coordinates":[[[-76.540276576833577,3.2556235089959391],[-76.540459652874986,3.2563105054460197],[-76.540435235838686,3.2558188386980986],[-76.540389490098676,3.255590412343496],[-76.540466482172761,3.2555724914195832],[-76.540774277234604,3.2554914977939697],[-76.541452341674926,3.2553111682099636],[-76.541739473144034,3.2559753639270053],[-76.541741381335498,3.2559840887338796],[-76.541754826330333,3.2559780370967708],[-76.541771198818168,3.25596894224189],[-76.54178946216885,3.2559587985029279],[-76.54195274603407,3.2558681029019207],[-76.542022968978131,3.2558290971882076],[-76.542095812666332,3.2557886360382335],[-76.542194484945142,3.2557338292666769],[-76.542294634085906,3.2556782012617167],[-76.542564198563682,3.2555284706763734],[-76.542344547521424,3.2549898931457806],[-76.542330169273527,3.2549623404806649],[-76.542320205974988,3.2549432499023738],[-76.542275196413456,3.2548585300054254],[-76.542213838417055,3.2547390925209547],[-76.542211882058893,3.2545965926735101],[-76.542197775461531,3.254552127920403],[-76.542148208808982,3.254395895299639],[-76.542117910847082,3.2543003967454345],[-76.541942434974928,3.2537473006855904],[-76.541857422214903,3.2534820583179895],[-76.541798572430011,3.253298443944372],[-76.541650513468582,3.2533543809700487],[-76.541588923693809,3.253377650130338],[-76.541266374871654,3.2534995115413938],[-76.540740097560459,3.2536983420322771],[-76.540766249033112,3.2537640787625435],[-76.540419475426575,3.2538718306807461],[-76.540485317555479,3.2541234459027111],[-76.539920289542366,3.2542584477216829],[-76.539925354931796,3.2542788523547226],[-76.540104788547168,3.2549251506260779],[-76.540276576833577,3.2556235089959391]]]},"properties":{"Codigo":"46","Nombre":"Cantabria"}},{"type":"Feature","geometry":{"type":"Polygon","coordinates":[[[-76.544504664796023,3.2528860952492589],[-76.544605781966382,3.2529257889328549],[-76.544681043026088,3.2529553325823941],[-76.544801342284913,3.2530170850930551],[-76.544849765475576,3.2530419419755154],[-76.544875347420643,3.2530550742367477],[-76.54495428924497,3.2531137554993204],[-76.545279269841984,3.2533208381831189],[-76.545325194035698,3.2533501021910713],[-76.54541383616926,3.253409719090715],[-76.545544812165545,3.2534978095317806],[-76.54565288109734,3.2535435439232456],[-76.545834967237852,3.253597544821929],[-76.545857089644599,3.2536041054822653],[-76.546056891192322,3.2536633597649414],[-76.546105685176627,3.2536778308922392],[-76.546309743409438,3.2532196226365304],[-76.546221986653222,3.253164957327964],[-76.546017029650869,3.2530372863526247],[-76.545969537406222,3.2530077023271082],[-76.545945279063517,3.2529925912764179],[-76.545896803753635,3.2529623954202784],[-76.545648107007409,3.2528074781504297],[-76.54531620830862,3.2526385950433472],[-76.545218593168897,3.2525930913427441],[-76.545185318103634,3.2525775803202608],[-76.545192440106277,3.252562428005588],[-76.545223243867582,3.2524968933398304],[-76.545184285447235,3.252475952595292],[-76.544941508110782,3.2522885793363718],[-76.544554136175364,3.2520061723083531],[-76.544423975151943,3.2518641071937875],[-76.544403289275181,3.2518445370916034],[-76.54397431675379,3.2524640685258315],[-76.543855807002004,3.2526438882391835],[-76.54379020404528,3.2527434304945944],[-76.543780442648014,3.2527595453782663],[-76.543778194817634,3.2527636126342272],[-76.543773150708631,3.2527727379686469],[-76.543883700751323,3.2528341073992406],[-76.54398880585353,3.2528678511491242],[-76.544016319071787,3.2528714730171804],[-76.544093921427248,3.2528816885159504],[-76.544251036767719,3.2528737254572095],[-76.544504664796023,3.2528860952492589]]]},"properties":{"Codigo":"47","Nombre":"Sector Los Estribos"}},{"type":"Feature","geometry":{"type":"Polygon","coordinates":[[[-76.543494186764221,3.2502663177677671],[-76.543669713654054,3.2503794648879225],[-76.544168854324028,3.2507083672877588],[-76.544177823949553,3.2507145095380183],[-76.544184612279238,3.2507316704440163],[-76.544240390705127,3.2508726724369916],[-76.54390269431569,3.2513970502311724],[-76.544041148522652,3.2515019331268671],[-76.544130239913244,3.2515862169615382],[-76.544382604298448,3.2518249678938806],[-76.544403289275181,3.2518445370916034],[-76.544423975151943,3.2518641071937875],[-76.544554136175364,3.2520061723083531],[-76.544941508110782,3.2522885793363718],[-76.545184285447235,3.252475952595292],[-76.545223243867582,3.2524968933398304],[-76.545192440106277,3.252562428005588],[-76.545185318103634,3.2525775803202608],[-76.545218593168897,3.2525930913427441],[-76.54531620830862,3.2526385950433472],[-76.545648107007409,3.2528074781504297],[-76.545896803753635,3.2529623954202784],[-76.545945279063517,3.2529925912764179],[-76.545969537406222,3.2530077023271082],[-76.546017029650869,3.2530372863526247],[-76.546221986653222,3.253164957327964],[-76.546309743409438,3.2532196226365304],[-76.546749884963646,3.2518224862216569],[-76.546751005168957,3.2518189311000176],[-76.546765597582109,3.2517726105395455],[-76.547082858695973,3.2507655308597623],[-76.54739044654076,3.2498940142275123],[-76.547459809981461,3.2496974818544633],[-76.547541893450685,3.2494649080002085],[-76.547801661952079,3.2487288809246704],[-76.547729151758958,3.2486953501171971],[-76.547705532712698,3.248686296469415],[-76.547470066400024,3.2485960406799252],[-76.54717611430641,3.248483366216135],[-76.546469871332349,3.2482111995038179],[-76.546113382414077,3.2480707676810829],[-76.546016209677234,3.2480333180622081],[-76.545264517762092,3.2477436455466973],[-76.545212139154913,3.2478709344170711],[-76.544913589901142,3.2485964582758782],[-76.544781777821328,3.2489167842052633],[-76.544777278923547,3.2489277166326391],[-76.544767737908217,3.2489509023835739],[-76.54475224490497,3.2489885528966376],[-76.544656270206872,3.2490701830602253],[-76.544190702099371,3.249479729389416],[-76.544049950717621,3.249603549410538],[-76.54397299453332,3.2496774071630909],[-76.543880913592972,3.2497626103813562],[-76.543727785282428,3.2499043009026343],[-76.543585011702447,3.2500340709700377],[-76.543584212776992,3.2500323207233204],[-76.543509547841879,3.2498687780248829],[-76.543502815355581,3.2498720679137114],[-76.543501940609445,3.2498724951835305],[-76.543494771649975,3.2498759982555416],[-76.543456488901171,3.2498947059971308],[-76.543415900493244,3.2499145392713871],[-76.543339189198221,3.2499520261082071],[-76.543292716046622,3.2499747355446931],[-76.543276017570193,3.2499828943190074],[-76.543250400638996,3.24999541251072],[-76.543215506175002,3.2500124644582988],[-76.543174815164463,3.2500323492118475],[-76.543169137411965,3.2500351233027489],[-76.543204526404296,3.2500716939536356],[-76.54327340703135,3.2501428755288266],[-76.543278295217846,3.250147927742741],[-76.543292310834673,3.2501361883201576],[-76.543494186764221,3.2502663177677671]]]},"properties":{"Codigo":"48","Nombre":"Samán del Lago (Sector por desarrollar)"}},{"type":"Feature","geometry":{"type":"Polygon","coordinates":[[[-76.538648128712424,3.2528912705605215],[-76.538733718995942,3.2532109015986945],[-76.538759107231868,3.2532040172134842],[-76.538832408025613,3.253170025897715],[-76.538994379651996,3.2529863589266776],[-76.539136308847262,3.2528897725324146],[-76.539210950203739,3.2528794926556364],[-76.539255457091272,3.2528833407890945],[-76.539308859216931,3.2528011359452096],[-76.539371050629654,3.2527054011417116],[-76.539797465719559,3.2521290050153535],[-76.539988029795737,3.2518946291022788],[-76.541043596545052,3.2516177248077081],[-76.541238279499538,3.2515666534341774],[-76.541161232011291,3.2513409314359922],[-76.541099268742713,3.2511330294961214],[-76.541077752425693,3.2510608376417407],[-76.542121648663596,3.2507314193727619],[-76.542152137848291,3.2507217975726546],[-76.542241254954973,3.250693675154253],[-76.542094358557705,3.2503439788702542],[-76.542067255406238,3.2502794588525274],[-76.541995005510913,3.2501074639622427],[-76.541985855213028,3.2500856808130445],[-76.541705086619615,3.2494092652956863],[-76.541664800983042,3.2493122105530543],[-76.5415591585774,3.2490596563148015],[-76.541555246163398,3.2490503019518129],[-76.541554041745314,3.2490480333237639],[-76.541413876142784,3.248729697221338],[-76.541396399481229,3.2486900044785259],[-76.541317197647729,3.2485505100512473],[-76.541288597189947,3.2485001379170604],[-76.541280842752897,3.2485083213220372],[-76.540682426946034,3.2491883906930599],[-76.540469018309793,3.2494087823141933],[-76.540393933610432,3.2494446700759418],[-76.540373012702929,3.2494546695090323],[-76.540299875170192,3.2494714739440638],[-76.540124121730656,3.2494492979280638],[-76.540092690567931,3.2494453320515388],[-76.539719299467222,3.2493544392468388],[-76.539455942588788,3.2492903317874728],[-76.539378359138126,3.2492706099873567],[-76.538321077100122,3.2490018418139854],[-76.537657979462949,3.2488359702528085],[-76.537622774822651,3.2488271642726776],[-76.537595796410685,3.2488315971397785],[-76.537577513053165,3.2488338842478894],[-76.537559178442649,3.2488547384186499],[-76.537569967968679,3.248922120901371],[-76.537570268019195,3.2489229738174745],[-76.537591710850677,3.2489839288278342],[-76.537621689851974,3.2490691516975017],[-76.5376720140858,3.2492575905511281],[-76.53782536996367,3.2498318302158924],[-76.537832234451002,3.249862915601109],[-76.537831961789138,3.2498630076933841],[-76.537833523336332,3.2498687544547429],[-76.538207210564366,3.2512434822212737],[-76.538214325140771,3.2512712661407397],[-76.538648128712424,3.2528912705605215]]]},"properties":{"Codigo":"49","Nombre":"Parques de Castilla"}},{"type":"Feature","geometry":{"type":"Polygon","coordinates":[[[-76.541985855213028,3.2500856808130445],[-76.541995005510913,3.2501074639622427],[-76.542067255406238,3.2502794588525274],[-76.542094358557705,3.2503439788702542],[-76.542111573260698,3.2503277070064036],[-76.54257048552158,3.2498908113462051],[-76.542740306966479,3.2497291367168031],[-76.542740156923387,3.2497287396489121],[-76.542771885548774,3.2496992338105404],[-76.542793955520665,3.2496787115859371],[-76.542814849891087,3.2496592820353696],[-76.542826875201101,3.2496717361314258],[-76.542941601689122,3.2497905571581955],[-76.543007754853036,3.2498590687037305],[-76.543014499927779,3.2498660543966369],[-76.543047769397091,3.2499005096690396],[-76.543149000075587,3.2500127881233976],[-76.543169137411965,3.2500351233027489],[-76.543174815164463,3.2500323492118475],[-76.543215506175002,3.2500124644582988],[-76.543250400638996,3.24999541251072],[-76.543276017570193,3.2499828943190074],[-76.543292716046622,3.2499747355446931],[-76.543339189198221,3.2499520261082071],[-76.543415900493244,3.2499145392713871],[-76.543456488901171,3.2498947059971308],[-76.543494771649975,3.2498759982555416],[-76.543501940609445,3.2498724951835305],[-76.543502815355581,3.2498720679137114],[-76.543509547841879,3.2498687780248829],[-76.543542189735064,3.2498528281164423],[-76.54353096970641,3.2498282984191529],[-76.54351426053573,3.2497917702539585],[-76.543332122290224,3.2493935839427253],[-76.543261401570604,3.2492389760182685],[-76.543228638402695,3.2491673488279629],[-76.543209563027588,3.2491256468022613],[-76.543123710376733,3.2489379569315204],[-76.543077589257038,3.2488371272856096],[-76.543041382372408,3.248757972670667],[-76.542811650437116,3.2482557356782444],[-76.542732383074977,3.2480984980114087],[-76.542554721620903,3.2477460843122681],[-76.542548840048553,3.24773441841648],[-76.542529873238706,3.2476967948405679],[-76.542498425168176,3.2476344139126239],[-76.542491098370263,3.2476198806144136],[-76.542489640560959,3.2476169878850083],[-76.542481541834945,3.2476024089612672],[-76.542272630244128,3.2476715483128644],[-76.542124937482484,3.2477188858487294],[-76.542123953032259,3.2477192009258973],[-76.542009657051878,3.2477794352647322],[-76.541881059374845,3.2478769860860037],[-76.54167241376328,3.2480950827646344],[-76.541288597189947,3.2485001379170604],[-76.541317197647729,3.2485505100512473],[-76.541396399481229,3.2486900044785259],[-76.541413876142784,3.248729697221338],[-76.541554041745314,3.2490480333237639],[-76.541555246163398,3.2490503019518129],[-76.5415591585774,3.2490596563148015],[-76.541664800983042,3.2493122105530543],[-76.541705086619615,3.2494092652956863],[-76.541985855213028,3.2500856808130445]]]},"properties":{"Codigo":"50","Nombre":"Villa Tatiana"}},{"type":"Feature","geometry":{"type":"Polygon","coordinates":[[[-76.531932180495872,3.2508096718228741],[-76.532161139194272,3.2509054971518965],[-76.532281926286387,3.2509662800437447],[-76.532321065815793,3.2509859761132107],[-76.532452416441529,3.2510836664603571],[-76.532603732394264,3.2512387915320802],[-76.532840649921752,3.2515748445633523],[-76.532991904404952,3.2518448155889041],[-76.532980501535221,3.2519251383262024],[-76.532924119093835,3.2519873380392337],[-76.532948385808808,3.2520282734508128],[-76.53297562124088,3.252078229953105],[-76.532976469736695,3.2520797849035907],[-76.532983506671769,3.252092694877986],[-76.532984708418908,3.2520948766993776],[-76.532985840954083,3.2520969354985465],[-76.532992556183814,3.2521091146246732],[-76.532993854107218,3.25211147012365],[-76.532997231948244,3.252117592252461],[-76.533017151140655,3.2521537008700228],[-76.533017855830337,3.2521549799312428],[-76.533050365970496,3.2522139226011553],[-76.533051440082716,3.2522158728526889],[-76.533060924639614,3.2522330732452192],[-76.53310925431677,3.2523207965803453],[-76.533110710428815,3.2523234532966727],[-76.533119828209792,3.2523400837815837],[-76.533120853781824,3.2523419517155387],[-76.533124173183069,3.2523479987556292],[-76.533139324861637,3.2523756007572771],[-76.533141121632681,3.2523788780075629],[-76.533154792020923,3.2524037988630692],[-76.533158414016526,3.2524109827714227],[-76.533159887981924,3.2524139026485206],[-76.533164365602289,3.2524227708259428],[-76.533170956208309,3.2524358207243473],[-76.533173324440611,3.2524405098956164],[-76.53317368663933,3.2524412299141723],[-76.533185084171024,3.2524597751314968],[-76.533198794648968,3.2524820852960126],[-76.533205887207757,3.2524936225733097],[-76.533220127156468,3.2525167939175907],[-76.53322204886021,3.2525203099705227],[-76.533226573584727,3.2525285849529086],[-76.533253369592913,3.2525775862734925],[-76.533262102649999,3.2525935645494988],[-76.533269112645669,3.2526063895042499],[-76.533275098871755,3.252617340195965],[-76.533279431245859,3.2526252651101633],[-76.53328670729789,3.2526385740091843],[-76.533291562794744,3.2526474523383366],[-76.533292431068659,3.2526490380455915],[-76.533305435392009,3.2526728082704617],[-76.533305579206157,3.2526730696909127],[-76.533313154429678,3.252687188099884],[-76.533315257657591,3.2526911120901243],[-76.533316109734287,3.2526927023100827],[-76.533316536671364,3.2526934992291392],[-76.533317391446232,3.2526950912591781],[-76.533334741299399,3.2527274239362409],[-76.533337890753884,3.2527332900240471],[-76.533340145887749,3.2527374862906702],[-76.533340685198013,3.2527384532789063],[-76.533362189299041,3.2527770052645728],[-76.53336422160065,3.2527806479792303],[-76.533365321794022,3.2527826199479293],[-76.533369327073856,3.2527897977334383],[-76.533380967616864,3.2528115470142427],[-76.533381429607033,3.2528124108704377],[-76.533381721721838,3.2528129563212245],[-76.533385691784048,3.2528203746312907],[-76.533386756877974,3.2528223664755549],[-76.533396208809023,3.2528400262330539],[-76.53340209873808,3.2528510329388451],[-76.533407627344204,3.2528613639372379],[-76.533408222360265,3.2528624738349263],[-76.533411987958814,3.2528703188635513],[-76.533420145562275,3.2528873051211415],[-76.533421173689973,3.252889442537592],[-76.533426001348801,3.2528965475201401],[-76.533426502993365,3.2528972866044956],[-76.533430909019742,3.2529037692006555],[-76.533436353949639,3.2529124281039494],[-76.533453756693106,3.2529400982407357],[-76.533464337319018,3.2529569176107169],[-76.533470003391116,3.2529659275018852],[-76.533479071087484,3.2529803406158893],[-76.533486733610815,3.2529927372853669],[-76.533493854975418,3.2530042582998719],[-76.533496822361954,3.2530090563111989],[-76.533497459708883,3.2530100839405267],[-76.533503555634709,3.253019486530345],[-76.533591974290815,3.2531720897300849],[-76.533605524059624,3.2531954759212156],[-76.533924242070185,3.2536971440213867],[-76.533942052842306,3.2536870598698244],[-76.533964109396706,3.2536735697108012],[-76.533984507231395,3.253661094181882],[-76.534035041912034,3.2536301845371236],[-76.534076001067319,3.2536057164597327],[-76.534099912356666,3.2535914333256422],[-76.534064153565382,3.2535335758839228],[-76.534161980532232,3.2534713831590962],[-76.534202019798059,3.2534459279864629],[-76.53420812340697,3.2534275559209092],[-76.534206613307688,3.2534030549160842],[-76.534102226370862,3.2532034475705642],[-76.533917440521691,3.2528501046830338],[-76.533560040773779,3.2522436399217303],[-76.533476020904033,3.2521010686978702],[-76.532979824433795,3.2512249054674021],[-76.532875214456226,3.2510393272442362],[-76.532652579162075,3.2506443713949293],[-76.53264796549341,3.250635879331806],[-76.532597799375466,3.2505435484954024],[-76.532577734907591,3.250506620502243],[-76.532557120361119,3.2504686784911212],[-76.532527898670253,3.2504148957236496],[-76.532500993905572,3.250422842590317],[-76.5324113877586,3.2504600818893055],[-76.532409479393237,3.2505088352493816],[-76.532406985367516,3.2505725761491093],[-76.53234245388748,3.2506757479347028],[-76.532338703365212,3.2506817450225052],[-76.532329791260096,3.250695994659635],[-76.532212636391733,3.2507590964237516],[-76.532069797802066,3.2507762458321738],[-76.531966442113884,3.2507567093316516],[-76.531932180495872,3.2508096718228741]]]},"properties":{"Codigo":"51","Nombre":"La Ceibita"}},{"type":"Feature","geometry":{"type":"Polygon","coordinates":[[[-76.531551767896261,3.2538351092779534],[-76.531633884115465,3.254176023154387],[-76.531674897829404,3.2546505474965968],[-76.531725640774766,3.2552376460962966],[-76.531737415820231,3.2553738851660068],[-76.531881442454889,3.2571893765816831],[-76.531882445134073,3.2572020165161377],[-76.531887781142714,3.2572692757627006],[-76.533097268935265,3.2569998213241704],[-76.534062105696762,3.2567709028096838],[-76.534272437984669,3.2567209989945747],[-76.534384293048021,3.2566969436854998],[-76.534413822503296,3.2566905933998154],[-76.534822875218481,3.2566026228949272],[-76.535162608447251,3.2565528729539377],[-76.535204244369794,3.2565467760604072],[-76.535304728272294,3.2565320613377469],[-76.535399465974791,3.2565100530362092],[-76.535416304493552,3.2565061410893037],[-76.53546090186704,3.2564957811069779],[-76.535396547429073,3.2563617336510116],[-76.535224717279689,3.2560038166697174],[-76.535151768970294,3.2558357981644455],[-76.53490359803817,3.2552641973073588],[-76.534881736331045,3.2552178310914859],[-76.534879536320261,3.2552131655248044],[-76.534556955474244,3.2545289960811359],[-76.534532595780377,3.2544850610774532],[-76.534362122919859,3.2541775947423575],[-76.534342761318442,3.2541384109169265],[-76.534097918015604,3.253642897742083],[-76.534076001067319,3.2536057164597327],[-76.534035041912034,3.2536301845371236],[-76.533984507231395,3.253661094181882],[-76.533964109396706,3.2536735697108012],[-76.533942052842306,3.2536870598698244],[-76.533924242070185,3.2536971440213867],[-76.533605524059624,3.2531954759212156],[-76.533591974290815,3.2531720897300849],[-76.533503555634709,3.253019486530345],[-76.533497459708883,3.2530100839405267],[-76.533496822361954,3.2530090563111989],[-76.533493854975418,3.2530042582998719],[-76.533486733610815,3.2529927372853669],[-76.533479071087484,3.2529803406158893],[-76.533470003391116,3.2529659275018852],[-76.533464337319018,3.2529569176107169],[-76.533453756693106,3.2529400982407357],[-76.533436353949639,3.2529124281039494],[-76.533430909019742,3.2529037692006555],[-76.533426502993365,3.2528972866044956],[-76.533426001348801,3.2528965475201401],[-76.533421173689973,3.252889442537592],[-76.533420145562275,3.2528873051211415],[-76.533411987958814,3.2528703188635513],[-76.533408222360265,3.2528624738349263],[-76.533407627344204,3.2528613639372379],[-76.53340209873808,3.2528510329388451],[-76.533396208809023,3.2528400262330539],[-76.533386756877974,3.2528223664755549],[-76.533385691784048,3.2528203746312907],[-76.533381721721838,3.2528129563212245],[-76.533381429607033,3.2528124108704377],[-76.533380967616864,3.2528115470142427],[-76.533369327073856,3.2527897977334383],[-76.533365321794022,3.2527826199479293],[-76.53336422160065,3.2527806479792303],[-76.533362189299041,3.2527770052645728],[-76.533340685198013,3.2527384532789063],[-76.533340145887749,3.2527374862906702],[-76.533337890753884,3.2527332900240471],[-76.533334741299399,3.2527274239362409],[-76.533317391446232,3.2526950912591781],[-76.533316536671364,3.2526934992291392],[-76.533316109734287,3.2526927023100827],[-76.533315257657591,3.2526911120901243],[-76.533313154429678,3.252687188099884],[-76.533305579206157,3.2526730696909127],[-76.533305435392009,3.2526728082704617],[-76.533292431068659,3.2526490380455915],[-76.533291562794744,3.2526474523383366],[-76.53328670729789,3.2526385740091843],[-76.533279431245859,3.2526252651101633],[-76.533275098871755,3.252617340195965],[-76.533269112645669,3.2526063895042499],[-76.533262102649999,3.2525935645494988],[-76.533253369592913,3.2525775862734925],[-76.533226573584727,3.2525285849529086],[-76.53322204886021,3.2525203099705227],[-76.533220127156468,3.2525167939175907],[-76.533205887207757,3.2524936225733097],[-76.533198794648968,3.2524820852960126],[-76.533185084171024,3.2524597751314968],[-76.53317368663933,3.2524412299141723],[-76.533173324440611,3.2524405098956164],[-76.533170956208309,3.2524358207243473],[-76.533164365602289,3.2524227708259428],[-76.533159887981924,3.2524139026485206],[-76.533158414016526,3.2524109827714227],[-76.533154792020923,3.2524037988630692],[-76.533141121632681,3.2523788780075629],[-76.533139324861637,3.2523756007572771],[-76.533124173183069,3.2523479987556292],[-76.533120853781824,3.2523419517155387],[-76.533119828209792,3.2523400837815837],[-76.533110710428815,3.2523234532966727],[-76.53310925431677,3.2523207965803453],[-76.533098603119058,3.2523013782137498],[-76.533094618554514,3.2522941660755875],[-76.533092565602956,3.2522904455797437],[-76.533081361559539,3.2522701361786028],[-76.533080353060853,3.2522683080430514],[-76.533060924639614,3.2522330732452192],[-76.533051440082716,3.2522158728526889],[-76.533050365970496,3.2522139226011553],[-76.533017855830337,3.2521549799312428],[-76.533017151140655,3.2521537008700228],[-76.532997231948244,3.252117592252461],[-76.532993854107218,3.25211147012365],[-76.532992556183814,3.2521091146246732],[-76.532985840954083,3.2520969354985465],[-76.532984708418908,3.2520948766993776],[-76.532983506671769,3.252092694877986],[-76.532976469736695,3.2520797849035907],[-76.53297562124088,3.252078229953105],[-76.532948385808808,3.2520282734508128],[-76.532924119093835,3.2519873380392337],[-76.532980501535221,3.2519251383262024],[-76.532991904404952,3.2518448155889041],[-76.532840649921752,3.2515748445633523],[-76.532603732394264,3.2512387915320802],[-76.532452416441529,3.2510836664603571],[-76.532321065815793,3.2509859761132107],[-76.532281926286387,3.2509662800437447],[-76.532161139194272,3.2509054971518965],[-76.531932180495872,3.2508096718228741],[-76.531543022432047,3.2507694561484346],[-76.531512331343805,3.2507662843791354],[-76.531462724314679,3.2507521160031154],[-76.531257181483241,3.2506934102677763],[-76.531010943134277,3.2506225530078137],[-76.530923963420591,3.250597523552456],[-76.53062123131032,3.2504748562271888],[-76.530616268555434,3.2504764206777974],[-76.530545717342079,3.2504986696507796],[-76.530335368539298,3.2505682576502601],[-76.529639827209351,3.250798356598303],[-76.529595373488291,3.2508130624943088],[-76.529604516616629,3.2508192655426127],[-76.530188624365323,3.2515251259598328],[-76.530259313757099,3.2516105501744335],[-76.530275481750323,3.2516286350111021],[-76.530323384187085,3.2516822182026917],[-76.530480674409418,3.2518581619604605],[-76.530630801108771,3.2520358823684461],[-76.530641339030694,3.2520483574830941],[-76.530805574100413,3.2522830509679466],[-76.530934105295415,3.2524804226776287],[-76.531094769770803,3.252728034819512],[-76.531276856047739,3.2530617722891395],[-76.531416097176773,3.2533937149285639],[-76.531551767896261,3.2538351092779534]]]},"properties":{"Codigo":"52","Nombre":"Zona Industrial"}},{"type":"Feature","geometry":{"type":"Polygon","coordinates":[[[-76.537015557977725,3.2489888489471683],[-76.536770235657869,3.2490576247474361],[-76.536758886077877,3.2490655430264987],[-76.536697343630479,3.2491084786556605],[-76.536635354755163,3.2491517260235763],[-76.536449430500085,3.2492542224678922],[-76.536201045356506,3.2493536223897785],[-76.535961430981288,3.2494454914340816],[-76.535948919727929,3.2494502883376564],[-76.535877993526924,3.2494774822267849],[-76.535615895376054,3.249577640541073],[-76.535173249146254,3.249699903788029],[-76.534834659537424,3.2498010497117193],[-76.535055139827776,3.2502214465065586],[-76.535081461801582,3.2503040287005613],[-76.535091210022514,3.2503228705236453],[-76.535093543149671,3.2503276021743739],[-76.535105888231826,3.2503526398517026],[-76.535117742608065,3.2503766725872296],[-76.535130034671013,3.2504015926768641],[-76.535141977122038,3.2504258090326301],[-76.535154373438715,3.2504509425931354],[-76.535166169400824,3.2504748532164482],[-76.535176542657382,3.2504958810688662],[-76.535178682557557,3.2505002183405898],[-76.535289703223555,3.2507164818321375],[-76.535562111366133,3.2505289322581215],[-76.53567930745983,3.2504540054614357],[-76.535825603130363,3.2503821137843834],[-76.535968837659851,3.2503377834939151],[-76.536447293013353,3.2502048196283519],[-76.537024781733763,3.2500611891812943],[-76.537739415897121,3.2498640377529577],[-76.53782536996367,3.2498318302158924],[-76.5376720140858,3.2492575905511281],[-76.537621689851974,3.2490691516975017],[-76.537591710850677,3.2489839288278342],[-76.537570268019195,3.2489229738174745],[-76.537515492644516,3.2489416353910352],[-76.537417803777558,3.2489178604344513],[-76.53734772938239,3.2489032753283706],[-76.537296690719927,3.2489063107819072],[-76.537015557977725,3.2489888489471683]]]},"properties":{"Codigo":"53","Nombre":"La Arboleda"}},{"type":"Feature","geometry":{"type":"Polygon","coordinates":[[[-76.534099912356666,3.2535914333256422],[-76.534076001067319,3.2536057164597327],[-76.534097918015604,3.253642897742083],[-76.534342761318442,3.2541384109169265],[-76.534362122919859,3.2541775947423575],[-76.534532595780377,3.2544850610774532],[-76.534556955474244,3.2545289960811359],[-76.534879536320261,3.2552131655248044],[-76.534881736331045,3.2552178310914859],[-76.534969037641901,3.2551674301126621],[-76.535832689481026,3.2546688242951571],[-76.535881034619237,3.2546406226580009],[-76.536729104090483,3.2541459005205375],[-76.53693924777474,3.2540233128201921],[-76.536873510764366,3.2539577382939573],[-76.536842836936827,3.2539252944888086],[-76.536835263797713,3.2539172819313489],[-76.536810516250114,3.2538918767696208],[-76.53678067189982,3.2538612429139446],[-76.536757430553706,3.2538373867237924],[-76.536748754048361,3.2538282784645891],[-76.536718741012663,3.2537967863361867],[-76.536686650798686,3.2537631110129381],[-76.536656137805466,3.2537310923114933],[-76.53662430207244,3.2536976847967218],[-76.536613349661451,3.2536861888635635],[-76.536594112718944,3.2536661573031687],[-76.536562837067308,3.2536335856618277],[-76.536530717050994,3.2536001391070264],[-76.536499661708817,3.2535678017967058],[-76.536490451037906,3.2535582040220059],[-76.53648808535651,3.2535605078081637],[-76.536444577569469,3.2535153887443169],[-76.53643370062332,3.253504108978162],[-76.536404668630382,3.2534719915963728],[-76.536404603888485,3.2534719210261085],[-76.536405436569865,3.253471087710198],[-76.536404032067338,3.2534711746706462],[-76.536402652361076,3.2534703166510561],[-76.536392092402622,3.2534584989969391],[-76.536389143012954,3.2534553531572881],[-76.536373311627372,3.2534384622536248],[-76.536370739006358,3.2534357145088681],[-76.536341579623553,3.2534045981172262],[-76.536336089084088,3.2533987407216047],[-76.536320688419352,3.2533823085294973],[-76.53631159027411,3.2533726022983527],[-76.536303947943793,3.253364442300033],[-76.536287320764941,3.2533467036377077],[-76.536283804877968,3.2533429525159914],[-76.536280160407955,3.2533390584455919],[-76.536268913166268,3.2533270595603141],[-76.536254349661021,3.2533115230754892],[-76.53624977811107,3.253306641914314],[-76.536242505353428,3.2532988781981711],[-76.536236707279414,3.253292707748713],[-76.536218762749954,3.2532736001700568],[-76.536218674626113,3.2532735096925807],[-76.5362018747864,3.2532556181095944],[-76.536188473038393,3.2532413509828877],[-76.536185797005629,3.2532385009962028],[-76.536168400992665,3.2532199778902577],[-76.536157996295074,3.2532089009397533],[-76.53615690915602,3.2532077446586589],[-76.536149202972993,3.2531995385058488],[-76.536134245605083,3.2531836102457521],[-76.536125944148736,3.2531747707621061],[-76.536116974583948,3.2531652192343392],[-76.536114378580862,3.2531624542948601],[-76.53610071973003,3.2531477873282704],[-76.536094574595907,3.2531411889573838],[-76.536080222467248,3.2531257683351877],[-76.536068883557732,3.2531135849218225],[-76.536064772413226,3.2531091733398547],[-76.536034144765452,3.2530762737758541],[-76.53603265031326,3.2530763208981739],[-76.536033343428201,3.2530756945920007],[-76.536032901923377,3.2530752159794045],[-76.536008581562911,3.2530485332588821],[-76.535994454121635,3.2530318838135104],[-76.535971602257163,3.2530049034650768],[-76.53608828806685,3.2529358597669229],[-76.53633888382349,3.2527875820016945],[-76.53632108380549,3.2527438178629238],[-76.536291214957359,3.2526748489062105],[-76.536215363429747,3.2524997012221779],[-76.53617974007507,3.2524171303025007],[-76.536002589837665,3.2520410640409647],[-76.53597061241571,3.2519731809129855],[-76.535930615930255,3.2518882727311862],[-76.53583948326191,3.2517275539479145],[-76.53575538605952,3.251579242329659],[-76.535655985135307,3.2514082896416592],[-76.535603127846869,3.2513122163651209],[-76.535580407827197,3.251270919211712],[-76.535479270790717,3.2510926986260276],[-76.535485416871381,3.2510890684637563],[-76.535495433027648,3.2510829879272793],[-76.535409644487288,3.2509312489917197],[-76.535289703223555,3.2507164818321375],[-76.535178682557557,3.2505002183405898],[-76.535176542657382,3.2504958810688662],[-76.535166169400824,3.2504748532164482],[-76.535154373438715,3.2504509425931354],[-76.535141977122038,3.2504258090326301],[-76.535130034671013,3.2504015926768641],[-76.535117742608065,3.2503766725872296],[-76.535105888231826,3.2503526398517026],[-76.535093543149671,3.2503276021743739],[-76.535091210022514,3.2503228705236453],[-76.535081461801582,3.2503040287005613],[-76.535055139827776,3.2502214465065586],[-76.534834659537424,3.2498010497117193],[-76.534507404051297,3.2499096792845772],[-76.533500278866327,3.250243982546885],[-76.532603464074654,3.2505416679102446],[-76.532597799375466,3.2505435484954024],[-76.53264796549341,3.250635879331806],[-76.532652579162075,3.2506443713949293],[-76.532875214456226,3.2510393272442362],[-76.532979824433795,3.2512249054674021],[-76.533476020904033,3.2521010686978702],[-76.533560040773779,3.2522436399217303],[-76.533917440521691,3.2528501046830338],[-76.534102226370862,3.2532034475705642],[-76.534206613307688,3.2534030549160842],[-76.53420812340697,3.2534275559209092],[-76.534202019798059,3.2534459279864629],[-76.534161980532232,3.2534713831590962],[-76.534064153565382,3.2535335758839228],[-76.534099912356666,3.2535914333256422]]]},"properties":{"Codigo":"54","Nombre":"Portal de Jamundí"}},{"type":"Feature","geometry":{"type":"Polygon","coordinates":[[[-76.537739415897121,3.2498640377529577],[-76.537024781733763,3.2500611891812943],[-76.536447293013353,3.2502048196283519],[-76.535968837659851,3.2503377834939151],[-76.535825603130363,3.2503821137843834],[-76.53567930745983,3.2504540054614357],[-76.535562111366133,3.2505289322581215],[-76.535289703223555,3.2507164818321375],[-76.535409644487288,3.2509312489917197],[-76.535495433027648,3.2510829879272793],[-76.535485416871381,3.2510890684637563],[-76.535479270790717,3.2510926986260276],[-76.535580407827197,3.251270919211712],[-76.535603127846869,3.2513122163651209],[-76.535655985135307,3.2514082896416592],[-76.53575538605952,3.251579242329659],[-76.53583948326191,3.2517275539479145],[-76.535930615930255,3.2518882727311862],[-76.53597061241571,3.2519731809129855],[-76.535981448652961,3.2519612273871741],[-76.535981833957266,3.2519608025738806],[-76.53608985694558,3.2518247301921228],[-76.536236140768224,3.2517754251775228],[-76.53658827698105,3.2516745068133277],[-76.536692123441284,3.2516447452204398],[-76.536870856677595,3.2515998171958054],[-76.537031721890187,3.2515593802288336],[-76.537553788706319,3.2514281493960322],[-76.538081906584125,3.2512788951970171],[-76.538207210564366,3.2512434822212737],[-76.537833523336332,3.2498687544547429],[-76.537832234451002,3.249862915601109],[-76.53782536996367,3.2498318302158924],[-76.537739415897121,3.2498640377529577]]]},"properties":{"Codigo":"55","Nombre":"El Socorro"}},{"type":"Feature","geometry":{"type":"Polygon","coordinates":[[[-76.536404603888485,3.2534719210261085],[-76.536404668630382,3.2534719915963728],[-76.53643370062332,3.253504108978162],[-76.536534647818328,3.2534366202893081],[-76.536859103656141,3.2534156596876165],[-76.536951439256768,3.2534096939810468],[-76.536947900767899,3.2533976974419083],[-76.536733684947023,3.252671351508134],[-76.536721007426181,3.2526250788901185],[-76.536607842433028,3.2526566793193785],[-76.536579769846909,3.2526645189541439],[-76.536553395275646,3.2526718838405912],[-76.536499288855751,3.2527010663058746],[-76.53633888382349,3.2527875820016945],[-76.53608828806685,3.2529358597669229],[-76.535971602257163,3.2530049034650768],[-76.535994454121635,3.2530318838135104],[-76.536008581562911,3.2530485332588821],[-76.536032901923377,3.2530752159794045],[-76.536033343428201,3.2530756945920007],[-76.53603265031326,3.2530763208981739],[-76.536034144765452,3.2530762737758541],[-76.536064772413226,3.2531091733398547],[-76.536068883557732,3.2531135849218225],[-76.536080222467248,3.2531257683351877],[-76.536094574595907,3.2531411889573838],[-76.53610071973003,3.2531477873282704],[-76.536114378580862,3.2531624542948601],[-76.536116974583948,3.2531652192343392],[-76.536125944148736,3.2531747707621061],[-76.536134245605083,3.2531836102457521],[-76.536149202972993,3.2531995385058488],[-76.53615690915602,3.2532077446586589],[-76.536157996295074,3.2532089009397533],[-76.536168400992665,3.2532199778902577],[-76.536185797005629,3.2532385009962028],[-76.536188473038393,3.2532413509828877],[-76.5362018747864,3.2532556181095944],[-76.536218674626113,3.2532735096925807],[-76.536218762749954,3.2532736001700568],[-76.536236707279414,3.253292707748713],[-76.536242505353428,3.2532988781981711],[-76.53624977811107,3.253306641914314],[-76.536254349661021,3.2533115230754892],[-76.536268913166268,3.2533270595603141],[-76.536280160407955,3.2533390584455919],[-76.536283804877968,3.2533429525159914],[-76.536287320764941,3.2533467036377077],[-76.536303947943793,3.253364442300033],[-76.53631159027411,3.2533726022983527],[-76.536320688419352,3.2533823085294973],[-76.536336089084088,3.2533987407216047],[-76.536341579623553,3.2534045981172262],[-76.536370739006358,3.2534357145088681],[-76.536373311627372,3.2534384622536248],[-76.536389143012954,3.2534553531572881],[-76.536392092402622,3.2534584989969391],[-76.536402652361076,3.2534703166510561],[-76.536404032067338,3.2534711746706462],[-76.536405436569865,3.253471087710198],[-76.536404603888485,3.2534719210261085]]]},"properties":{"Codigo":"56","Nombre":"Makunaima"}},{"type":"Feature","geometry":{"type":"Polygon","coordinates":[[[-76.536947900767899,3.2533976974419083],[-76.536951439256768,3.2534096939810468],[-76.537004126621156,3.2534062905161387],[-76.537425057222592,3.2533666608188749],[-76.537508497891096,3.2533478148528072],[-76.537633042510436,3.2533196857249367],[-76.537737037898751,3.2532910300870741],[-76.537796651034256,3.2532897662576192],[-76.537948429387725,3.2532865498158245],[-76.538386288778355,3.2532151969008045],[-76.538565309585309,3.2532018939511742],[-76.538735680086546,3.2532182256738791],[-76.538733718995942,3.2532109015986945],[-76.538648128712424,3.2528912705605215],[-76.538214325140771,3.2512712661407397],[-76.538207210564366,3.2512434822212737],[-76.538081906584125,3.2512788951970171],[-76.537553788706319,3.2514281493960322],[-76.537031721890187,3.2515593802288336],[-76.536870856677595,3.2515998171958054],[-76.536692123441284,3.2516447452204398],[-76.53658827698105,3.2516745068133277],[-76.536236140768224,3.2517754251775228],[-76.53608985694558,3.2518247301921228],[-76.535981833957266,3.2519608025738806],[-76.535981448652961,3.2519612273871741],[-76.53597061241571,3.2519731809129855],[-76.536002589837665,3.2520410640409647],[-76.53617974007507,3.2524171303025007],[-76.536215363429747,3.2524997012221779],[-76.536291214957359,3.2526748489062105],[-76.53632108380549,3.2527438178629238],[-76.53633888382349,3.2527875820016945],[-76.536499288855751,3.2527010663058746],[-76.536553395275646,3.2526718838405912],[-76.536579769846909,3.2526645189541439],[-76.536607842433028,3.2526566793193785],[-76.536721007426181,3.2526250788901185],[-76.536733684947023,3.252671351508134],[-76.536947900767899,3.2533976974419083]]]},"properties":{"Codigo":"57","Nombre":"Villa Paulina"}},{"type":"Feature","geometry":{"type":"Polygon","coordinates":[[[-76.539136308847262,3.2528897725324146],[-76.538994379651996,3.2529863589266776],[-76.538832408025613,3.253170025897715],[-76.538759107231868,3.2532040172134842],[-76.538733718995942,3.2532109015986945],[-76.538735680086546,3.2532182256738791],[-76.538736087749328,3.2532197478298501],[-76.538741004825312,3.2532381448383623],[-76.538829958497828,3.2535709406744555],[-76.538893007744292,3.253806821419718],[-76.538907798364846,3.2538607084653264],[-76.538983135270371,3.25413518771777],[-76.539088620658362,3.2545303158878323],[-76.539346462324986,3.2554953452476889],[-76.539414373603762,3.2557604537749634],[-76.539760674199982,3.2571123124514103],[-76.539773079929262,3.257160739861392],[-76.539779506691815,3.2571843554917366],[-76.540303581032248,3.2572193758499033],[-76.540310041689395,3.2572198079476808],[-76.540556419375193,3.2572362715068044],[-76.540622110078033,3.257240660869591],[-76.540459652874986,3.2563105054460197],[-76.540276576833577,3.2556235089959391],[-76.540104788547168,3.2549251506260779],[-76.539925354931796,3.2542788523547226],[-76.539920289542366,3.2542584477216829],[-76.539907027238272,3.2542050208843172],[-76.539838699271058,3.2539297686175885],[-76.539664052924451,3.2530550005119974],[-76.539658435616687,3.2530268629110011],[-76.539587980750468,3.2529656176154349],[-76.53954414504561,3.2529397013092534],[-76.539523237708167,3.2529273400828158],[-76.539462303932311,3.2529062869872378],[-76.53938804119683,3.2528948041935863],[-76.539255457091272,3.2528833407890945],[-76.539210950203739,3.2528794926556364],[-76.539136308847262,3.2528897725324146]]]},"properties":{"Codigo":"58","Nombre":"Las Acacias"}},{"type":"Feature","geometry":{"type":"Polygon","coordinates":[[[-76.537910783610712,3.2535790019530872],[-76.538023957146066,3.2540103569365875],[-76.538030809891794,3.2540364768053558],[-76.538115413210022,3.2540139418764604],[-76.538893007744292,3.253806821419718],[-76.538829958497828,3.2535709406744555],[-76.538741004825312,3.2532381448383623],[-76.538736087749328,3.2532197478298501],[-76.538735680086546,3.2532182256738791],[-76.538565309585309,3.2532018939511742],[-76.538386288778355,3.2532151969008045],[-76.537948429387725,3.2532865498158245],[-76.537796651034256,3.2532897662576192],[-76.537804665938438,3.2533214617610713],[-76.537811493018467,3.253348457882979],[-76.537840174293166,3.2534463194686527],[-76.537869111365282,3.2534201709009651],[-76.537910783610712,3.2535790019530872]]]},"properties":{"Codigo":"59","Nombre":"Juan Pablo II"}},{"type":"Feature","geometry":{"type":"Polygon","coordinates":[[[-76.535832689481026,3.2546688242951571],[-76.534969037641901,3.2551674301126621],[-76.534881736331045,3.2552178310914859],[-76.53490359803817,3.2552641973073588],[-76.535151768970294,3.2558357981644455],[-76.535224717279689,3.2560038166697174],[-76.535396547429073,3.2563617336510116],[-76.53546090186704,3.2564957811069779],[-76.535520863974085,3.2564883258931627],[-76.535535847077639,3.2564864629894066],[-76.535633088786469,3.2564743734716508],[-76.535786276589874,3.2564407384598031],[-76.535814401482057,3.2564345628060822],[-76.535839930783382,3.2564248390868613],[-76.535851014211929,3.2564218455070857],[-76.53629495240537,3.2563019560346027],[-76.536350122078971,3.2562870567003848],[-76.536448192897424,3.2562605710923083],[-76.536336660955641,3.2558934574613581],[-76.536320930931907,3.2558416850486713],[-76.536312489316941,3.2558138967888559],[-76.536136357041499,3.2552879885381514],[-76.536019245956197,3.2549127603239478],[-76.535922837307325,3.2547129765306164],[-76.535881034619237,3.2546406226580009],[-76.535832689481026,3.2546688242951571]]]},"properties":{"Codigo":"60","Nombre":"Villas de Altagracia"}},{"type":"Feature","geometry":{"type":"Polygon","coordinates":[[[-76.538115413210022,3.2540139418764604],[-76.538030809891794,3.2540364768053558],[-76.53733440819947,3.2542284326006476],[-76.537170122845154,3.2542737165614595],[-76.537199766428316,3.2543063289096512],[-76.537329250806991,3.2545245139269068],[-76.537411131213673,3.2547426977452494],[-76.537620592366508,3.2552077761611202],[-76.537817413431469,3.2556308122808133],[-76.537899704663147,3.2558076851678335],[-76.53811073256874,3.255735044038699],[-76.538447214559795,3.2556045887034895],[-76.538470085562693,3.2555974895695212],[-76.538492035102166,3.2555906766032914],[-76.538576386914087,3.255581151687664],[-76.538865109303998,3.2555485474847803],[-76.539346462324986,3.2554953452476889],[-76.539088620658362,3.2545303158878323],[-76.538983135270371,3.25413518771777],[-76.538907798364846,3.2538607084653264],[-76.538893007744292,3.253806821419718],[-76.538115413210022,3.2540139418764604]]]},"properties":{"Codigo":"61","Nombre":"La Hojarasca"}},{"type":"Feature","geometry":{"type":"Polygon","coordinates":[[[-76.536312489316941,3.2558138967888559],[-76.536320930931907,3.2558416850486713],[-76.536336660955641,3.2558934574613581],[-76.536448192897424,3.2562605710923083],[-76.536948918577892,3.2561253442474971],[-76.537232030410863,3.2560354248042107],[-76.537310457710774,3.2560105155755799],[-76.537567468802465,3.2559220469442902],[-76.537899704663147,3.2558076851678335],[-76.537817413431469,3.2556308122808133],[-76.537620592366508,3.2552077761611202],[-76.537411131213673,3.2547426977452494],[-76.537329250806991,3.2545245139269068],[-76.537199766428316,3.2543063289096512],[-76.537170122845154,3.2542737165614595],[-76.537097318170183,3.254193619705815],[-76.536974295586788,3.2540582747401805],[-76.53693924777474,3.2540233128201921],[-76.536729104090483,3.2541459005205375],[-76.536767696251943,3.254186916835291],[-76.536929633737017,3.254329984696962],[-76.537080861132097,3.2545286105828071],[-76.536916617920099,3.254590943281392],[-76.536882298933875,3.2546655756676439],[-76.537086851985052,3.2553060061228591],[-76.536724731914376,3.2554207837997757],[-76.536657426359142,3.2552140236782132],[-76.536820855190498,3.2551555402084658],[-76.536754697161712,3.2549395939271872],[-76.536576416491243,3.2549934755459953],[-76.536419847524243,3.2550427749888402],[-76.536402703017288,3.2550519534348878],[-76.53639241251382,3.2550645809573711],[-76.536392403322338,3.2550818078647059],[-76.53639468308819,3.2550921452408854],[-76.536394676960498,3.2551036298457774],[-76.53640494050299,3.2551415345849146],[-76.536457418020433,3.2552989029068065],[-76.536585167998879,3.2557239022658151],[-76.536312489316941,3.2558138967888559]]]},"properties":{"Codigo":"62","Nombre":"Almendros de Rioclaro"}},{"type":"Feature","geometry":{"type":"Polygon","coordinates":[[[-76.538447214559795,3.2556045887034895],[-76.53811073256874,3.255735044038699],[-76.537899704663147,3.2558076851678335],[-76.537567468802465,3.2559220469442902],[-76.537310457710774,3.2560105155755799],[-76.537232030410863,3.2560354248042107],[-76.537271160957573,3.2561839943202289],[-76.53751142792936,3.2568749464318927],[-76.537512282253743,3.2568774020661659],[-76.537570682718652,3.2568948286095196],[-76.537829101857341,3.2567730101185117],[-76.538130763273998,3.2566308074552199],[-76.538677959832896,3.2563274293026274],[-76.538653977064172,3.2562323952759673],[-76.538557863914733,3.2558851014449308],[-76.538546286089598,3.2558483390433302],[-76.538544053161587,3.2558412445137983],[-76.538531758578571,3.2558021938478747],[-76.538524910683734,3.2557804553161835],[-76.538517925371224,3.2557582672735208],[-76.538506445448306,3.2557218232380833],[-76.538492705661838,3.255678181568388],[-76.538470085562693,3.2555974895695212],[-76.538447214559795,3.2556045887034895]]]},"properties":{"Codigo":"63","Nombre":"Conjunto Portal de Jamundí"}},{"type":"Feature","geometry":{"type":"Polygon","coordinates":[[[-76.536136357041499,3.2552879885381514],[-76.536312489316941,3.2558138967888559],[-76.536585167998879,3.2557239022658151],[-76.536457418020433,3.2552989029068065],[-76.53640494050299,3.2551415345849146],[-76.536394676960498,3.2551036298457774],[-76.53639468308819,3.2550921452408854],[-76.536392403322338,3.2550818078647059],[-76.53639241251382,3.2550645809573711],[-76.536402703017288,3.2550519534348878],[-76.536419847524243,3.2550427749888402],[-76.536576416491243,3.2549934755459953],[-76.536754697161712,3.2549395939271872],[-76.536820855190498,3.2551555402084658],[-76.536657426359142,3.2552140236782132],[-76.536724731914376,3.2554207837997757],[-76.537086851985052,3.2553060061228591],[-76.536882298933875,3.2546655756676439],[-76.536916617920099,3.254590943281392],[-76.537080861132097,3.2545286105828071],[-76.536929633737017,3.254329984696962],[-76.536767696251943,3.254186916835291],[-76.536729104090483,3.2541459005205375],[-76.535881034619237,3.2546406226580009],[-76.535922837307325,3.2547129765306164],[-76.536019245956197,3.2549127603239478],[-76.536136357041499,3.2552879885381514]]]},"properties":{"Codigo":"64","Nombre":"Torres de Jamundí"}},{"type":"Feature","geometry":{"type":"Polygon","coordinates":[[[-76.536499661708817,3.2535678017967058],[-76.536530717050994,3.2536001391070264],[-76.536562837067308,3.2536335856618277],[-76.536594112718944,3.2536661573031687],[-76.536613349661451,3.2536861888635635],[-76.53662430207244,3.2536976847967218],[-76.536656137805466,3.2537310923114933],[-76.536686650798686,3.2537631110129381],[-76.536718741012663,3.2537967863361867],[-76.536748754048361,3.2538282784645891],[-76.536757430553706,3.2538373867237924],[-76.53678067189982,3.2538612429139446],[-76.536810516250114,3.2538918767696208],[-76.536835263797713,3.2539172819313489],[-76.536842836936827,3.2539252944888086],[-76.536873510764366,3.2539577382939573],[-76.53693924777474,3.2540233128201921],[-76.536974295586788,3.2540582747401805],[-76.537097318170183,3.254193619705815],[-76.537170122845154,3.2542737165614595],[-76.53733440819947,3.2542284326006476],[-76.538030809891794,3.2540364768053558],[-76.538023957146066,3.2540103569365875],[-76.537910783610712,3.2535790019530872],[-76.537869111365282,3.2534201709009651],[-76.537840174293166,3.2534463194686527],[-76.537811493018467,3.253348457882979],[-76.537804665938438,3.2533214617610713],[-76.537796651034256,3.2532897662576192],[-76.537737037898751,3.2532910300870741],[-76.537633042510436,3.2533196857249367],[-76.537508497891096,3.2533478148528072],[-76.537425057222592,3.2533666608188749],[-76.537004126621156,3.2534062905161387],[-76.536951439256768,3.2534096939810468],[-76.536859103656141,3.2534156596876165],[-76.536534647818328,3.2534366202893081],[-76.53643370062332,3.253504108978162],[-76.536444577569469,3.2535153887443169],[-76.53648808535651,3.2535605078081637],[-76.536490451037906,3.2535582040220059],[-76.536499661708817,3.2535678017967058]]]},"properties":{"Codigo":"65","Nombre":"Palo Santo"}},{"type":"Feature","geometry":{"type":"Polygon","coordinates":[[[-76.548398284229677,3.2541827969953712],[-76.548591387293996,3.2543101565754773],[-76.549281882722809,3.2547655692118482],[-76.54951932246982,3.2544156913269422],[-76.548801489457873,3.253894162738479],[-76.548702095678649,3.2538219498452277],[-76.548635240734598,3.253776336932011],[-76.548436482961307,3.2541183874376149],[-76.548398284229677,3.2541827969953712]]]},"properties":{"Codigo":"66","Nombre":"Santa Ana"}},{"type":"Feature","geometry":{"type":"Polygon","coordinates":[[[-76.550161380486955,3.2546406202435354],[-76.550281491999883,3.2548916659853679],[-76.550303831143296,3.2549383577807638],[-76.550272717693758,3.2549700245633377],[-76.55024673445611,3.2549964689825859],[-76.550293928942665,3.2550350767126224],[-76.550370004113702,3.2550933084887927],[-76.550517948168803,3.255206553217814],[-76.550538332610444,3.2551867334813136],[-76.550571211207711,3.2551483368975314],[-76.550588849067324,3.2551280111174847],[-76.550613882682086,3.2550989030208872],[-76.550634252263109,3.2550747751794438],[-76.550654560861688,3.2550623869534108],[-76.550675293776081,3.2550489427248568],[-76.550700997063331,3.25502794475676],[-76.550717788087582,3.2550097264571338],[-76.550729364277984,3.254989893954793],[-76.550735870177746,3.2549638507588341],[-76.550740602761636,3.2549308190909936],[-76.550741044340285,3.2549277076195975],[-76.550744173174536,3.2549128651443811],[-76.550749062597532,3.2548896714598543],[-76.550751661992763,3.2548773390490622],[-76.550755615127201,3.2548448685435276],[-76.550756297944545,3.2548346077872572],[-76.550777194413385,3.2547920740553336],[-76.550789457436309,3.2547681002088513],[-76.550796673715951,3.2547445487365527],[-76.550806963784368,3.2547151263395064],[-76.550809681431971,3.2546985763259104],[-76.550807901818644,3.2546863890188051],[-76.550806219924809,3.2546748754679213],[-76.550808410477543,3.2546580547915167],[-76.550811526931554,3.2546341285957641],[-76.55081384537884,3.2546205137369322],[-76.550818391148937,3.2545937704858519],[-76.550829498676265,3.2545494899309362],[-76.55084116928542,3.2545245418390447],[-76.550853134956739,3.2545031459999252],[-76.550870649007294,3.2544751751778946],[-76.550883942816313,3.2544638801838053],[-76.550898951561251,3.254461110943871],[-76.550922599664844,3.2544647731088436],[-76.550986542953126,3.2544676958856322],[-76.551029045127351,3.2544687291811769],[-76.55105623120474,3.2544701206871522],[-76.551074903445141,3.2544711252090606],[-76.551076172012941,3.2544711936968009],[-76.551093720275304,3.2544761078310418],[-76.551096050511859,3.2544761750667552],[-76.551110003140622,3.254476577561459],[-76.551150625022061,3.2544791173377052],[-76.551143171732761,3.25444967930357],[-76.551131902462998,3.2544051645541026],[-76.551089299938752,3.2542368877841841],[-76.551015392508717,3.2540202922138284],[-76.550940031571244,3.2537994357133355],[-76.550796473127406,3.2533667721979049],[-76.55074225928054,3.2532480685990328],[-76.550674695950434,3.2531647695595205],[-76.550488932844104,3.2529798617306818],[-76.550215061893084,3.25322865153549],[-76.550078087765655,3.2531356408991821],[-76.549988965326989,3.2530751324760403],[-76.54992857692821,3.253034124130584],[-76.549838124303974,3.2529726980361411],[-76.549749385046823,3.2529124366718696],[-76.549689700000314,3.25287190344307],[-76.549579092512872,3.2527938221607133],[-76.54949447371871,3.252734086534796],[-76.549486014988048,3.252728114601291],[-76.549471426937799,3.2527178159791776],[-76.549416407275771,3.2526766512741507],[-76.5493356792947,3.2527872709616705],[-76.549266826132921,3.2528816185471841],[-76.549137856858209,3.253058340815878],[-76.548923965635865,3.2533375137431153],[-76.54899122161433,3.2533645669569022],[-76.549030049313714,3.2533741747935911],[-76.549058054866876,3.2533861742392145],[-76.549061881410935,3.2533878139428829],[-76.549112223763373,3.2534093872253833],[-76.549163412566244,3.2534313181501386],[-76.549213560627123,3.2534528099388829],[-76.549264216922921,3.2534745090778685],[-76.549314356893177,3.253495997240786],[-76.549364761325833,3.2535175949611341],[-76.549414076446553,3.2535387245825031],[-76.549465139330891,3.2535606038825509],[-76.549516350639166,3.2535825447508948],[-76.549565246590134,3.2536034987109237],[-76.549615067253981,3.2536248356746316],[-76.549665895371945,3.2536466189864575],[-76.549690941529974,3.2536573517432168],[-76.550161380486955,3.2546406202435354]]]},"properties":{"Codigo":"67","Nombre":"Siglo XXI"}},{"type":"Feature","geometry":{"type":"Polygon","coordinates":[[[-76.548832945011455,3.2534563145982562],[-76.548703339370789,3.2536591418313163],[-76.548635240734598,3.253776336932011],[-76.548702095678649,3.2538219498452277],[-76.548801489457873,3.253894162738479],[-76.54951932246982,3.2544156913269422],[-76.549718842116263,3.2545646189796491],[-76.549942840616538,3.2547478641554695],[-76.550197623487406,3.2549562930891187],[-76.550227305189395,3.2549805747155407],[-76.55024673445611,3.2549964689825859],[-76.550272717693758,3.2549700245633377],[-76.550303831143296,3.2549383577807638],[-76.550281491999883,3.2548916659853679],[-76.550161380486955,3.2546406202435354],[-76.549690941529974,3.2536573517432168],[-76.549665895371945,3.2536466189864575],[-76.549615067253981,3.2536248356746316],[-76.549565246590134,3.2536034987109237],[-76.549516350639166,3.2535825447508948],[-76.549465139330891,3.2535606038825509],[-76.549414076446553,3.2535387245825031],[-76.549364761325833,3.2535175949611341],[-76.549314356893177,3.253495997240786],[-76.549264216922921,3.2534745090778685],[-76.549213560627123,3.2534528099388829],[-76.549163412566244,3.2534313181501386],[-76.549112223763373,3.2534093872253833],[-76.549061881410935,3.2533878139428829],[-76.549058054866876,3.2533861742392145],[-76.549030049313714,3.2533741747935911],[-76.54899122161433,3.2533645669569022],[-76.548923965635865,3.2533375137431153],[-76.548832945011455,3.2534563145982562]]]},"properties":{"Codigo":"68","Nombre":"Villa Ema"}},{"type":"Feature","geometry":{"type":"Polygon","coordinates":[[[-76.549009739594027,3.2552106860768402],[-76.548925439693832,3.2553363586198589],[-76.548950764729639,3.2553575696909376],[-76.549089178979187,3.2554704695749268],[-76.549093078028207,3.2554745644970557],[-76.549146861384557,3.255517856411378],[-76.549178225044074,3.2555431011295171],[-76.54935359769776,3.2556842635901377],[-76.549422983771109,3.2557401145072928],[-76.549537237191345,3.2558423878432912],[-76.549396177958869,3.2560139356364344],[-76.549344047709809,3.2562773756136556],[-76.549340164878927,3.2563043145276764],[-76.549303910054192,3.256555857720024],[-76.549258004552044,3.2567647145934404],[-76.549254335790053,3.2567814069760868],[-76.549242245469856,3.256836413806004],[-76.549232611811405,3.2568802447597283],[-76.549463094840618,3.2569099729226734],[-76.549465313402663,3.2569102589453065],[-76.549482412146446,3.2569162978279098],[-76.549954377335837,3.2570829774176109],[-76.551110957616913,3.2576099239213625],[-76.551577722994367,3.2578201657675172],[-76.551720933323978,3.2578846705581204],[-76.55177648032705,3.2578032093967608],[-76.551834897816278,3.2577175402088194],[-76.551886305630575,3.2576421501618862],[-76.552375551054268,3.2569246644812209],[-76.552847265206353,3.2562166083813131],[-76.552907516801582,3.2561261680545157],[-76.553112436967879,3.2558185772501931],[-76.553776802285284,3.2548460855607892],[-76.554150480676384,3.2542990969425949],[-76.554167325339733,3.25427443996734],[-76.554269066330733,3.2541403767878183],[-76.554693217310046,3.2535814737568907],[-76.554707348884719,3.2535628533841496],[-76.555051725730621,3.2531090681413968],[-76.555040382057967,3.2531038787788047],[-76.55496714336762,3.2530703733482178],[-76.554860648246532,3.2529498313801466],[-76.554740842426853,3.2528158960870224],[-76.554627518550376,3.252793054111756],[-76.554626998567727,3.2527929489420258],[-76.554541070954841,3.2527756302276285],[-76.55443450781992,3.2527889611401881],[-76.554428109442554,3.2528178321889265],[-76.554407806882764,3.25290943379491],[-76.554314508836981,3.2530298717643986],[-76.554141341672349,3.2530565552437936],[-76.553981494822025,3.2530832474426128],[-76.553821681611012,3.2530430013562013],[-76.553809509001084,3.2530384056753987],[-76.553608612376564,3.2529625664987214],[-76.553525122128818,3.2530044699252674],[-76.55347538273864,3.2530294325679026],[-76.553455771953068,3.2530688028983672],[-76.553355383508816,3.2532703430347674],[-76.553381918626442,3.2534711671720355],[-76.553345853673079,3.2535508029221334],[-76.553315245429985,3.2536183925931139],[-76.553115404715925,3.2537120011249745],[-76.552928870455005,3.2538323875268347],[-76.552848882859053,3.2539662204639157],[-76.552815065222489,3.254146979153226],[-76.552808813787919,3.2541803961863947],[-76.552784962274202,3.2542342629576817],[-76.552755474635021,3.2543008539328375],[-76.552722984245321,3.2543194918050071],[-76.552718596814003,3.2543220088981752],[-76.552662210896287,3.254354355257727],[-76.552582294294467,3.2543543125793404],[-76.552475351879522,3.2543004995177678],[-76.552456917844765,3.2542912234942531],[-76.552449133706261,3.2542873065083326],[-76.552405060543492,3.2542725153026524],[-76.552312725860702,3.2542415263142033],[-76.552278515504554,3.254230044582155],[-76.552277478309023,3.2542296967876023],[-76.552269056606562,3.2542268700554549],[-76.55224937598166,3.2542202655896082],[-76.552114353419526,3.2541854977836926],[-76.552027968564971,3.2541632537737288],[-76.551987253799396,3.2541559238974855],[-76.551748285661034,3.2541129050488542],[-76.551700489784608,3.2541114240976277],[-76.551513507901348,3.2541056308818801],[-76.551418635017086,3.2541026919392166],[-76.551382954986465,3.2541146380673474],[-76.551155392863834,3.2541908310589434],[-76.5511830123979,3.254293188111133],[-76.551189173851043,3.2543223198138622],[-76.551191947050299,3.254335678712954],[-76.551200319600341,3.2543760086425606],[-76.551209645278163,3.254420913935808],[-76.551221208366172,3.2544765915434666],[-76.551223226790725,3.2544863111355111],[-76.551221208842264,3.2544860785765115],[-76.551172597239855,3.2544804907343137],[-76.551150625022061,3.2544791173377052],[-76.551110003140622,3.254476577561459],[-76.551096050511859,3.2544761750667552],[-76.551093720275304,3.2544761078310418],[-76.551076172012941,3.2544711936968009],[-76.551074903445141,3.2544711252090606],[-76.55105623120474,3.2544701206871522],[-76.551029045127351,3.2544687291811769],[-76.550986542953126,3.2544676958856322],[-76.550922599664844,3.2544647731088436],[-76.550898951561251,3.254461110943871],[-76.550883942816313,3.2544638801838053],[-76.550870649007294,3.2544751751778946],[-76.550853134956739,3.2545031459999252],[-76.55084116928542,3.2545245418390447],[-76.550829498676265,3.2545494899309362],[-76.550818391148937,3.2545937704858519],[-76.55081384537884,3.2546205137369322],[-76.550811526931554,3.2546341285957641],[-76.550808410477543,3.2546580547915167],[-76.550806219924809,3.2546748754679213],[-76.550807901818644,3.2546863890188051],[-76.550809681431971,3.2546985763259104],[-76.550806963784368,3.2547151263395064],[-76.550796673715951,3.2547445487365527],[-76.550789457436309,3.2547681002088513],[-76.550777194413385,3.2547920740553336],[-76.550756297944545,3.2548346077872572],[-76.550755615127201,3.2548448685435276],[-76.550751661992763,3.2548773390490622],[-76.550749062597532,3.2548896714598543],[-76.550744173174536,3.2549128651443811],[-76.550741044340285,3.2549277076195975],[-76.550740602761636,3.2549308190909936],[-76.550735870177746,3.2549638507588341],[-76.550729364277984,3.254989893954793],[-76.550717788087582,3.2550097264571338],[-76.550700997063331,3.25502794475676],[-76.550675293776081,3.2550489427248568],[-76.550654560861688,3.2550623869534108],[-76.550634252263109,3.2550747751794438],[-76.550613882682086,3.2550989030208872],[-76.550588849067324,3.2551280111174847],[-76.550571211207711,3.2551483368975314],[-76.550538332610444,3.2551867334813136],[-76.550517948168803,3.255206553217814],[-76.550370004113702,3.2550933084887927],[-76.550293928942665,3.2550350767126224],[-76.55024673445611,3.2549964689825859],[-76.550227305189395,3.2549805747155407],[-76.550197623487406,3.2549562930891187],[-76.549942840616538,3.2547478641554695],[-76.549718842116263,3.2545646189796491],[-76.54951932246982,3.2544156913269422],[-76.549281882722809,3.2547655692118482],[-76.549254639926062,3.2548057131111228],[-76.549160902957667,3.254960719885525],[-76.549009739594027,3.2552106860768402]]]},"properties":{"Codigo":"69","Nombre":"Riberas del Rosario"}},{"type":"Feature","geometry":{"type":"Polygon","coordinates":[[[-76.55168156212585,3.2579424085961106],[-76.551519433480067,3.2581896140225308],[-76.551257257370054,3.2585893678747713],[-76.552177874168564,3.2589864801733133],[-76.552753258776036,3.2592259241688004],[-76.552939357399097,3.2593095383806676],[-76.55345243039126,3.2595400619438046],[-76.553930035720967,3.2597547631697275],[-76.554129261165031,3.2598443216966015],[-76.5541447247262,3.2598512730035787],[-76.554694245873975,3.2600998025269279],[-76.55470679859414,3.2601054799546811],[-76.555211803491261,3.2594817789936501],[-76.555211848505877,3.2594817238546536],[-76.555239674620296,3.2594339197364413],[-76.555206777776561,3.2594239290465139],[-76.554472790239814,3.2591019755545672],[-76.554266764200804,3.2590083170747053],[-76.55275921750868,3.2583229942057992],[-76.551720933323978,3.2578846705581204],[-76.55168156212585,3.2579424085961106]]]},"properties":{"Codigo":"70","Nombre":"Hacienda El Pino"}},{"type":"Feature","geometry":{"type":"Polygon","coordinates":[[[-76.560919004277252,3.2475506766661164],[-76.56089125016689,3.247707709199251],[-76.560213890491966,3.2515401952024048],[-76.55972389348517,3.2543125621106963],[-76.558795579354694,3.2595648288170778],[-76.558782530628434,3.2596386547921647],[-76.558779778493317,3.2596542263708796],[-76.558762661112937,3.2597510756039312],[-76.559112729568284,3.25979668706738],[-76.559130818224133,3.2597990439919937],[-76.55918698947265,3.2598067722730906],[-76.559192431523428,3.2598075211369313],[-76.560881287906824,3.2600398900519747],[-76.563217855061325,3.2603540493691385],[-76.564783192790259,3.2605472193788225],[-76.564805908376485,3.2605077301012986],[-76.564822268100428,3.2604792890696235],[-76.565149206078146,3.2599457749538625],[-76.565621878990896,3.2591744407338563],[-76.56563136361504,3.2591589638910134],[-76.565677137817957,3.2590240415845368],[-76.566254306374447,3.2580461077577549],[-76.566339845627397,3.2579091953963024],[-76.566372103380772,3.2578575652159301],[-76.566535928324143,3.2576638327857825],[-76.566780164435102,3.2573750093596709],[-76.566781772299706,3.2573731075221581],[-76.566990674090903,3.2570954848322757],[-76.567597432960028,3.2562891231662343],[-76.568253918356447,3.2554166734024315],[-76.569521201081599,3.2537281087857091],[-76.56957984245723,3.2536574525649122],[-76.569760662164839,3.2534395857602898],[-76.570045229866935,3.2530967150238141],[-76.57004405617694,3.2530958254993338],[-76.57001778440214,3.2530759274699519],[-76.56957097373072,3.2527375088695991],[-76.56956293416728,3.2527314513892209],[-76.568625567103879,3.252025152836274],[-76.568585372945194,3.2519948663106328],[-76.566551982218115,3.2504627179369074],[-76.566120962825295,3.2501677127775208],[-76.5659776216349,3.2500696042381203],[-76.565240143009888,3.2495532147465958],[-76.564570262842665,3.2490862967031156],[-76.563885107056095,3.2484556173358254],[-76.563101592154283,3.247806342787432],[-76.562446091630491,3.2473163748738618],[-76.562377756345697,3.2472652955642713],[-76.562377734308441,3.2473052350336435],[-76.562337977314854,3.2473451496401435],[-76.56225850110404,3.2473610789539809],[-76.562118099876997,3.2473663252653853],[-76.56198299976397,3.2473715760813691],[-76.561659820807066,3.247376719631264],[-76.56154062044763,3.2473713276492457],[-76.561485746025085,3.2473695008514096],[-76.561336190915029,3.247364521014859],[-76.56113805568333,3.2473579237504726],[-76.561136671047066,3.2473578778247707],[-76.561034354623246,3.2473544703505768],[-76.560954153692279,3.247351799470136],[-76.560919004277252,3.2475506766661164]]]},"properties":{"Codigo":"71","Nombre":"Verde Alfaguara (Sector en desarrollo)"}},{"type":"Feature","geometry":{"type":"Polygon","coordinates":[[[-76.55055099447857,3.2596283030074877],[-76.549714235748425,3.2608072739447049],[-76.549393014966199,3.2612598641490216],[-76.549423664401061,3.2612730469345617],[-76.550802797268204,3.2618662406493915],[-76.550851510984245,3.2618871936126155],[-76.551459010035273,3.2621484898075566],[-76.552097630314421,3.2624231721137638],[-76.552471984806985,3.2625841885847611],[-76.552936772908467,3.2620714603839933],[-76.553013472491273,3.26198684972193],[-76.553906893523902,3.2610012739724299],[-76.553262333946734,3.2607221044317027],[-76.552473586770617,3.2603804838676869],[-76.550594711686131,3.2595667059521358],[-76.55055099447857,3.2596283030074877]]]},"properties":{"Codigo":"72","Nombre":"Los Anturios"}},{"type":"Feature","geometry":{"type":"Polygon","coordinates":[[[-76.532705736701629,3.2746449315551542],[-76.532569518342669,3.2748338221991675],[-76.532400796949659,3.2750677824987129],[-76.532310245948793,3.2751708104397026],[-76.531995473489189,3.2755289550542015],[-76.531992714364776,3.2755316112798272],[-76.531986599280231,3.2755374994430499],[-76.531877700715512,3.2756423503105321],[-76.532013966209888,3.2757740889291584],[-76.532060790465366,3.2758201641415958],[-76.53246175473501,3.2762125524052723],[-76.532796405193295,3.2765400453087086],[-76.533411731321863,3.2771422102640178],[-76.533811056395308,3.2775329930297046],[-76.534151445027618,3.2778661008259138],[-76.534157111279285,3.2778716454590495],[-76.534240445629038,3.2777836076164024],[-76.536042500957834,3.2758857499708105],[-76.53601729104949,3.2758627137277241],[-76.535984082822026,3.2758323691159728],[-76.535917517089587,3.2757715450684666],[-76.535875579423092,3.2757332252198887],[-76.535854578217609,3.2757140336270827],[-76.535833643559783,3.2756949044667456],[-76.53579170679852,3.2756565864247555],[-76.535749770941706,3.2756182656690824],[-76.535707833288157,3.2755799458154859],[-76.535682004682059,3.2755563431389292],[-76.535665898337058,3.275541625962096],[-76.535623960689989,3.2755033061059833],[-76.535582024846136,3.2754649853452658],[-76.535540088104298,3.2754266672957182],[-76.535498152266911,3.275388346532504],[-76.535456214632802,3.2753500266713256],[-76.535414278801895,3.2753117059055952],[-76.535372342073998,3.2752733860423908],[-76.535330406249585,3.2752350652741362],[-76.535288468628437,3.2751967454079463],[-76.535246533709724,3.2751584255419481],[-76.534971183844945,3.2749068209753549],[-76.534695835019548,3.2746552163549718],[-76.534693837692473,3.2746533912969631],[-76.534313037218197,3.2743054276978936],[-76.534307756580702,3.2743006021962069],[-76.534206623207922,3.2742081892633035],[-76.53398659191059,3.2739988245874594],[-76.533802167986181,3.2741909618631602],[-76.53364594406743,3.274301894836074],[-76.533491053636226,3.2743542570540547],[-76.533365504367509,3.2743967006137304],[-76.533295463503336,3.2744203785702952],[-76.533002586897211,3.2744232536502449],[-76.532925999351747,3.2744240049321061],[-76.532887903124475,3.2744217830797822],[-76.532828658421465,3.2744183288805599],[-76.532705736701629,3.2746449315551542]]]},"properties":{"Codigo":"73","Nombre":"Tecnoquimicas"}},{"type":"Feature","geometry":{"type":"Polygon","coordinates":[[[-76.529785351753929,3.2762913229459145],[-76.530177264825696,3.2765112446443498],[-76.53029027491813,3.2765746600029031],[-76.53045999339362,3.2766715003955973],[-76.530475624153212,3.2766804190231142],[-76.530556959334348,3.2767268279253736],[-76.530586471413585,3.2767436676812434],[-76.530670738835923,3.2767917493277774],[-76.530715743903301,3.2768293340471324],[-76.530936786629169,3.2765951686170323],[-76.531530546837359,3.2759766008119908],[-76.531877700715512,3.2756423503105321],[-76.531986599280231,3.2755374994430499],[-76.531992714364776,3.2755316112798272],[-76.531995473489189,3.2755289550542015],[-76.532310245948793,3.2751708104397026],[-76.532400796949659,3.2750677824987129],[-76.532569518342669,3.2748338221991675],[-76.532705736701629,3.2746449315551542],[-76.532828658421465,3.2744183288805599],[-76.532903996173218,3.2742794461574491],[-76.533054667047594,3.2738718242448277],[-76.533008475436048,3.2738588711899625],[-76.532996899643081,3.2738568799390757],[-76.532908840132237,3.2738417301052278],[-76.532645957621725,3.2738022324585989],[-76.532282536337291,3.2737476277813795],[-76.531768241262824,3.2736703547385475],[-76.531768180085891,3.2736703456621066],[-76.531454442651821,3.2736232066215596],[-76.531357432835719,3.2736110630770496],[-76.531112240784893,3.2735803717429031],[-76.530502073589957,3.2735039942076232],[-76.53015703159474,3.273460803877994],[-76.529800969575632,3.2734162337586801],[-76.529688196686166,3.2734021172740113],[-76.52947449536768,3.2733781735277709],[-76.529182082185088,3.2733454102924258],[-76.528715143331041,3.2732930923604244],[-76.52840245690858,3.2732580579191795],[-76.52827185797274,3.2732434250691247],[-76.52801657558652,3.2732064018876899],[-76.527777829894461,3.2731717769055781],[-76.527632980915442,3.2731507698695093],[-76.527426123735566,3.2731207697690992],[-76.527379128163375,3.2731139544045766],[-76.527279991122995,3.273102583387328],[-76.527182042557257,3.2730913495647207],[-76.52718085318628,3.2730912132644057],[-76.527180500513737,3.273091172376597],[-76.526980799566687,3.2730682676385383],[-76.526952959939649,3.2732300294116845],[-76.526724213968805,3.2736203800564083],[-76.526518476699593,3.2737274556798934],[-76.526312550145661,3.2741790704964919],[-76.526190519574286,3.2744469764302022],[-76.52611126715523,3.2746154178256517],[-76.526060867602254,3.2747225357201444],[-76.526034315104113,3.2747563010967946],[-76.525832175360733,3.2750133527045699],[-76.525802704061562,3.2750587167920719],[-76.525720358563888,3.2751854682922041],[-76.525640878411323,3.2753078083929688],[-76.525603450340967,3.2753654213064478],[-76.52547387265065,3.2755031646127306],[-76.525461623403316,3.2755151623888699],[-76.525216193687257,3.2757555553028528],[-76.525161376767571,3.2758092474772327],[-76.52517129103974,3.2758730764964081],[-76.525205541810521,3.2760935949136707],[-76.525247501724223,3.2760806197687087],[-76.525326053867943,3.2760790563180162],[-76.525903992709374,3.2760675514756983],[-76.525933868709046,3.2760669566906788],[-76.526176643038468,3.2760621244988148],[-76.528050600205475,3.2760071082722226],[-76.528052986303521,3.2760071041607239],[-76.528575967419499,3.2760061188375533],[-76.528968362115151,3.2760049185602811],[-76.529273635273313,3.276002534452251],[-76.529275618296737,3.2760025192647406],[-76.529785351753929,3.2762913229459145]]]},"properties":{"Codigo":"74","Nombre":"Cinco Soles"}},{"type":"Feature","geometry":{"type":"Polygon","coordinates":[[[-76.547801661952079,3.2487288809246704],[-76.547541893450685,3.2494649080002085],[-76.547459809981461,3.2496974818544633],[-76.547532381725432,3.2497407538602219],[-76.547621352327809,3.2497896529293238],[-76.548233488245955,3.2501260879795715],[-76.549531912265948,3.2506952961911084],[-76.549600965117875,3.2504794864481656],[-76.549630092057342,3.2503954975227418],[-76.549693546686314,3.2502111364463824],[-76.550036181921399,3.2492156382039146],[-76.550116011564754,3.2489837003853306],[-76.550145604586874,3.248897719495635],[-76.55006321312753,3.2488582107464978],[-76.5498758192536,3.2487970548985912],[-76.549841868920083,3.24878597566748],[-76.549827466948017,3.2487812756893746],[-76.548502122799462,3.2483487483106366],[-76.548161442350903,3.2482375660685627],[-76.548040008074906,3.2481979362530997],[-76.547981028715498,3.2481764343760275],[-76.547801661952079,3.2487288809246704]]]},"properties":{"Codigo":"75","Nombre":"Quintas de Bolivar"}},{"type":"Feature","geometry":{"type":"Polygon","coordinates":[[[-76.542152137848291,3.2507217975726546],[-76.542121648663596,3.2507314193727619],[-76.541077752425693,3.2510608376417407],[-76.541099268742713,3.2511330294961214],[-76.541161232011291,3.2513409314359922],[-76.541238279499538,3.2515666534341774],[-76.541404768750013,3.2520544080935241],[-76.541654948911017,3.2519709570247586],[-76.54231322438558,3.2517546310375001],[-76.542526710206502,3.2516767749881206],[-76.542630522172502,3.2516389156244832],[-76.542345096627756,3.2509458296136096],[-76.542300023743493,3.2508363816007848],[-76.542245052287214,3.2507028947142609],[-76.542241254954973,3.250693675154253],[-76.542152137848291,3.2507217975726546]]]},"properties":{"Codigo":"76","Nombre":"Los Mandarinos"}},{"type":"Feature","geometry":{"type":"Polygon","coordinates":[[[-76.541043596545052,3.2516177248077081],[-76.539988029795737,3.2518946291022788],[-76.539797465719559,3.2521290050153535],[-76.539371050629654,3.2527054011417116],[-76.539308859216931,3.2528011359452096],[-76.539255457091272,3.2528833407890945],[-76.53938804119683,3.2528948041935863],[-76.539462303932311,3.2529062869872378],[-76.539523237708167,3.2529273400828158],[-76.53954414504561,3.2529397013092534],[-76.539587980750468,3.2529656176154349],[-76.539658435616687,3.2530268629110011],[-76.539664052924451,3.2530550005119974],[-76.539838699271058,3.2539297686175885],[-76.539907027238272,3.2542050208843172],[-76.539920289542366,3.2542584477216829],[-76.540485317555479,3.2541234459027111],[-76.540419475426575,3.2538718306807461],[-76.540766249033112,3.2537640787625435],[-76.540740097560459,3.2536983420322771],[-76.541266374871654,3.2534995115413938],[-76.541588923693809,3.253377650130338],[-76.541650513468582,3.2533543809700487],[-76.541798572430011,3.253298443944372],[-76.54160443840405,3.2526927437955262],[-76.541412109864339,3.2520759144711286],[-76.541404768750013,3.2520544080935241],[-76.541238279499538,3.2515666534341774],[-76.541043596545052,3.2516177248077081]]]},"properties":{"Codigo":"77","Nombre":"Rincón de Zaragoza"}},{"type":"Feature","geometry":{"type":"Polygon","coordinates":[[[-76.542793955520665,3.2496787115859371],[-76.542771885548774,3.2496992338105404],[-76.542740156923387,3.2497287396489121],[-76.542740306966479,3.2497291367168031],[-76.54257048552158,3.2498908113462051],[-76.542111573260698,3.2503277070064036],[-76.542094358557705,3.2503439788702542],[-76.542241254954973,3.250693675154253],[-76.542245052287214,3.2507028947142609],[-76.542300023743493,3.2508363816007848],[-76.542345096627756,3.2509458296136096],[-76.5423575872681,3.2509340559368347],[-76.542574062256818,3.2507595995000624],[-76.543132286422491,3.250309729063213],[-76.543155526887816,3.2502909997785019],[-76.543167487356286,3.2502813608613921],[-76.543195370671739,3.2502449052228806],[-76.54327340703135,3.2501428755288266],[-76.543204526404296,3.2500716939536356],[-76.543169137411965,3.2500351233027489],[-76.543149000075587,3.2500127881233976],[-76.543047769397091,3.2499005096690396],[-76.543014499927779,3.2498660543966369],[-76.543007754853036,3.2498590687037305],[-76.542941601689122,3.2497905571581955],[-76.542826875201101,3.2496717361314258],[-76.542814849891087,3.2496592820353696],[-76.542793955520665,3.2496787115859371]]]},"properties":{"Codigo":"78","Nombre":"Villa Elvira"}},{"type":"Feature","geometry":{"type":"Polygon","coordinates":[[[-76.516725821555511,3.2342017350791008],[-76.516863168362235,3.233778795508214],[-76.517156362559064,3.2339186865396194],[-76.517210377568574,3.2338695245266433],[-76.517386138250828,3.2336469188517012],[-76.517534518882101,3.2334480990681489],[-76.517791805116161,3.233087912533227],[-76.517872781620682,3.2329394952454078],[-76.517889004588923,3.2328744246533674],[-76.517877613086924,3.2328112531699191],[-76.517837406239636,3.2326970624524907],[-76.517634321096224,3.2321797443181879],[-76.517568949641301,3.232013420480917],[-76.517490457006204,3.2318997276226846],[-76.517396342231919,3.2318415942775793],[-76.517297815086138,3.2318003869276595],[-76.5170861969317,3.2317074986980732],[-76.517042774365734,3.2316693431246053],[-76.517009774858991,3.231637550537716],[-76.516992655842841,3.2316008383326316],[-76.516977435668522,3.2315730752020992],[-76.516878227239687,3.231299542609066],[-76.51673892305341,3.2307819107064919],[-76.516946148412373,3.2307178602555311],[-76.516946234797231,3.2307178340787779],[-76.517153374651727,3.2306538097579791],[-76.517164321073935,3.2306507791916608],[-76.517645620760419,3.2305175478962211],[-76.518317587832044,3.2303314498266071],[-76.518896280994454,3.2301880088403383],[-76.5191174497985,3.2300840752190565],[-76.519388320368193,3.2299107586853828],[-76.519552051979247,3.2297702831451778],[-76.519592321084929,3.2297030997507101],[-76.519531174207472,3.2296474327287079],[-76.5195105716016,3.2296286761785189],[-76.519490268298071,3.2296203499633456],[-76.519275643550003,3.2295323347384408],[-76.519271256735067,3.2295305354786148],[-76.519228169342696,3.2295128661445354],[-76.519118364052517,3.2294678357330517],[-76.518831731595867,3.2293502915391104],[-76.518699518251722,3.22929607190374],[-76.518663926300604,3.2292831804754005],[-76.518542802316063,3.2292393075899057],[-76.518219678253914,3.2291222675799927],[-76.517495152109689,3.2288598349437083],[-76.517494939824758,3.2288597579609699],[-76.517365579125524,3.2288129016381002],[-76.516770294829058,3.2285966737093896],[-76.516110218156882,3.2283569095664375],[-76.516054766595303,3.2283504338829485],[-76.515998174300904,3.2283438246320255],[-76.515764360640219,3.2300308936957522],[-76.51564401674166,3.2309787310228448],[-76.515643990538209,3.2309789353794462],[-76.515628922900945,3.2310976096765986],[-76.515593156690485,3.2312052581330262],[-76.515488906582775,3.2313966100572706],[-76.515345999723721,3.2315430791992639],[-76.515107879662892,3.2316805229252381],[-76.51488167730858,3.2317910559106835],[-76.516725821555511,3.2342017350791008]]]},"properties":{"Codigo":"79","Nombre":"Bonanza - Los Tulipanes"}},{"type":"Feature","geometry":{"type":"Polygon","coordinates":[[[-76.549831501429438,3.2436155268150357],[-76.549751512505779,3.2436594900610527],[-76.549690997029131,3.2436927502363999],[-76.549543232586615,3.2437739650359405],[-76.549521016181075,3.2438136423025226],[-76.549275754865349,3.244251658875231],[-76.549157728064756,3.2446194208765928],[-76.549229146837845,3.2446544286007741],[-76.54928381008709,3.2446812228011668],[-76.549302642914967,3.2446914223529233],[-76.549402604960804,3.2447455592667911],[-76.549569312135077,3.2448358417507555],[-76.549959127967099,3.2450469518708358],[-76.550616852198843,3.245512351676588],[-76.550943914890752,3.2457437790636501],[-76.551070369736095,3.245833258071201],[-76.551764863682848,3.2448623713850488],[-76.550152654454422,3.2437403023770388],[-76.550071741314298,3.243683988012624],[-76.550026388650551,3.2436634130986004],[-76.549977261697549,3.2436411261712825],[-76.549871894573798,3.2435933256526033],[-76.549831501429438,3.2436155268150357]]]},"properties":{"Codigo":"80","Nombre":"Arbore Country Club"}},{"type":"Feature","geometry":{"type":"Polygon","coordinates":[[[-76.543705404003148,3.242048304316635],[-76.543721305602205,3.2420702646490067],[-76.543774958330147,3.2421447930099383],[-76.543811998379098,3.2421962447536345],[-76.543818577643208,3.2422053834880327],[-76.543973792742136,3.2424209904841303],[-76.544101714723013,3.2421018597587743],[-76.544270405600798,3.2418090901521128],[-76.544393329683984,3.2416340146212912],[-76.544753547550144,3.2412854015638382],[-76.544819830193774,3.2412089553011292],[-76.544951360163907,3.2410572576968892],[-76.545065878097205,3.2409251807555735],[-76.545122396599211,3.2408599941911542],[-76.544971906999592,3.2406695638019891],[-76.544840411163833,3.24050316800641],[-76.544448491761116,3.2400072310681054],[-76.544407372778664,3.2399552002532364],[-76.543891882988561,3.2393028948058906],[-76.543792217715833,3.2391767897234414],[-76.543774882011618,3.2391548485340684],[-76.543534178902291,3.2394929008682674],[-76.54326260119096,3.2398827568360318],[-76.543005359146633,3.2401697370506493],[-76.542874370456104,3.240289299418377],[-76.542641026448109,3.2403992363585203],[-76.542114568185241,3.2405352369584559],[-76.542050912614272,3.2405550914506009],[-76.542607697699495,3.2411447054623319],[-76.543223684870853,3.24193176048276],[-76.543295025128387,3.2418720529287413],[-76.543305246839623,3.2418631980036454],[-76.543386997148474,3.2417923251264344],[-76.543468736644058,3.241721463086487],[-76.543705404003148,3.242048304316635]]]},"properties":{"Codigo":"81","Nombre":"Llano Grande (Sector en desarrollo)"}},{"type":"Feature","geometry":{"type":"Polygon","coordinates":[[[-76.542502459387492,3.2431253807833169],[-76.54224416113577,3.2432458321317124],[-76.542072730061292,3.2433157972366766],[-76.542074771221792,3.2433231629480117],[-76.542083180218384,3.2433464802942051],[-76.542119081961459,3.2434460402957073],[-76.542142037103972,3.243512744686452],[-76.542147880769335,3.2435297278500266],[-76.542151908902014,3.2435414325486804],[-76.542159956181948,3.2435648202379812],[-76.54218466667173,3.2436366312442595],[-76.54262303341649,3.2434494630766446],[-76.542678411885007,3.2434261398067479],[-76.542724883073106,3.2434065691761664],[-76.542771348861493,3.2433869985402737],[-76.542791332192621,3.243378580156377],[-76.542817820048029,3.243367425191872],[-76.542864291234011,3.2433478500324524],[-76.542910763317266,3.2433282766796347],[-76.542957231797345,3.2433087087482764],[-76.543049794394989,3.2432697246022228],[-76.543100703911506,3.2432482825943389],[-76.543244176011882,3.2431878555127902],[-76.543237255252095,3.2431728268805653],[-76.543175479781468,3.2430386627610579],[-76.543142881418788,3.2429635613559822],[-76.543302437432146,3.2428416222798129],[-76.54337620342794,3.2428966917223145],[-76.543973792742136,3.2424209904841303],[-76.543818577643208,3.2422053834880327],[-76.543811998379098,3.2421962447536345],[-76.543774958330147,3.2421447930099383],[-76.543551395773065,3.2423143305363906],[-76.543493712418481,3.2423580744794167],[-76.543140480974515,3.242625945606433],[-76.54320814633661,3.2427318633855093],[-76.543259453175864,3.2427967470617918],[-76.542907373935734,3.243080230533347],[-76.542868733620168,3.2429973986646314],[-76.542852762067724,3.2429596130147011],[-76.542502459387492,3.2431253807833169]]]},"properties":{"Codigo":"82","Nombre":"Bosques de Alejandría"}},{"type":"Feature","geometry":{"type":"Polygon","coordinates":[[[-76.548922977244828,3.2453508761133913],[-76.548876031866612,3.2454812843524956],[-76.548771355054782,3.245772063716041],[-76.548734246879917,3.2458751445843732],[-76.54866988577588,3.2460539319434054],[-76.548340292382079,3.2469695026496401],[-76.548332646201388,3.2469945315106794],[-76.54831676468676,3.247059839971707],[-76.548040008074906,3.2481979362530997],[-76.548161442350903,3.2482375660685627],[-76.548502122799462,3.2483487483106366],[-76.549827466948017,3.2487812756893746],[-76.549841868920083,3.24878597566748],[-76.5498758192536,3.2487970548985912],[-76.549922718376493,3.2486294300537959],[-76.549920273381872,3.2485956829350169],[-76.54997030398728,3.2484773532275981],[-76.549974175708002,3.2484681964875817],[-76.550009307652203,3.2483851068456651],[-76.550244533866149,3.2478287742440193],[-76.550282684399875,3.2477385439886373],[-76.55037339116187,3.2474878692494884],[-76.550469299488526,3.2471531531920594],[-76.550474667886249,3.2471344179603099],[-76.550465351198824,3.247126065468716],[-76.550494676285226,3.2470482113743819],[-76.5505002063273,3.2470335311174416],[-76.550542304198444,3.2469217687636891],[-76.5506155806696,3.2468620978697142],[-76.550632042446708,3.2468486929745519],[-76.550705646540919,3.2467887554746158],[-76.550870270572744,3.2466546974490398],[-76.551020496704027,3.246532365178791],[-76.55122099017764,3.2463690987952747],[-76.551278316397287,3.246328725447774],[-76.551525030692389,3.2461549706368804],[-76.551460597152726,3.2461093782218708],[-76.551439228731979,3.2460942588780797],[-76.551423786341786,3.2460833304544536],[-76.551149724881199,3.2458894088009749],[-76.551070369736095,3.245833258071201],[-76.550943914890752,3.2457437790636501],[-76.550616852198843,3.245512351676588],[-76.549959127967099,3.2450469518708358],[-76.549569312135077,3.2448358417507555],[-76.549402604960804,3.2447455592667911],[-76.549302642914967,3.2446914223529233],[-76.54928381008709,3.2446812228011668],[-76.549229146837845,3.2446544286007741],[-76.549157728064756,3.2446194208765928],[-76.548922977244828,3.2453508761133913]]]},"properties":{"Codigo":"83","Nombre":"Forestar Aqua (Sector en desarrollo)"}},{"type":"Feature","geometry":{"type":"Polygon","coordinates":[[[-76.551870233324678,3.2430262902429323],[-76.550856246694494,3.2432831559325206],[-76.55035118292443,3.2434110992406038],[-76.549871894573798,3.2435933256526033],[-76.549977261697549,3.2436411261712825],[-76.550026388650551,3.2436634130986004],[-76.550071741314298,3.243683988012624],[-76.550152654454422,3.2437403023770388],[-76.551764863682848,3.2448623713850488],[-76.55236197673787,3.2452779503430964],[-76.552419071704179,3.2453036641144637],[-76.552884814552797,3.24462254120199],[-76.552913342124356,3.2445954758199407],[-76.553147476629505,3.2443733409897568],[-76.553075897020179,3.2441857314897042],[-76.552551008172117,3.2429069833218396],[-76.552506501519801,3.242798555975106],[-76.552501928648297,3.2427874152995053],[-76.551984654976707,3.2429891098495052],[-76.551957444108425,3.2429997203061212],[-76.551923274391825,3.243013043656449],[-76.551892489160593,3.2430250466809016],[-76.55189148358555,3.2430209822216165],[-76.551870233324678,3.2430262902429323]]]},"properties":{"Codigo":"84","Nombre":"Ciudad de Dios I"}},{"type":"Feature","geometry":{"type":"Polygon","coordinates":[[[-76.549693546686314,3.2502111364463824],[-76.549630092057342,3.2503954975227418],[-76.549600965117875,3.2504794864481656],[-76.549531912265948,3.2506952961911084],[-76.55047804883759,3.2510755759967247],[-76.550485110132158,3.2510784137816238],[-76.55073280943634,3.2505711912944384],[-76.551099733829403,3.2498198252469952],[-76.551140184732077,3.2497369915494092],[-76.551212003831893,3.2496027131451628],[-76.551226311452368,3.2495759632372367],[-76.551292684679808,3.2494518689368324],[-76.551261463992432,3.2494356619742373],[-76.551263349115089,3.2494317608969499],[-76.55126032975754,3.24943507358432],[-76.550173937578052,3.2489113775547476],[-76.550145604586874,3.248897719495635],[-76.550116011564754,3.2489837003853306],[-76.550036181921399,3.2492156382039146],[-76.549693546686314,3.2502111364463824]]]},"properties":{"Codigo":"85","Nombre":"Ciudadela Oporto"}},{"type":"Feature","geometry":{"type":"Polygon","coordinates":[[[-76.550244533866149,3.2478287742440193],[-76.550009307652203,3.2483851068456651],[-76.549974175708002,3.2484681964875817],[-76.54997030398728,3.2484773532275981],[-76.549920273381872,3.2485956829350169],[-76.549922718376493,3.2486294300537959],[-76.5498758192536,3.2487970548985912],[-76.55006321312753,3.2488582107464978],[-76.550145604586874,3.248897719495635],[-76.550173937578052,3.2489113775547476],[-76.55126032975754,3.24943507358432],[-76.551263349115089,3.2494317608969499],[-76.551267880853104,3.2494267868936211],[-76.55131446018261,3.249339499989361],[-76.551574022191176,3.2488530895317846],[-76.551615885988809,3.24877463788386],[-76.551257111920151,3.2484127565077991],[-76.550282684399875,3.2477385439886373],[-76.550244533866149,3.2478287742440193]]]},"properties":{"Codigo":"86","Nombre":"San Marino"}},{"type":"Feature","geometry":{"type":"Polygon","coordinates":[[[-76.543877784272084,3.2514357311423261],[-76.54385165861909,3.2514762995876092],[-76.543774760186409,3.2515957078734554],[-76.543800790310172,3.2516136467520407],[-76.543771051770975,3.2516449387639548],[-76.543760943278357,3.2516555743053135],[-76.543286860204589,3.2521544169423979],[-76.543208200397601,3.2522371846670657],[-76.543055473639072,3.2523978872373505],[-76.543050686298713,3.2524029243596724],[-76.543060645937288,3.2524067485201988],[-76.54310458042103,3.2524314954757525],[-76.543190608222048,3.2524799547870309],[-76.543355503140376,3.2525578250067171],[-76.543559789562806,3.2526542968113374],[-76.543773150708631,3.2527727379686469],[-76.543778194817634,3.2527636126342272],[-76.543780442648014,3.2527595453782663],[-76.54379020404528,3.2527434304945944],[-76.543855807002004,3.2526438882391835],[-76.54397431675379,3.2524640685258315],[-76.544403289275181,3.2518445370916034],[-76.544382604298448,3.2518249678938806],[-76.544130239913244,3.2515862169615382],[-76.544041148522652,3.2515019331268671],[-76.54390269431569,3.2513970502311724],[-76.543877784272084,3.2514357311423261]]]},"properties":{"Codigo":"87","Nombre":"Villa Maite"}},{"type":"Feature","geometry":{"type":"Polygon","coordinates":[[[-76.528486313080663,3.2867642338928289],[-76.528501422014685,3.2867897832312454],[-76.528529847180721,3.2868251777812607],[-76.528622303384608,3.2868888597636978],[-76.528706272174574,3.2869297424114325],[-76.528817859985594,3.2869813119184612],[-76.52887530723379,3.2870053445983531],[-76.528958443406779,3.2870271487901128],[-76.529048929831134,3.2870468771445527],[-76.529141507784942,3.2870557695353941],[-76.529264107094804,3.2870637886441121],[-76.529329225254529,3.2870554588883447],[-76.529411373950794,3.2870154898874278],[-76.529459019083859,3.286984050190862],[-76.529494923768041,3.2869421313422147],[-76.529550818286737,3.2869179577021774],[-76.529671549614378,3.2868585458233146],[-76.52977536881977,3.2868099761903302],[-76.529888952767521,3.286791430105501],[-76.529960852187145,3.286783278568977],[-76.530031020416487,3.2867703251539577],[-76.530088655792284,3.286769501421662],[-76.530218294169103,3.286753717724876],[-76.530352957699932,3.2867509948445344],[-76.530475229430493,3.2867624463357807],[-76.530531095809266,3.2867618115071013],[-76.530565319570556,3.286756522102066],[-76.530591383949812,3.2867471923238334],[-76.530617164878535,3.2867296567850066],[-76.530619270135062,3.2867233142895005],[-76.530619899903343,3.286718454031853],[-76.530629998030136,3.28669477781881],[-76.530633151120782,3.2866907635637235],[-76.530653353008304,3.2866809838355939],[-76.530659951217615,3.2866769741880644],[-76.530670363423056,3.2866730019056751],[-76.53068035989196,3.2866658245608971],[-76.530689404857455,3.286652906206228],[-76.53069321345302,3.2866380732848355],[-76.530693689513768,3.2866246754609763],[-76.53068845233912,3.2866093655211914],[-76.530680358949951,3.2865997963057096],[-76.530658416369064,3.2865809124342173],[-76.530652694775611,3.2865613004802747],[-76.530615322340708,3.2864633543533541],[-76.530584234113903,3.2863713031866548],[-76.530543803084214,3.2862443038856317],[-76.530539214369554,3.2862278169057801],[-76.530537532480835,3.2862134358271877],[-76.530537954683425,3.2862047647418184],[-76.530537536899743,3.286202015444823],[-76.530538916838907,3.2861942455674633],[-76.53054216543832,3.2861817164910057],[-76.530544688477789,3.2861781223881703],[-76.530547236706923,3.2861547042691064],[-76.53054628422278,3.2861425038551828],[-76.530540571596717,3.2861279107624002],[-76.530519636970084,3.2860871244321213],[-76.530500082779326,3.2860194821021431],[-76.530500919144714,3.2859739420936682],[-76.530494157310031,3.2859000608106652],[-76.53049467387703,3.2858618445391627],[-76.530497458151572,3.2858411557225993],[-76.530497832158872,3.2858383761149619],[-76.530509301953117,3.2858138406683182],[-76.530532179130603,3.2857752858264826],[-76.530603943483982,3.2857159562899545],[-76.530605712032795,3.2857149408309905],[-76.530677043494421,3.2856739918200089],[-76.530746106586136,3.2856299407165181],[-76.530796079033507,3.2856104760324492],[-76.530915346419462,3.2855904643472571],[-76.530954373952696,3.2855949476025237],[-76.530958325379416,3.2855954010187909],[-76.53107533313495,3.2856356315346646],[-76.531149684397192,3.2856768939235579],[-76.531228910175585,3.2857253300725833],[-76.531229250165481,3.2857255382479824],[-76.531306696480016,3.2857752231552704],[-76.531377439804785,3.2857899785581925],[-76.531460980619286,3.2857906963216159],[-76.531577727231323,3.2858148644905141],[-76.531701356781824,3.2858408902361242],[-76.531836645935599,3.2858556629424855],[-76.531942043489749,3.2858561050911526],[-76.532096206692017,3.2858756474402684],[-76.532232372396123,3.2858817989915767],[-76.532253122340748,3.2858800487939956],[-76.532273233750729,3.2858744604022583],[-76.53229178423247,3.2858736105838506],[-76.532305265359767,3.2858698081637545],[-76.532335538508391,3.285865820524108],[-76.532358510989297,3.2858654171390178],[-76.53240311959604,3.2858700191496597],[-76.532475680904184,3.2858656739727841],[-76.53248675076857,3.2858634355697864],[-76.532508431746379,3.2858637160275919],[-76.532513299113461,3.2858641726527886],[-76.532519497564934,3.2858639599219974],[-76.532524144494829,3.2858644164263446],[-76.532529452488603,3.2858653299637575],[-76.532550701638812,3.2858671782380386],[-76.532567974899138,3.2858672229702934],[-76.532573948948595,3.2858676847230677],[-76.532636006055967,3.2858644288846235],[-76.532642433699436,3.2858646639064975],[-76.532702448707269,3.2858591606669623],[-76.532713987212929,3.2858571531142324],[-76.532727247696045,3.2858570491491794],[-76.532739244046169,3.2858552724431105],[-76.53274612720277,3.2858550600859568],[-76.532758568926525,3.2858532827193025],[-76.532763674681817,3.2858521614724991],[-76.532817287963582,3.2858201931286906],[-76.532893586253664,3.2857753753620274],[-76.532932756619402,3.2857487914355499],[-76.533000687489448,3.2856952896174567],[-76.533075800137269,3.2856583376800645],[-76.533099108431841,3.2856326367013842],[-76.533146090833938,3.2855404176058411],[-76.533206190673468,3.2854879053078738],[-76.533284791589466,3.2854227438482968],[-76.53338165541237,3.2853427754342106],[-76.533466760898492,3.2852802987604877],[-76.533563269760378,3.2852227413691839],[-76.533633485874162,3.2851726345791916],[-76.533701718434031,3.2851268004153718],[-76.533764589625576,3.2850872319155018],[-76.533826178536216,3.2850479258609826],[-76.533865580071307,3.2850047372776658],[-76.533875482938825,3.2849759235861948],[-76.533878298029265,3.2849513571307285],[-76.533853909548014,3.2849098491418292],[-76.533815808637385,3.2848606615866189],[-76.533808467888207,3.2848535362207043],[-76.533804652696617,3.284849065090294],[-76.533797226133956,3.28484256454799],[-76.533794536574717,3.284839657565608],[-76.533785643575513,3.2848328894536047],[-76.533779143374517,3.2848270803018633],[-76.533769957701736,3.284820787691038],[-76.533759010058887,3.2848149996202483],[-76.533730909231053,3.2848034490241114],[-76.533707415209477,3.284798326893537],[-76.533699291377687,3.2847950950101472],[-76.533689674414958,3.2847927078300123],[-76.533666931006934,3.2847888286155764],[-76.533643423793819,3.2847881330195876],[-76.533619762804548,3.2847906150453472],[-76.533599247174863,3.2847883729240461],[-76.533549568056316,3.2847896669434431],[-76.533540940792975,3.2847906388691692],[-76.533501896526232,3.2847871540554547],[-76.533470849874519,3.2847873667703369],[-76.533450050344911,3.2847893385235913],[-76.533406193024135,3.2848047418776911],[-76.533377255921252,3.2848188927975603],[-76.533365096666174,3.2848274344843671],[-76.533359320890767,3.2848296947853499],[-76.533304559503421,3.2848635163553279],[-76.533281267992422,3.2848748869282032],[-76.533247712086478,3.2848881481997543],[-76.533169906590061,3.2849383584218477],[-76.533137719250547,3.284954830698779],[-76.533115702065203,3.284959017310193],[-76.533083568455396,3.2849560281994261],[-76.533061550301284,3.2849470563568635],[-76.533029415868597,3.2849273205341314],[-76.533017514069655,3.2849123677692615],[-76.533007320874148,3.2848791653807088],[-76.533003035382194,3.2848542848703897],[-76.533001299689204,3.2848361816666638],[-76.533008199671372,3.2848082236193346],[-76.533061236985958,3.2846966549357854],[-76.533062910272818,3.2846921063240497],[-76.533128744552229,3.2845789955733027],[-76.533184448566146,3.2844643066978265],[-76.533189414561946,3.2844354812714247],[-76.533196494280844,3.2844095579919985],[-76.533207245114212,3.2843301637206244],[-76.533221578832737,3.2842206528306814],[-76.533224573939279,3.2842059505694774],[-76.53323210258749,3.2840953544148577],[-76.533229245662241,3.2840260121194587],[-76.533222879740009,3.2839367317319379],[-76.533188286968212,3.2838543483661651],[-76.533168733575025,3.2838181521519667],[-76.533123849291073,3.2837778031055183],[-76.533047252373976,3.2837197811777932],[-76.532962550985189,3.2836560459726178],[-76.532903272429309,3.2835563010258593],[-76.532845029158779,3.28347044848238],[-76.532815609590926,3.2833737718816995],[-76.532812787695761,3.2833178683931314],[-76.532800479852497,3.283227035693014],[-76.532809547782406,3.2831815770323232],[-76.53281853913127,3.2831512544831227],[-76.532829766148424,3.2831212804078813],[-76.532843269640225,3.2830943894284204],[-76.532857596606732,3.283073751221333],[-76.532876947550776,3.2830534422146811],[-76.53289182310381,3.2830415796229153],[-76.532895830840175,3.2830393870823831],[-76.532929117281768,3.2830251634913101],[-76.532942054071214,3.2830212748494105],[-76.533012878346511,3.2830075664421021],[-76.533015941252629,3.2830072226753493],[-76.533043290540121,3.2830108304144132],[-76.533056537404519,3.2830108846835606],[-76.533083594326129,3.2830177242257772],[-76.533105797941488,3.2830214268131246],[-76.533189132234497,3.283049247926312],[-76.533217435132514,3.2830647088277916],[-76.533313872719503,3.2831118339307195],[-76.533336525449485,3.2831269155519798],[-76.533353177514329,3.2831358808318294],[-76.533367396643044,3.2831415856881732],[-76.533410107330397,3.2831632905065704],[-76.533428487693357,3.2831707908615555],[-76.533591697303123,3.283268798453796],[-76.533731681766682,3.2833387899100788],[-76.533839356776639,3.2834016486773461],[-76.533891944990046,3.283424767771765],[-76.533954979129106,3.283443045526115],[-76.534007822518404,3.2834435229163654],[-76.534059499562701,3.283434530752094],[-76.534178409132053,3.2833935287409624],[-76.534329601728999,3.2833070173972008],[-76.53435518734814,3.2832943268623942],[-76.534410879288231,3.2832781992365327],[-76.534420266730564,3.2832740626690091],[-76.534430050640012,3.283275513981581],[-76.534460799904451,3.2832711005975512],[-76.534474843602254,3.2832717928139901],[-76.534558937481847,3.2832693862311562],[-76.534685746879461,3.2832981469986469],[-76.534738263053129,3.2833097515709193],[-76.534815798715542,3.283317353790308],[-76.53487343930523,3.2833182488224835],[-76.534950817423066,3.2833176869331147],[-76.535085403639528,3.2833124945540741],[-76.535106877934027,3.2833138826000634],[-76.535137807755277,3.2833116803046636],[-76.53519160603787,3.283313338261733],[-76.535238841682315,3.2833081751289983],[-76.535258710547723,3.283303427531397],[-76.535277382595382,3.2833023145641],[-76.535315238879321,3.283292978402883],[-76.535407689896118,3.2832582693072863],[-76.53544488948998,3.2832370213537789],[-76.535487258655337,3.2832063986308149],[-76.535524866131738,3.2831729048756899],[-76.535545336844692,3.283149937778536],[-76.535558108193172,3.2831224666957839],[-76.535558189367038,3.283095392020988],[-76.5355472401898,3.2830724259020516],[-76.535533434069109,3.28305328703048],[-76.535512486439529,3.2830346271660593],[-76.535437744445872,3.2829920446141632],[-76.535387758408405,3.2829819968527114],[-76.53533301041584,3.2829762563852469],[-76.53520427252964,3.2829564842912697],[-76.535169577890358,3.2829509193223982],[-76.535149124473236,3.2829501558016818],[-76.535133605737599,3.2829468014392802],[-76.535117992299774,3.2829455404776069],[-76.53509868144269,3.2829466530949221],[-76.535047793334712,3.2829542802571554],[-76.535030965578898,3.2829590729152249],[-76.53496463951025,3.2829703902431757],[-76.534920399937945,3.2829723754826685],[-76.534870740149969,3.2829696771131598],[-76.534828928758984,3.2829587367162523],[-76.534816442152476,3.2829537191873928],[-76.534716279241778,3.2828921722357927],[-76.534674553233558,3.2828530801443407],[-76.53465083824554,3.282814005108079],[-76.534649146690015,3.2827874150791541],[-76.534656287081546,3.2827706686406755],[-76.534670953280923,3.2827549029489451],[-76.534705513000375,3.2827286980237136],[-76.534879844167946,3.2826370690979139],[-76.534897737335399,3.2826270456517492],[-76.534919625611181,3.2826115434255141],[-76.534942719554635,3.2825976813501332],[-76.535059374625291,3.2825426369287563],[-76.535073233483118,3.2825340337432682],[-76.535126123084211,3.2825138198219586],[-76.53521995989108,3.2824769583510225],[-76.535260713153036,3.282462906940018],[-76.535274441526909,3.2824543389478302],[-76.535380872734407,3.2823743935570917],[-76.535487681317747,3.2823003832733493],[-76.535550853951491,3.2822486148802756],[-76.535565254369303,3.2822368143791603],[-76.535581424459409,3.2822235634406769],[-76.535656739179203,3.282149918510028],[-76.535702222609672,3.2820919821995598],[-76.535754186298078,3.2820117195498231],[-76.535799022565641,3.2819157977890865],[-76.535821305889016,3.2818717271295785],[-76.535830999993422,3.2818578107154295],[-76.535848452199701,3.2818245184830293],[-76.535874347809326,3.2817941282177245],[-76.535920241903057,3.2817170444819008],[-76.535933322127278,3.2816840048816749],[-76.535996524936891,3.2815727209101415],[-76.536023778324775,3.2815338219206032],[-76.536058566553109,3.2814757631150782],[-76.536114414859583,3.2814012520827665],[-76.536173826559448,3.2813192535754592],[-76.536231473592977,3.2812360758017349],[-76.536234995655406,3.281220134918057],[-76.536239786299987,3.2812076346785708],[-76.53623927764211,3.2811931493348609],[-76.536241728426518,3.2811632472952619],[-76.536247053941594,3.2811516290382277],[-76.536244616143435,3.2811356514564305],[-76.536250454758431,3.281125244335048],[-76.536253355646053,3.2811166496416777],[-76.536251263455,3.2810937832950984],[-76.536236581455015,3.2810721137291972],[-76.536228619622861,3.2810621367888961],[-76.536220373504847,3.281053772964142],[-76.536165796407289,3.2810098431855006],[-76.536158523254116,3.2810025107904544],[-76.536148289012857,3.2809952590772071],[-76.536139063559276,3.280967608727293],[-76.53613867145873,3.2809605739694674],[-76.53612968367031,3.2809460532710708],[-76.536127997614543,3.2809392583535923],[-76.536120354189066,3.2809261291982637],[-76.536117961572444,3.2809198267398871],[-76.53609911338809,3.2808905271432458],[-76.536091556359295,3.2808823752984009],[-76.536088618613576,3.2808792068452379],[-76.536083720700333,3.2808720140987706],[-76.536080994735556,3.2808631938897448],[-76.536076639655519,3.2808554624759223],[-76.53607417467326,3.2808482068466418],[-76.536073194181213,3.2808227086892252],[-76.536075739773395,3.2808038925077443],[-76.536078545819493,3.2807926391232809],[-76.536092593930789,3.2807683527570224],[-76.53611430154001,3.2807440425202432],[-76.536120576693463,3.280741687518129],[-76.536131070690629,3.2807276946675565],[-76.536136248127889,3.2807237294158589],[-76.536140467016494,3.280715352470887],[-76.536142433799014,3.2807087539630682],[-76.536145181164486,3.2806995379327941],[-76.536148159027036,3.2806933622822352],[-76.536149836745878,3.2806872230013484],[-76.536154033019542,3.2806790712145157],[-76.536159521277526,3.2806726699490794],[-76.536177505143897,3.2806578663944319],[-76.536180517907638,3.2806553857298981],[-76.536186541544666,3.28065059350378],[-76.536194556991504,3.280649544350779],[-76.536202797149826,3.2806422203864849],[-76.536260729268236,3.280602687863408],[-76.536270463059594,3.2805935687713879],[-76.536274349877218,3.2805886587289717],[-76.536288100673033,3.2805818324096045],[-76.536292072440546,3.280576226102724],[-76.536309592759025,3.2805651000788272],[-76.536321809851572,3.2805626352659103],[-76.536342595986667,3.2805536252675651],[-76.536351632287378,3.2805515539051076],[-76.536360705080568,3.280550220470706],[-76.53637706986612,3.2805496280014124],[-76.536398174789269,3.2805434423019695],[-76.536417464281044,3.2805418232322334],[-76.53644783546838,3.2805392733269696],[-76.53646273761953,3.2805363704811024],[-76.536482002877761,3.2805296204020271],[-76.536518132541573,3.2805217852789901],[-76.536544424550428,3.2805070694237632],[-76.536563780235156,3.2805028233971538],[-76.536578551486599,3.280495711868769],[-76.536597799698598,3.2804922163516057],[-76.536610893658406,3.2804887807934144],[-76.536632467196711,3.2804862170622626],[-76.53674820144623,3.2804831953282236],[-76.536817630791944,3.2804680751468536],[-76.536836666439314,3.2804666738670303],[-76.536862639387337,3.2804613516921566],[-76.536971023159282,3.2804575934598139],[-76.536982997028602,3.2804556719903397],[-76.537079734725779,3.2804197912298423],[-76.537181848107224,3.2803793584177843],[-76.537230356309891,3.2803632809605858],[-76.537302785044432,3.2803504574816564],[-76.537396950727512,3.2803457600622128],[-76.537465305614148,3.2803409934799594],[-76.537492973640695,3.2803474588470314],[-76.537557685546162,3.2803727564360443],[-76.537622738242504,3.2804236097124315],[-76.53771577241227,3.2804970964897273],[-76.537762903256692,3.2805243685743712],[-76.537849048398854,3.2805604588203261],[-76.537866456266798,3.2805694099654241],[-76.537879482832594,3.2805775566230895],[-76.537905707669296,3.2805907663692904],[-76.537922796617295,3.2806071995159405],[-76.537983613377136,3.2806798594738789],[-76.538010117372579,3.280711090252403],[-76.538057731392357,3.2807501184830592],[-76.538105998408994,3.2808029810417443],[-76.53812761185236,3.2808149484914804],[-76.538141664693867,3.2808186818156599],[-76.538216596323821,3.2808566206824934],[-76.53822345587372,3.2808617879474844],[-76.53824060839473,3.2808821729141942],[-76.538250104850221,3.2809163153681897],[-76.538328361215648,3.2809858142787771],[-76.538355211094327,3.2808786810560386],[-76.538357562234907,3.2808683841638064],[-76.538405197385913,3.2806597789634671],[-76.538447786997565,3.2805263282795951],[-76.538465895869692,3.2804695860374768],[-76.53852113579228,3.2803176791046926],[-76.538562947997875,3.2802026992157902],[-76.538605091532887,3.2800855971110225],[-76.538682114963748,3.2798715738372142],[-76.538711829123983,3.2797887253017599],[-76.538729320973076,3.2797399532138547],[-76.538762871040049,3.2796464070746043],[-76.538776526968078,3.2796083316815716],[-76.538801519232109,3.2795222070223846],[-76.538827511665971,3.2794367077735376],[-76.538840793601082,3.2793930182833404],[-76.538869357277633,3.2792961280531485],[-76.538890780012721,3.2792440935616392],[-76.538912203644969,3.2791920590697288],[-76.538980041690138,3.2790449272661304],[-76.539044310868093,3.2789121529029974],[-76.53908252462962,3.2788010025438772],[-76.539120739280676,3.2786898521821435],[-76.539176538764437,3.2785275514549186],[-76.539212625800786,3.2784225880605362],[-76.539246293269017,3.2783246624270332],[-76.539279960729303,3.2782267367911193],[-76.539288868549463,3.2781956635268328],[-76.539297777269141,3.278164589358517],[-76.539323395853856,3.278099973781329],[-76.539349013534959,3.2780353582023625],[-76.539386963558727,3.2779276385900338],[-76.539426202151205,3.2778162626813176],[-76.539472380136189,3.2776851885320619],[-76.539519022174716,3.2775527979680237],[-76.539583155394851,3.2773794113554082],[-76.539617195719188,3.2772873819324073],[-76.539659584153156,3.2771727820659211],[-76.539694491260136,3.277078407351028],[-76.539737690606444,3.2769616158920538],[-76.539772983338423,3.2768662014345624],[-76.539809527603651,3.2767674019501953],[-76.540268875800891,3.2754188534121655],[-76.540289768869357,3.2753575151366787],[-76.54029410968937,3.2753447704600807],[-76.540295005428533,3.2753421403334597],[-76.540616058990196,3.2743995911124264],[-76.540795015863296,3.2738915918477818],[-76.541047624393826,3.2731745199039577],[-76.541123186551857,3.2729600225053042],[-76.541028332715499,3.2729386192070562],[-76.540891970157844,3.2729078503631794],[-76.540820566554487,3.2728838851067779],[-76.540572976003318,3.2729076788729814],[-76.540315833889565,3.2729888895903589],[-76.538565448573209,3.2735473724167865],[-76.538575209046769,3.2736009447921739],[-76.538576779235157,3.2736006589768172],[-76.538578081507751,3.2736067239146927],[-76.538642267149314,3.2739056206248125],[-76.538830929959815,3.2747841756345371],[-76.536643886423732,3.2752496211611968],[-76.536412145922938,3.2754947496755009],[-76.536042500957834,3.2758857499708105],[-76.534240445629038,3.2777836076164024],[-76.534157111279285,3.2778716454590495],[-76.534151445027618,3.2778661008259138],[-76.533811056395308,3.2775329930297046],[-76.533411731321863,3.2771422102640178],[-76.532796405193295,3.2765400453087086],[-76.532461809648197,3.2762124981773377],[-76.532013966209888,3.2757740889291584],[-76.531877700715512,3.2756423503105321],[-76.531530546837359,3.2759766008119908],[-76.530936786629169,3.2765951686170323],[-76.530715743903301,3.2768293340471324],[-76.530149422659804,3.2774432591139573],[-76.529760685174182,3.2778672104492026],[-76.528621181011957,3.2790519994073342],[-76.527767503318927,3.2799396726180858],[-76.527043394067334,3.2807049129999286],[-76.526800646176511,3.2809733146232292],[-76.526600903943773,3.281258021837564],[-76.526462128769126,3.2814968252998979],[-76.52633552131141,3.2817739171071669],[-76.526280596853937,3.2819132335787065],[-76.526248545899747,3.2820158111393174],[-76.526192063679005,3.2822163775440227],[-76.526132508885482,3.2824644124492846],[-76.52597982908965,3.2830554022389871],[-76.525872945730498,3.2834810384738553],[-76.525674465315859,3.2842404435861314],[-76.525541626155004,3.2847671305498993],[-76.525451552283982,3.2851009002507734],[-76.525326350238984,3.2855908398161238],[-76.525292443574301,3.2857133677907129],[-76.525230174646879,3.285938387574916],[-76.525201706558121,3.2860418966614446],[-76.52519454919036,3.2860679210847832],[-76.52526361526337,3.2860892022954142],[-76.525264131628745,3.2860893608342443],[-76.525361361299957,3.2861011182419233],[-76.525448481180874,3.2860953763901906],[-76.525551309588707,3.2860652317336863],[-76.525569032964768,3.2860549750787817],[-76.525645569647352,3.2860106852635669],[-76.525704125630185,3.2859733648345553],[-76.525781247129629,3.2859389140903201],[-76.525863880848618,3.2859217619948771],[-76.525947065804729,3.2858740250398433],[-76.526014516922118,3.2858623960996955],[-76.526109064908823,3.2858585799376341],[-76.526195677430835,3.2858641134237687],[-76.526286087198017,3.2858575712058897],[-76.52636301603404,3.2858364170996199],[-76.526415289194347,3.2858103715429889],[-76.52644696555133,3.2858103619655141],[-76.526551671174971,3.285845123307769],[-76.526638635780984,3.2858862519221366],[-76.526708372215523,3.2859386819462713],[-76.526758604480776,3.2860001269625987],[-76.526817635528175,3.2860661553097192],[-76.52683913277167,3.2861028545778206],[-76.526839535151481,3.286136968533321],[-76.52683684187727,3.286155648027246],[-76.526826694679826,3.2862260266238263],[-76.526807753408875,3.2863094954872127],[-76.526815846283085,3.2864069064126848],[-76.526832428079501,3.2864192664956993],[-76.526899801109295,3.2864500354624191],[-76.527010407856878,3.2864740009120523],[-76.527091011817404,3.2864781546620652],[-76.527153380452745,3.2864580803108057],[-76.527181943475398,3.2864322431461668],[-76.527207651043781,3.2863992278919354],[-76.527280487934576,3.286318844461344],[-76.527337615441041,3.2862858294055508],[-76.527430447125781,3.2862485079350523],[-76.527541846139954,3.286214057017768],[-76.527628964873074,3.2861595109160087],[-76.527713227455962,3.2860891750872128],[-76.527722106119427,3.2860743874890104],[-76.527763213274625,3.2860059213954025],[-76.527787492389407,3.2859097491580642],[-76.52781034267592,3.2857906096726954],[-76.527816054595732,3.2857159684538728],[-76.527828907218208,3.2856456329268031],[-76.527844617520287,3.2855652495144461],[-76.527884605352597,3.2854819957101813],[-76.527937447265387,3.2854145308145566],[-76.527988862999663,3.2853685973679112],[-76.528050273876659,3.2853327107645911],[-76.528114542141012,3.2853169219509719],[-76.528183095575415,3.2853197920730737],[-76.528235938162055,3.2853284039468202],[-76.528283068649628,3.2853528053259931],[-76.528310204499206,3.2853815127831179],[-76.528331626910955,3.2854317520403544],[-76.528404466332859,3.2855752926079989],[-76.528441599788934,3.2856556753681212],[-76.52847016421066,3.2857374939443442],[-76.528493724120636,3.2857998167075362],[-76.528502770062588,3.2858361808155845],[-76.528504496931305,3.2859196729015379],[-76.528493504215106,3.2860392213746281],[-76.528497697063159,3.2861066427311463],[-76.528493015087761,3.2862229988977782],[-76.528488557522067,3.2863057415227335],[-76.528480776726823,3.2863383199921379],[-76.528450050341078,3.2864208717742351],[-76.528440979417539,3.2864614842191595],[-76.528443818840174,3.2866066382924037],[-76.528462777525647,3.2866984838505755],[-76.528476694711571,3.2867479647803366],[-76.528486313080663,3.2867642338928289]]]},"properties":{"Codigo":"88","Nombre":"Sector de Pangola (Sector en desarrollo)"}},{"type":"Feature","geometry":{"type":"Polygon","coordinates":[[[-76.524694730615906,3.2858743334960976],[-76.524701117857148,3.2858743931128394],[-76.524704104766911,3.2858748225058099],[-76.524718670183475,3.285875766549633],[-76.524745583069503,3.285879437582973],[-76.524767286946059,3.285885468650136],[-76.524771452197456,3.2858881178440056],[-76.524778824667109,3.2858897948918475],[-76.524809366219785,3.2859032732387106],[-76.524831265347856,3.2859109285315387],[-76.5248579242689,3.2859166702623877],[-76.524894105083661,3.28592910998981],[-76.524926478119809,3.2859367656747831],[-76.5249617064826,3.2859501616176305],[-76.524997887588157,3.2859702580295322],[-76.525055014406021,3.2859941813074776],[-76.525086435128813,3.2860123624828614],[-76.525126806615233,3.2860335997291892],[-76.525127116936957,3.2860337626751157],[-76.52519454919036,3.2860679210847832],[-76.525201706558121,3.2860418966614446],[-76.525230174646879,3.285938387574916],[-76.525292443574301,3.2857133677907129],[-76.525326350238984,3.2855908398161238],[-76.525451552283982,3.2851009002507734],[-76.525541626155004,3.2847671305498993],[-76.525674465315859,3.2842404435861314],[-76.525872945730498,3.2834810384738553],[-76.52597982908965,3.2830554022389871],[-76.526132508885482,3.2824644124492846],[-76.526192063679005,3.2822163775440227],[-76.526248545899747,3.2820158111393174],[-76.526280596853937,3.2819132335787065],[-76.52633552131141,3.2817739171071669],[-76.526462128769126,3.2814968252998979],[-76.526600903943773,3.281258021837564],[-76.526800646176511,3.2809733146232292],[-76.527043394067334,3.2807049129999286],[-76.527767503318927,3.2799396726180858],[-76.528621181011957,3.2790519994073342],[-76.529760685174182,3.2778672104492026],[-76.530149422659804,3.2774432591139573],[-76.530715743903301,3.2768293340471324],[-76.530670738835923,3.2767917493277774],[-76.530586471413585,3.2767436676812434],[-76.530556959334348,3.2767268279253736],[-76.530475624153212,3.2766804190231142],[-76.53045999339362,3.2766715003955973],[-76.53029027491813,3.2765746600029031],[-76.530177264825696,3.2765112446443498],[-76.529785351753929,3.2762913229459145],[-76.529275618296737,3.2760025192647406],[-76.529273635273313,3.276002534452251],[-76.528968362115151,3.2760049185602811],[-76.528575967419499,3.2760061188375533],[-76.528052986303521,3.2760071041607239],[-76.528050600205475,3.2760071082722226],[-76.526176643038468,3.2760621244988148],[-76.525933868709046,3.2760669566906788],[-76.525903992709374,3.2760675514756983],[-76.525326053867943,3.2760790563180162],[-76.525247501724223,3.2760806197687087],[-76.525205541810521,3.2760935949136707],[-76.52517129103974,3.2758730764964081],[-76.525161376767571,3.2758092474772327],[-76.524970886684258,3.2758933628564626],[-76.524643298167433,3.2759391196799039],[-76.524335275034943,3.2759164328115089],[-76.524224337843179,3.275908261546332],[-76.523660732731216,3.2757088821503748],[-76.523257080264969,3.2755478738766723],[-76.522876289592432,3.2753715647971271],[-76.52276659908064,3.2753364188823739],[-76.522541167548496,3.2752641893630288],[-76.522266945001249,3.275233410959741],[-76.521991344195172,3.2753150847056611],[-76.521931709152241,3.2753327576419289],[-76.521649865274867,3.2753096315101624],[-76.521618600328949,3.2752886570023816],[-76.521439829854614,3.2755101807430784],[-76.521409684771697,3.2755109561053097],[-76.521400857907295,3.275518354666632],[-76.521367582987139,3.2755462427308411],[-76.521080732920367,3.2757904672909386],[-76.520980658026602,3.2758756704117968],[-76.520965650616631,3.2758884478967585],[-76.52043330139918,3.2763416891951893],[-76.519671594368972,3.2769636910669453],[-76.519171722973411,3.2773644036776868],[-76.518495404283911,3.27805518688149],[-76.517949906985962,3.2786117765630944],[-76.517792010160093,3.2787728851108913],[-76.517787797044093,3.2787771202788387],[-76.517421297223905,3.2791455418397453],[-76.517355669786909,3.2792115131759068],[-76.517388864669186,3.2792389437748533],[-76.517484580948945,3.2793802016670299],[-76.517532377892593,3.2794816028845402],[-76.517579262098266,3.2796015398593164],[-76.517668033624403,3.2798199845964486],[-76.51768445168031,3.2798545515149682],[-76.517696381449241,3.2798898429660457],[-76.517712795008251,3.279924409881867],[-76.517739203718904,3.2799994578240126],[-76.517760281474523,3.2800599806720689],[-76.517794301555071,3.2801648810076083],[-76.517873041134848,3.280540184817371],[-76.517926029786793,3.2806688245515963],[-76.517974177513864,3.2807641156283345],[-76.51801878957302,3.2808524099838836],[-76.518068774770697,3.2809327929525445],[-76.518161606731155,3.2809801615055263],[-76.518271427685065,3.2809868082608329],[-76.518332161652438,3.2809789098690043],[-76.518474192519221,3.2809204092571904],[-76.518560005003195,3.2808766279640267],[-76.518651547616187,3.2808285119658391],[-76.518686359698819,3.2808149308743504],[-76.518736050902987,3.2807880893825603],[-76.518850227910676,3.2807485841133803],[-76.518903194361442,3.2807440552581979],[-76.518931799267904,3.2807416098035009],[-76.519011565067572,3.2807504578591917],[-76.51907835897812,3.2807713357309045],[-76.519177193030401,3.2808091672287891],[-76.519266716347815,3.2808523333725983],[-76.519358668366436,3.2809014448135696],[-76.519421472373168,3.2809361796824952],[-76.519549521929903,3.2810111642761814],[-76.519699834122321,3.2811113857818155],[-76.519813420774099,3.2811792752736686],[-76.519931279871727,3.2812966367088268],[-76.520019327423739,3.2813987567040139],[-76.520108859552451,3.2814879017686751],[-76.520147066590596,3.2815291193036091],[-76.520188846071065,3.2815840895760178],[-76.520247335924537,3.2816723934451213],[-76.520289830413432,3.2817360164284022],[-76.520335640815006,3.2818022176080714],[-76.520372948895812,3.2818615549370969],[-76.520419976926689,3.2819305130930698],[-76.520468310427333,3.2819963250246893],[-76.520511223432592,3.2820597456744434],[-76.520717838837115,3.2823046236867239],[-76.520939244848904,3.2825793137625041],[-76.521039203908188,3.2826869439127182],[-76.521115818064246,3.2827918345530414],[-76.521216734804014,3.2828826254071291],[-76.521286033983046,3.2829454530946367],[-76.521370884291244,3.2829838445083968],[-76.521502145911612,3.2830400810155886],[-76.521563051805501,3.2831038896839728],[-76.521579132981103,3.2831248177707786],[-76.521593780976445,3.2831585752245314],[-76.521590460851428,3.2831977845975628],[-76.521581891153886,3.2832427604541095],[-76.521571419085234,3.2832752966410301],[-76.521498390184476,3.2834407159933194],[-76.521458909806313,3.2835249147424195],[-76.521443544490523,3.2835696543948578],[-76.521408134160538,3.2837439740440555],[-76.521402223578221,3.2839134649511217],[-76.521400514631864,3.2840555724728016],[-76.521406250326933,3.2841143947770219],[-76.521415552126584,3.2841626785875042],[-76.521438210205432,3.2842441647991398],[-76.521489430868655,3.2843625053222847],[-76.521512457619338,3.2843956127500236],[-76.521626801117478,3.2845438050243705],[-76.521822780908252,3.2847537702124852],[-76.522090194296311,3.2849403403986401],[-76.522375038254097,3.2850947589263204],[-76.522547068288333,3.2851886856966579],[-76.522690845192159,3.2852506903646672],[-76.522752304166076,3.2852778481336897],[-76.522832929839751,3.285301035870793],[-76.522949447363771,3.2853531395280569],[-76.523142304756192,3.2854225758874285],[-76.523423775721497,3.2855104549888332],[-76.523603009573876,3.2855761154727579],[-76.523610110000632,3.2855799961497776],[-76.523824741180562,3.2856675512642752],[-76.523949707639844,3.2857094165462959],[-76.523987197579189,3.2857201813690571],[-76.524063368276373,3.2857506832083758],[-76.524166316105536,3.2857895592664326],[-76.524240701773877,3.285806903476844],[-76.524299027193734,3.2858190643587828],[-76.524396143661022,3.2858353315232196],[-76.524523728559203,3.2858573416318562],[-76.524557052397867,3.2858621249034337],[-76.524579903537258,3.2858630825988628],[-76.524650022397793,3.2858726971861056],[-76.524660017462054,3.2858713860849824],[-76.524667007635713,3.285871255230318],[-76.524694730615906,3.2858743334960976]]]},"properties":{"Codigo":"89","Nombre":"Ciudad Country"}},{"type":"Feature","geometry":{"type":"Polygon","coordinates":[[[-76.503859928764669,3.2792100268226281],[-76.503942415440704,3.279251087671144],[-76.503981198740789,3.279291654938159],[-76.504022801116307,3.2793902939991542],[-76.504072391681504,3.2794756915513683],[-76.504133232599614,3.279666788609084],[-76.504199234318435,3.2798517294862988],[-76.504239018931855,3.2799667533149317],[-76.504276559088737,3.2800669038249239],[-76.504321436121984,3.2801599715998861],[-76.50435860434682,3.2802291480002248],[-76.504423866543291,3.2803145590833784],[-76.504424291750993,3.2803152031856588],[-76.504473165495554,3.2803891917385077],[-76.504531093903907,3.2804162562300343],[-76.50466412166486,3.2804918214334662],[-76.504741543278499,3.2805434116448904],[-76.504789102470625,3.2805669434132336],[-76.5048220023575,3.2805792779155305],[-76.504871000816181,3.2806017796122235],[-76.504895425541051,3.2806103555136392],[-76.505042340941898,3.2806587374247065],[-76.505185238377237,3.2806940526637023],[-76.505329671607512,3.2807025862719161],[-76.505452035423303,3.2806965525630529],[-76.505582699979499,3.2806624081791163],[-76.505675223876608,3.2806092290864579],[-76.505765705977865,3.2805565570251782],[-76.505831254465946,3.2805231474959644],[-76.505871076731083,3.2804962395471762],[-76.50589165639812,3.2804851050194923],[-76.505905942599142,3.2804752356056355],[-76.505918771507666,3.2804632918075627],[-76.505942135845004,3.2804458360475857],[-76.505955441410919,3.2804326626815223],[-76.506026684581002,3.2803670870225723],[-76.506048195906132,3.2803345863488258],[-76.506077668594159,3.2802996034304002],[-76.506107316658984,3.2802552349358955],[-76.5061513994183,3.2802040852733336],[-76.506216975104763,3.2801147785542715],[-76.506332095788594,3.2799410626103209],[-76.506355033293829,3.2798591981944707],[-76.506353865196999,3.2797311945940519],[-76.506352390801396,3.2797085221736224],[-76.50635365607063,3.2796557699565607],[-76.506354267057375,3.2796302818530836],[-76.506356687195364,3.2796099284682705],[-76.50636184770454,3.2795867905218321],[-76.506388418352273,3.2795381727757977],[-76.506401081427924,3.2795187639193548],[-76.506440697502896,3.2794698208672663],[-76.506446345934634,3.2794620670632035],[-76.506515611923561,3.279366987597983],[-76.506589608353337,3.2792772796341514],[-76.506618185475105,3.2792475456088717],[-76.506754891838,3.2791176505143649],[-76.50679143160292,3.2790831427483664],[-76.506878157178122,3.2790081504006121],[-76.506950835639074,3.2789577784735489],[-76.506997428293744,3.278919784969982],[-76.507100531481541,3.2788499329417027],[-76.507222245250247,3.2787696650279785],[-76.507326072639941,3.2786983212983891],[-76.507367276505732,3.2786734966509092],[-76.507773646241731,3.2784197722197939],[-76.508150772269488,3.2781603681879483],[-76.508460881478698,3.2779567180277245],[-76.508702000875275,3.2778772631806321],[-76.508996318755294,3.2777834793007665],[-76.509097326507941,3.2777593696017369],[-76.509134296123619,3.2777505457660649],[-76.509271477263425,3.2777462435549052],[-76.509456798745077,3.2777576863114479],[-76.509702222885593,3.2777746803716936],[-76.509766946677189,3.2777848218276078],[-76.509865772097086,3.2778078481068134],[-76.509922723286934,3.2778192511413691],[-76.509994703175948,3.2778410295705762],[-76.5100715135424,3.2778583634195173],[-76.510147348532897,3.277888595578113],[-76.510182384711413,3.2778987825100017],[-76.510298828119204,3.2779484692670566],[-76.510382304868202,3.2779941357515998],[-76.510486765621138,3.2780598497368145],[-76.510526292625272,3.2780871819422699],[-76.510579837424373,3.2781242062190654],[-76.510657385230985,3.2781709861182833],[-76.510792954727094,3.2782615560521977],[-76.510825769479084,3.2782797483346107],[-76.511042751801966,3.2783808624862263],[-76.511309663625156,3.2785082792696105],[-76.511473986410806,3.2785741872332479],[-76.511583530737141,3.2786080104091009],[-76.511703303164651,3.2786435910010234],[-76.511798552658959,3.2786499624755474],[-76.511926925953247,3.2786449857404141],[-76.512036533564512,3.2786382729462145],[-76.512197226895978,3.2786016451698079],[-76.512265257730533,3.2785549533640093],[-76.512325246113079,3.2784612797312591],[-76.512373612376138,3.2783279569853279],[-76.512407587754936,3.2782051855386487],[-76.512424719133136,3.2781081950574147],[-76.512425770665345,3.2781022390570684],[-76.512457973878369,3.2780029357901168],[-76.512488138387127,3.2779676003464808],[-76.512512307774912,3.277932607849245],[-76.512516284823505,3.2778776786540655],[-76.512612263149947,3.2777619605682604],[-76.512619253624194,3.2777547536740683],[-76.51266782933304,3.2777194820072966],[-76.512704935188481,3.277701940698746],[-76.512723611242237,3.2776950189464786],[-76.512800791191239,3.2776743407242899],[-76.512818690296669,3.2776714797226978],[-76.512852439782435,3.277657789711609],[-76.512910322266194,3.2776418815632677],[-76.51293140096395,3.2776295073587516],[-76.512935563957058,3.2776280348094748],[-76.51299904464986,3.2776055827231385],[-76.513064546063106,3.2775688221978632],[-76.513172482388683,3.2775113944913441],[-76.513187142078991,3.2775027730925168],[-76.513237118017443,3.2774862862198613],[-76.51336671381452,3.2774879321233321],[-76.513408105946468,3.2774865222327731],[-76.513533034060231,3.2774975764821401],[-76.51356318961875,3.2775038476495313],[-76.513619511031465,3.2775217239760508],[-76.513682490062223,3.2775515896037035],[-76.51375965568009,3.277593454214522],[-76.513883026519196,3.2776878628374999],[-76.51395070197762,3.2777389947232485],[-76.514022001601589,3.277799721426335],[-76.514062696933152,3.2778408808535602],[-76.514120583148454,3.2779051601845866],[-76.51435396638027,3.2780880168261435],[-76.514368068030308,3.2780942463492817],[-76.514389785125701,3.278108352071579],[-76.514589612429589,3.2781632200593513],[-76.514823930282873,3.2782935836548277],[-76.515138560202772,3.2783693793577298],[-76.515523892487437,3.2784834231593418],[-76.51559212655539,3.2785124759734834],[-76.515790157038623,3.2785967920458612],[-76.516069776730873,3.2787612484777453],[-76.51625003683165,3.2788452307250684],[-76.516459085725899,3.2789115818072108],[-76.516648000208136,3.2789394726438048],[-76.516944106652474,3.2790268504904749],[-76.517027863000294,3.2790608394617191],[-76.517125603393538,3.2790990512161402],[-76.517178372033271,3.2791167463188233],[-76.517268429660689,3.2791499936749746],[-76.517303579250296,3.2791684665091894],[-76.517355669786909,3.2792115131759068],[-76.517421297223905,3.2791455418397453],[-76.517787797044093,3.2787771202788387],[-76.517792010160093,3.2787728851108913],[-76.517949906985962,3.2786117765630944],[-76.518495404283911,3.27805518688149],[-76.519171722973411,3.2773644036776868],[-76.519671594368972,3.2769636910669453],[-76.52043330139918,3.2763416891951893],[-76.520965650616631,3.2758884478967585],[-76.520980658026602,3.2758756704117968],[-76.521080732920367,3.2757904672909386],[-76.521367582987139,3.2755462427308411],[-76.521400857907295,3.275518354666632],[-76.521409684771697,3.2755109561053097],[-76.521439829854614,3.2755101807430784],[-76.521618600328949,3.2752886570023816],[-76.521238658763863,3.2750337716423021],[-76.520621714550714,3.274864986805242],[-76.519654468263667,3.2744892835713348],[-76.519485549870609,3.2744568478593612],[-76.519014645277124,3.2743664233344902],[-76.519007203967334,3.2743657545121243],[-76.518329083100511,3.2743047878224738],[-76.517902477218712,3.2743275178516749],[-76.517789071581802,3.2742997692148563],[-76.517750006053618,3.2742902105927372],[-76.517369307697649,3.2741970606316819],[-76.516921140752032,3.2740935699951179],[-76.515906890195012,3.2738593576688491],[-76.515328053473411,3.2736599654665817],[-76.514353077666499,3.2734909753773791],[-76.513507492689342,3.2735211228992567],[-76.51288350991112,3.2735697649268061],[-76.512532381262375,3.2735971355341489],[-76.51193053797364,3.2736733587455018],[-76.511706220213085,3.2736922453498125],[-76.511298236410326,3.2737265951911421],[-76.510117545013841,3.2736263916879529],[-76.509020852303479,3.2731663848019208],[-76.506812216190937,3.2722769849719535],[-76.506621972848151,3.2719246822747179],[-76.506235329373894,3.271853132222124],[-76.506072378079793,3.271443009988924],[-76.505317940286673,3.2698060767016468],[-76.504788471864842,3.2686572675420473],[-76.504264652806185,3.2688388065234735],[-76.503093216599027,3.2692209527256653],[-76.502464600266393,3.2694981346131424],[-76.501597838113383,3.2699378767475475],[-76.500330927779586,3.2707602062512176],[-76.499664051107374,3.2713340483216506],[-76.499321057341973,3.2716783867171797],[-76.499044696703436,3.2720610450159473],[-76.498958893508544,3.272242834325112],[-76.498911211334232,3.2723672221502969],[-76.498901584331165,3.2725490555797467],[-76.49891104665214,3.2726543362294831],[-76.499015784644385,3.2726639670544539],[-76.499225238692901,3.2727215119382924],[-76.499329909970584,3.2728459880094083],[-76.49945356635844,3.2730757511459854],[-76.499499883556368,3.2732105385432373],[-76.499547203187248,3.2733482446767592],[-76.499568625446614,3.2733769530352883],[-76.499603768610783,3.2734589467133759],[-76.499665485803902,3.2735588029173299],[-76.49968332841955,3.2736198458470276],[-76.499713112263862,3.2737656162684639],[-76.499724805058179,3.2738866473981969],[-76.499748372896875,3.273986515882263],[-76.499781005565438,3.2740642904796466],[-76.499806114938849,3.2742421597243898],[-76.49982369912226,3.2744292104308088],[-76.499852115566867,3.2746060986229701],[-76.499919743040294,3.2747108694670746],[-76.500003163936,3.2748006942365779],[-76.500065952649535,3.2748631340858765],[-76.50009937754065,3.274927613305965],[-76.500111341781334,3.2749785012302692],[-76.500121180945271,3.2751077784512432],[-76.500158423644237,3.2752236608507919],[-76.500203722506129,3.2753128784753724],[-76.500257380136489,3.2753702010627772],[-76.500300978766816,3.275449567227867],[-76.500321924324695,3.2755299502776256],[-76.50034191635892,3.2756304288999649],[-76.500341916153403,3.2756543529002147],[-76.500343819269233,3.2756744492210914],[-76.500341914874838,3.2757194249868],[-76.500328583630392,3.2757758841000038],[-76.500307269489809,3.275817489183233],[-76.500306059148315,3.2758209881004317],[-76.500226641588469,3.2759501096803492],[-76.500125344810741,3.2760800270246984],[-76.500019095460985,3.2762059833922068],[-76.499935455525943,3.276350571342137],[-76.499892608543391,3.2764510497486978],[-76.499869447117831,3.2765399130471478],[-76.499866266311642,3.2765984271553008],[-76.499871172133737,3.276679172585351],[-76.49989348185737,3.2767121262185377],[-76.499921105413165,3.2767324888285332],[-76.499996768575485,3.2767617820306665],[-76.500062301188308,3.2767966307694376],[-76.500162798387606,3.2768437963353141],[-76.500256962002595,3.2769026317565384],[-76.500297556991953,3.2769559733267069],[-76.500371131096315,3.277018095686691],[-76.500380138445536,3.2770257014900004],[-76.500428978901809,3.2770659210981017],[-76.500447380516519,3.2771077806612507],[-76.500476018391382,3.2772014422954228],[-76.500479297166493,3.2772121673101746],[-76.500501741770506,3.2772767269903311],[-76.500556990189523,3.2773733909050411],[-76.500574091931284,3.2774179906303162],[-76.500589920787704,3.2774417619209117],[-76.500601943487439,3.2774487653994426],[-76.50064325506824,3.2774637626002834],[-76.500669430337041,3.2774695597992096],[-76.500692370581774,3.2774746407338062],[-76.500739529765099,3.2774797845096955],[-76.50079371878779,3.2774955162062303],[-76.500828583498077,3.2775220367066553],[-76.50087919622527,3.2775736812707494],[-76.500959540088914,3.2776654991052592],[-76.501033057047721,3.2777458836163884],[-76.501063994862363,3.2777936798786214],[-76.501080560359824,3.2778666307159479],[-76.501092048062759,3.277929640426215],[-76.501095519129422,3.2779486778221454],[-76.50113728292196,3.2780460917215044],[-76.501170676304824,3.278115570755896],[-76.501195241202993,3.2782060387760956],[-76.50126231717752,3.2783946517960341],[-76.501267987978281,3.2784028850542728],[-76.50130010064386,3.2784495055067402],[-76.501334762451023,3.2785319465191813],[-76.50134544492019,3.2785744979202471],[-76.501346609246681,3.2785822330202294],[-76.501358425841687,3.2786271217726739],[-76.501362617205942,3.2786547087809796],[-76.501367848441163,3.2786748187829247],[-76.501371455645241,3.2786980973967528],[-76.501373780616078,3.2788284934204208],[-76.501381812965661,3.2788859098838228],[-76.50139027520305,3.27896408918701],[-76.501387988706242,3.2790557606738218],[-76.501385583585986,3.2791770531473641],[-76.501394600190835,3.2792046908728594],[-76.501412673558974,3.2792369611066361],[-76.501428531804393,3.2792456135164736],[-76.501454328099513,3.2792596892965231],[-76.501491001642322,3.2792621095871866],[-76.501516128956922,3.2792534374621316],[-76.501525737306366,3.2792501215435288],[-76.501576932039953,3.2792046714701191],[-76.501639660560869,3.2791291412897192],[-76.501708861872331,3.2790439624081911],[-76.501743265517277,3.278970633181673],[-76.501799653018494,3.2788551955366509],[-76.501840874626339,3.2787837864415899],[-76.501869273131135,3.2787345911574346],[-76.501974735775264,3.2786204659356111],[-76.50209380413672,3.2785110924797189],[-76.502215904303981,3.2784321086563364],[-76.50232508100531,3.2784014093807547],[-76.502332054222322,3.2784009033825496],[-76.502419187043571,3.2783945801905618],[-76.502518520685697,3.278407959557057],[-76.502628680337594,3.278445815360199],[-76.50273425206754,3.278502926357747],[-76.502854815019987,3.2785981176826668],[-76.502903776271111,3.2786524469726381],[-76.502979781371579,3.2787152397675592],[-76.50305218356749,3.2787503192868201],[-76.503137647747366,3.2788317441788575],[-76.503240493135436,3.2789129105056394],[-76.503294163893813,3.2789778146013102],[-76.50333954579672,3.2790168085995681],[-76.503430893191847,3.2790985633138616],[-76.503546829075731,3.2791446252160559],[-76.503658243230163,3.2792106468017113],[-76.503762840022802,3.279205797612029],[-76.503859928764669,3.2792100268226281]]]},"properties":{"Codigo":"90","Nombre":"Ciudad Campestre El Castillo"}},{"type":"Feature","geometry":{"type":"Polygon","coordinates":[[[-76.53024897738068,3.2671903560133146],[-76.530394166347534,3.2672335026695687],[-76.530375065723106,3.2673387679673813],[-76.530274538317343,3.2683436167225826],[-76.530750556073883,3.2685089686357496],[-76.531338510569597,3.2685786759399575],[-76.531433816475996,3.2684232075833393],[-76.5325874585223,3.2683855417393954],[-76.532687868175927,3.2683822632116479],[-76.532631405114188,3.2679130332578046],[-76.532580706876814,3.2674917089763422],[-76.532489210751095,3.2667313326093375],[-76.532473975680645,3.2667313243087324],[-76.532415232567502,3.2667112096278501],[-76.530569535151415,3.2660792132636542],[-76.530552752573129,3.2661373857690665],[-76.53024897738068,3.2671903560133146]]]},"properties":{"Codigo":"91","Nombre":"La Unión"}},{"type":"Feature","geometry":{"type":"Polygon","coordinates":[[[-76.531473648992716,3.2633970735007605],[-76.531459120609355,3.2634247497871764],[-76.53135192683321,3.2635576693931774],[-76.531348054527868,3.2635624718213938],[-76.531326250416541,3.2635895084141113],[-76.531180263314013,3.2637705327176754],[-76.531102201350407,3.2638673296822311],[-76.530309414914896,3.2642381493472663],[-76.530266144318531,3.2642583883176668],[-76.530234028627135,3.2642734101543636],[-76.530217041130527,3.2642813559838832],[-76.530191554438431,3.2643000140110923],[-76.530158419757683,3.2643242699867483],[-76.530156382874466,3.2643257609660234],[-76.530121413125912,3.2644257916506669],[-76.529950990560437,3.2649132881787732],[-76.529868033357417,3.2651505895513151],[-76.529779554033738,3.2654036850806647],[-76.529718415608841,3.2655785701087092],[-76.529689082274629,3.2656624802014713],[-76.529657817821317,3.2657519280644096],[-76.529653099551652,3.2657654094784174],[-76.530569535151415,3.2660792132636542],[-76.532415232567502,3.2667112096278501],[-76.532473975680645,3.2667313243087324],[-76.532489210751095,3.2667313326093375],[-76.53248921873481,3.2666881695149614],[-76.532483179319115,3.2665855707825626],[-76.532482575304343,3.2665827870209516],[-76.53244062630111,3.2663895434894212],[-76.532412683119546,3.2662834729754429],[-76.532112214048354,3.2651429004355061],[-76.531875515249666,3.2643724850036251],[-76.531856708941703,3.2643112745087608],[-76.531674882156707,3.2638654988631171],[-76.531531206393012,3.2635132557583861],[-76.531518989014828,3.2634833032361428],[-76.531491138030987,3.2634150234245349],[-76.531484055780808,3.2633976597353351],[-76.531479370821231,3.2633861734880578],[-76.531473648992716,3.2633970735007605]]]},"properties":{"Codigo":"93","Nombre":"Verdi (Sector en desarrollo)"}},{"type":"Feature","geometry":{"type":"Polygon","coordinates":[[[-76.530791026670585,3.2625099401369693],[-76.530710060482235,3.2627415990146016],[-76.530597649771721,3.2630632247726723],[-76.530509437590439,3.2633156134227654],[-76.530450917195409,3.2634830521704328],[-76.530388724720737,3.2636609950478968],[-76.530351640991285,3.2637670969609265],[-76.530269954565995,3.2640008144579897],[-76.530207762014257,3.264178757311611],[-76.530156382874466,3.2643257609660234],[-76.530158419757683,3.2643242699867483],[-76.530191554438431,3.2643000140110923],[-76.530217041130527,3.2642813559838832],[-76.530234028627135,3.2642734101543636],[-76.530266144318531,3.2642583883176668],[-76.530309414914896,3.2642381493472663],[-76.531102201350407,3.2638673296822311],[-76.531180263314013,3.2637705327176754],[-76.531326250416541,3.2635895084141113],[-76.531348054527868,3.2635624718213938],[-76.53135192683321,3.2635576693931774],[-76.531459120609355,3.2634247497871764],[-76.531393491821376,3.2629201829973735],[-76.531336461703162,3.2627306560503495],[-76.531239398625644,3.2626157571490779],[-76.531165266035686,3.262357312387921],[-76.531126117319147,3.2623506091696917],[-76.531117827140534,3.262349189419842],[-76.531100874332495,3.2623462864158914],[-76.53103951351703,3.2623357793524028],[-76.530862491452751,3.2623054665198419],[-76.530791026670585,3.2625099401369693]]]},"properties":{"Codigo":"94","Nombre":"El Jardín II"}},{"type":"Feature","geometry":{"type":"Polygon","coordinates":[[[-76.528800697277845,3.251026165626703],[-76.5220972917745,3.253012224770937],[-76.522097759429997,3.2530306645645988],[-76.522098341581881,3.2530536105371879],[-76.522185280437142,3.2564806241154294],[-76.522699113844979,3.2571297880977834],[-76.524363222132067,3.2572734503961724],[-76.524472246530138,3.257282862751774],[-76.524539674463455,3.2572886838093855],[-76.525309930322919,3.2573551788019151],[-76.526714675075823,3.2574834833216588],[-76.527966445425918,3.257597813926036],[-76.52819988313972,3.2575156325236536],[-76.528292160531436,3.2574831463844984],[-76.528303815177139,3.2573143572924415],[-76.528421892777772,3.2556043145309794],[-76.528460048423455,3.2550517293419881],[-76.528491384662132,3.2545979051987599],[-76.528530690473175,3.2542289493134247],[-76.528662404588644,3.2529925637208459],[-76.528727880719643,3.2523779458234472],[-76.528733299302431,3.2523270828822599],[-76.528874207447856,3.2510043859266524],[-76.528800697277845,3.251026165626703]]]},"properties":{"Codigo":"95","Nombre":"Condominio Privilegio"}},{"type":"Feature","geometry":{"type":"Polygon","coordinates":[[[-76.51920801086662,3.2623216442997407],[-76.519952657162747,3.262574155421933],[-76.520411922325948,3.2627298931342454],[-76.520414160415044,3.2627306521802448],[-76.520417286363681,3.2627317119468078],[-76.520527512259847,3.262769089983506],[-76.520724596374549,3.2628359213366092],[-76.521321472668603,3.2630224188841992],[-76.521929517371788,3.2632124047589652],[-76.522249202208386,3.2633122917246684],[-76.522533221043815,3.2634010341634854],[-76.523613813392743,3.2637386678628708],[-76.523934382021224,3.2638388306460695],[-76.523973166046716,3.2638509488807417],[-76.524391651998954,3.263981705608749],[-76.524662062613558,3.2640661952138661],[-76.524989757893664,3.2641685843937034],[-76.525453771927189,3.2643274732400993],[-76.526129367092139,3.2645588123629832],[-76.526430416144038,3.2646618981271671],[-76.527321426027356,3.2649669993451438],[-76.52849174562445,3.2653677398077456],[-76.528939513181044,3.265521065010129],[-76.528947664077279,3.2655238556220474],[-76.529653099551652,3.2657654094784174],[-76.529657817821317,3.2657519280644096],[-76.529689082274629,3.2656624802014713],[-76.529718415608841,3.2655785701087092],[-76.529779554033738,3.2654036850806647],[-76.529868033357417,3.2651505895513151],[-76.529950990560437,3.2649132881787732],[-76.530121413125912,3.2644257916506669],[-76.530156382874466,3.2643257609660234],[-76.530207762014257,3.264178757311611],[-76.530269954565995,3.2640008144579897],[-76.530351640991285,3.2637670969609265],[-76.530388724720737,3.2636609950478968],[-76.530450917195409,3.2634830521704328],[-76.530509437590439,3.2633156134227654],[-76.530597649771721,3.2630632247726723],[-76.530710060482235,3.2627415990146016],[-76.530791026670585,3.2625099401369693],[-76.530862491452751,3.2623054665198419],[-76.53103951351703,3.2623357793524028],[-76.531100874332495,3.2623462864158914],[-76.531117827140534,3.262349189419842],[-76.531126117319147,3.2623506091696917],[-76.531128766072413,3.2623456668121831],[-76.531135344274233,3.2623333936378622],[-76.531150359578916,3.2623053766992873],[-76.531465335218684,3.2621890286172803],[-76.531583701128653,3.2621453060685774],[-76.53165135701984,3.262127983108396],[-76.531935213714632,3.2620553054948438],[-76.531935849006359,3.2620551430669762],[-76.532143200702549,3.2620020533411562],[-76.532143635727977,3.2620012008239252],[-76.532154988731875,3.2619789314045491],[-76.531946697275288,3.2597622859767732],[-76.531776393583129,3.2577332436126789],[-76.531658456022427,3.2574805173686521],[-76.531658610662205,3.2571934015815498],[-76.531663903967939,3.2571778776457196],[-76.531708204080829,3.2570479566761867],[-76.531598441081499,3.2557616191837546],[-76.531454613238296,3.2540771301029521],[-76.531382291783828,3.2539928706846055],[-76.531264422621788,3.2536138139165454],[-76.531279711075172,3.2535142887402406],[-76.53119606634823,3.2532386119748096],[-76.531036306499345,3.2528480478208874],[-76.530811806206202,3.2524421359382769],[-76.530711671751774,3.2522916295968218],[-76.530511154805666,3.2519902441914592],[-76.529889523682172,3.2513368118757513],[-76.529829767150162,3.251273998361214],[-76.529756539522367,3.2512940284667708],[-76.529745961838188,3.2512969218844154],[-76.529713283891425,3.2517378537919761],[-76.529712345858314,3.2517505116568679],[-76.529667312982895,3.2523581443203082],[-76.529665389787425,3.2523840885113353],[-76.529650389356036,3.2523831715117568],[-76.529460371604671,3.2523715498280805],[-76.528733299302431,3.2523270828822599],[-76.528727880719643,3.2523779458234472],[-76.528662404588644,3.2529925637208459],[-76.528530690473175,3.2542289493134247],[-76.528491384662132,3.2545979051987599],[-76.528460048423455,3.2550517293419881],[-76.528421892777772,3.2556043145309794],[-76.528303815177139,3.2573143572924415],[-76.528292160531436,3.2574831463844984],[-76.52819988313972,3.2575156325236536],[-76.527966445425918,3.257597813926036],[-76.526714675075823,3.2574834833216588],[-76.525309930322919,3.2573551788019151],[-76.524539674463455,3.2572886838093855],[-76.524472246530138,3.257282862751774],[-76.524363222132067,3.2572734503961724],[-76.52436476097111,3.257310774336184],[-76.52437749484767,3.257618703870365],[-76.524377547246857,3.2576199572562814],[-76.524402356895294,3.2582118023263504],[-76.524405774499712,3.2582933375268035],[-76.523879777932194,3.2581183848794582],[-76.52355781395346,3.2580112964941215],[-76.523353781587517,3.2579434328910812],[-76.523419232008649,3.2584526077255291],[-76.523207792646531,3.2584858739414382],[-76.522996353278415,3.2585191392060522],[-76.52268917132254,3.2585655062784609],[-76.522252906014813,3.2586313581295578],[-76.521986469253548,3.2586700854209272],[-76.521703913648068,3.2587111557822084],[-76.521541913680693,3.2587347034140017],[-76.521426653296288,3.2587514567262197],[-76.521296567072156,3.2587703648808666],[-76.521143014324579,3.2587926845728461],[-76.520982001416158,3.2588160879697248],[-76.520830922185311,3.2588380481696122],[-76.520649934188597,3.2588606175106887],[-76.520328457274914,3.2589007063911279],[-76.520006981252848,3.2589407951645843],[-76.519023877210785,3.2590668279924602],[-76.518314027383354,3.2591520331239585],[-76.518313899614967,3.2591520484257597],[-76.518102265990009,3.2591767876900293],[-76.517946237623633,3.2591950262045786],[-76.517668375975759,3.259227507173339],[-76.517375430362137,3.2601875449881876],[-76.516973710133925,3.2614864711928373],[-76.516963620602567,3.2615190952895055],[-76.516955916000981,3.2615440061642968],[-76.517263529562484,3.2616622612989778],[-76.517954192569306,3.2618964695200918],[-76.518848403961812,3.2621997001004313],[-76.51893992262373,3.2622307341623373],[-76.51920801086662,3.2623216442997407]]]},"properties":{"Codigo":"96","Nombre":"PP Arizona (Sector por desarrollar)"}},{"type":"Feature","geometry":{"type":"Polygon","coordinates":[[[-76.5127141659828,3.2581152784361893],[-76.512678804515005,3.2600561530165555],[-76.512798867134435,3.2601098201054826],[-76.51304273192487,3.2601972862520148],[-76.513978118085888,3.260506823297125],[-76.514873417424198,3.2607995451803422],[-76.51506451874161,3.2608641107059091],[-76.515078441979,3.2608688145318978],[-76.515077502860478,3.2608700953929923],[-76.515140608289158,3.2608991822377673],[-76.515180706253417,3.2609134257060313],[-76.516417302202044,3.2613526828524249],[-76.516955916000981,3.2615440061642968],[-76.516965213724504,3.2615196043955876],[-76.51697737582009,3.2614876850012844],[-76.517063411714858,3.2612046068404088],[-76.517136347167991,3.2609646327839039],[-76.517375430362137,3.2601875449881876],[-76.517455562103507,3.259927101617516],[-76.517668375975759,3.259227507173339],[-76.517946237623633,3.2591950262045786],[-76.518045707238798,3.2580375824397509],[-76.518045823139417,3.2580150646042187],[-76.517432272117091,3.2579790648572544],[-76.517098797303973,3.257951753304789],[-76.517120751672792,3.2576126650904813],[-76.517000009595961,3.2576161605621707],[-76.516398971434498,3.2576335650428403],[-76.516264531817484,3.2576245499562564],[-76.516674157302973,3.2555805220073295],[-76.51714912271072,3.2534474124170902],[-76.517087628675696,3.2534482625103966],[-76.516023644235204,3.2534165848960823],[-76.515377678552468,3.2533565155889574],[-76.514909837563351,3.253298940240263],[-76.514563125666498,3.2532318922462222],[-76.514399269376881,3.2532007568062995],[-76.514021656086754,3.2531790444954876],[-76.513563278227537,3.2531835393355171],[-76.512766674701865,3.2532683642177167],[-76.512723055234687,3.2558336789755025],[-76.5127141659828,3.2581152784361893]]]},"properties":{"Codigo":"97","Nombre":"Villas de Santillana (Sector por desarrollar)"}},{"type":"Feature","geometry":{"type":"MultiPolygon","coordinates":[[[[-76.519652943758871,3.2532247447935725],[-76.519784078786572,3.2532737283449116],[-76.519938483730627,3.2533248535146506],[-76.520071745158916,3.2533568292831885],[-76.520212863747844,3.253367591864083],[-76.520250450872723,3.2529796446962962],[-76.520261130402929,3.2526323741723369],[-76.520334808253978,3.2519825877728454],[-76.52035328786755,3.2517195089423203],[-76.520471702902995,3.2506724839684442],[-76.520532324635795,3.2499700718869766],[-76.520547866457989,3.2498137690468383],[-76.520557676103692,3.2497151138082794],[-76.520558257297708,3.2497053015973751],[-76.51974085329509,3.2496504740326957],[-76.519740092172142,3.249650416639779],[-76.51973776200947,3.2496502607124333],[-76.519713479737206,3.2496486321682228],[-76.519657644007907,3.2496448854367079],[-76.51878847375329,3.2495865757891682],[-76.518159900897089,3.2495371935517356],[-76.518162880762432,3.2495093636545027],[-76.518254541952601,3.2486533969430247],[-76.518294717341263,3.248388896965801],[-76.518331314188785,3.248147961883459],[-76.518259097290425,3.2480907692522258],[-76.518223945440312,3.2480797832990156],[-76.518065463925907,3.2480302509268046],[-76.518038226351166,3.2480217380999332],[-76.517834494880475,3.2479527173429821],[-76.517674556374288,3.2478990342857132],[-76.517581254053013,3.2478760132184146],[-76.517445108755751,3.2478722135468847],[-76.517301314264856,3.247868199801192],[-76.51724227604528,3.2478719957213222],[-76.517120387979773,3.2478853259057314],[-76.517040402026183,3.247887195749299],[-76.516914713943422,3.247885212233891],[-76.516748307319148,3.2478759291314772],[-76.516741420268616,3.2478755445839731],[-76.516657637320279,3.2478582710264905],[-76.516495780665267,3.2478275549644775],[-76.516341545916234,3.2477911008435401],[-76.516193021151707,3.2477603930760663],[-76.516092098964478,3.2477411955165021],[-76.515951180409772,3.2477315467041774],[-76.515770270035574,3.2477199611499694],[-76.515626168869602,3.2477223566544446],[-76.515547455443496,3.2477236646190777],[-76.515444601084184,3.2477542329884983],[-76.515315070876824,3.2478115834680965],[-76.515153150607077,3.2478976281515761],[-76.515085990845293,3.2479337525341743],[-76.515081598965381,3.2479361148150607],[-76.515052761775877,3.2479324362925976],[-76.515337319416886,3.2490563830180603],[-76.515583683522877,3.2496069173210276],[-76.515679395078521,3.249926477851071],[-76.515703532176317,3.2500051127103267],[-76.515774702324123,3.2502369734833287],[-76.51579150471602,3.2502917181484308],[-76.515801310081116,3.2503236606772847],[-76.515826542572668,3.2504096471770847],[-76.515829900261323,3.2504210865991352],[-76.515832378788744,3.2504295341161336],[-76.515860499309326,3.2505253609787581],[-76.515980360442299,3.2509338192372788],[-76.516013592652953,3.2510386584645099],[-76.514830422986137,3.2511494215536039],[-76.51476945761712,3.2511528436444967],[-76.514628456539526,3.2521480959357709],[-76.514468427651053,3.2531146260588057],[-76.514777835885411,3.2532152893968971],[-76.515037277369657,3.2532728575436276],[-76.515086122037317,3.253279009695111],[-76.515082189089597,3.2532178761350998],[-76.515081973279933,3.2530390902360247],[-76.515081949610121,3.2530201099402896],[-76.515081893248976,3.2529724525707349],[-76.51508031009952,3.251661476529554],[-76.515206685409623,3.251651502319711],[-76.515336121670543,3.2516412856456931],[-76.515445763427294,3.2516326322646827],[-76.515479046086341,3.2516300049062097],[-76.515498201767727,3.2516284927830679],[-76.515945700618403,3.2515931715176634],[-76.516245285829413,3.2515632140327946],[-76.516950516979705,3.2516465027323811],[-76.51752983743188,3.2515371362773271],[-76.518014992758623,3.2514399142099308],[-76.51799329170646,3.2517321800042298],[-76.517800106504026,3.2523948290529252],[-76.517787858922873,3.2530192972376217],[-76.518033070075418,3.2529835440922348],[-76.518056854874956,3.2530194470824454],[-76.518097315117302,3.2530338253314803],[-76.518590140884015,3.2529192539116871],[-76.518873472460172,3.2528237061146958],[-76.518949444269666,3.253194605182085],[-76.519079200904201,3.2531945046053665],[-76.51941813568159,3.2531905811324298],[-76.519652943758871,3.2532247447935725]]],[[[-76.505650958630241,3.2538634746044552],[-76.505879288766025,3.2542138842427422],[-76.507083926036032,3.2557133059063963],[-76.5073275208578,3.2555401975934486],[-76.507630650449116,3.2553063543518381],[-76.507787835351422,3.2551772423563765],[-76.507811400813182,3.2551288668786209],[-76.507816479178061,3.2550384863311419],[-76.507759595091301,3.2546312299007911],[-76.507707242934671,3.2542590997843894],[-76.507704995941651,3.2541909571319052],[-76.507734643802166,3.2540954604564125],[-76.507773513341775,3.2540598803958671],[-76.507810396401069,3.2540353623575538],[-76.507911711520308,3.2539946397173609],[-76.508157284838802,3.253934288835044],[-76.508835303690731,3.253837054280067],[-76.509909461498424,3.2536941049734254],[-76.51116267805898,3.2534689491344109],[-76.51229953388912,3.2532224498835292],[-76.512302110841674,3.2532221303083895],[-76.512343899536319,3.2532128305272088],[-76.51278470225472,3.2531147316998252],[-76.512792620322173,3.2531136464741639],[-76.512899598806726,3.2530989928038125],[-76.512966105171031,3.2530898823209995],[-76.513090941798993,3.2530724136436548],[-76.513111813798162,3.2530699231828275],[-76.513272628159413,3.2530507275947897],[-76.513370883558792,3.2530399845755613],[-76.513396088999031,3.2530367215601612],[-76.513424093643792,3.2530330965888106],[-76.513531226436854,3.2530192269597316],[-76.514313394255907,3.2530278397192913],[-76.514435197771689,3.2523101207973562],[-76.514578561572478,3.2513459740826831],[-76.514654960149542,3.2509440570219663],[-76.514736257784847,3.2502933082801708],[-76.51470543188492,3.2486433384694768],[-76.514617142852387,3.2478502145604051],[-76.514563509777076,3.2478090951216942],[-76.513535154745028,3.2477855500976669],[-76.511946923674699,3.2477415914985048],[-76.510812795549327,3.2478626897140668],[-76.510291698523076,3.2479665230479813],[-76.509470446217762,3.2481145939243348],[-76.509363472152486,3.2481384232069774],[-76.509329337206637,3.2492230778464637],[-76.509292585570606,3.2505201174984664],[-76.509264924905082,3.2515491036531365],[-76.508303937827861,3.2509775559252758],[-76.507655556861053,3.2506043176640249],[-76.507295842612621,3.2503942321381074],[-76.506563082736946,3.2499740550149911],[-76.505545808411426,3.2498729617338378],[-76.504527787222344,3.2497456162520821],[-76.504510599214242,3.2498317405622008],[-76.505229061113297,3.2523070744185274],[-76.505650958630241,3.2538634746044552]]],[[[-76.490834505016466,3.2643688722219406],[-76.490767839818247,3.2645404299061442],[-76.490706941437622,3.2647498021478811],[-76.490718410316731,3.2649185046533877],[-76.490770440107624,3.2650116094702368],[-76.490831162208437,3.2650843565204966],[-76.490891903887544,3.2651280269554768],[-76.490975805685167,3.2651600736191808],[-76.491051020930598,3.2651979297883229],[-76.491111754982171,3.2652532303160227],[-76.491158018075822,3.2653114287594134],[-76.491207154314935,3.2654016254718314],[-76.491305437164684,3.2655703797488771],[-76.491380626258874,3.2656518634856715],[-76.49147605972631,3.2657508146370748],[-76.491500767752385,3.265783534661062],[-76.491603601766499,3.2657623991621074],[-76.491718645616089,3.2657354977948159],[-76.492090633193669,3.2656278288388023],[-76.492439617593035,3.2655201444728559],[-76.492600690889759,3.2654624407520219],[-76.492715729340702,3.2654432447356267],[-76.492876792373309,3.2654048096328649],[-76.493057020359331,3.2653740947920076],[-76.493221918409191,3.2653318068679797],[-76.493394499013874,3.2652664042431563],[-76.493586253942638,3.2651971586748969],[-76.49377800662775,3.2651317635436912],[-76.494111649235947,3.2650279254884254],[-76.494502825011125,3.2648932916594755],[-76.494667742902337,3.2648195304620504],[-76.495066580199804,3.2646964658523605],[-76.495572781400085,3.2645631889065725],[-76.495782403953982,3.2645324897163173],[-76.49599715412252,3.2644812424858087],[-76.49625279804593,3.264435158955048],[-76.496477764888439,3.2643941948413473],[-76.496687387411583,3.2643634972588171],[-76.497070803935372,3.2643740141222466],[-76.497410755341477,3.2644044136790993],[-76.498210371352087,3.2644652274844521],[-76.499046726989818,3.2640159469787804],[-76.499268200727755,3.2638653399637461],[-76.49963954831189,3.2638870883146365],[-76.500003607316913,3.2641672334584833],[-76.500160601963159,3.2643754816617698],[-76.500508172786013,3.2645094090776556],[-76.500371503193236,3.2641883809264116],[-76.500160501106933,3.263508757290249],[-76.500056076305327,3.2629536096988012],[-76.500043025170527,3.2625670752168046],[-76.499963744307962,3.261959276038132],[-76.499940793953812,3.2617833296732264],[-76.500079309686996,3.2617238753125197],[-76.500114419647431,3.2618101100472332],[-76.500136890096115,3.2618653012177887],[-76.500200861256474,3.2620224230215786],[-76.501952370188633,3.26152983348305],[-76.50471725328687,3.2607522385766945],[-76.50600648262693,3.2657132228806258],[-76.506617543907865,3.2653869321544788],[-76.506849749093021,3.2652617121014282],[-76.507361458559316,3.2649857605456676],[-76.507361458843008,3.2649708975493135],[-76.50736145977254,3.2649421246839938],[-76.507442369019913,3.264942128267772],[-76.507851553505574,3.2647214644994276],[-76.507966573726691,3.2646594365125985],[-76.507088200757039,3.2596257538106403],[-76.507073236224969,3.2595722327180137],[-76.506600965619612,3.2589871010086666],[-76.505760826340492,3.2579792221988404],[-76.505241072953808,3.2573654149658955],[-76.505118366148764,3.2574501316630853],[-76.504475338079118,3.2579759068544289],[-76.504416535204825,3.2579174295833764],[-76.504411478053555,3.2579124006228959],[-76.504371149109275,3.257863323199139],[-76.501628030920344,3.2545251269525406],[-76.501456883807634,3.254088615351296],[-76.500829556758191,3.2521129109606468],[-76.500033207015562,3.2493477021031105],[-76.498402682339204,3.2491764307679114],[-76.49743650121988,3.2490731289962036],[-76.497098407586037,3.2490486446101006],[-76.496845673626069,3.2490303423183415],[-76.496648225689725,3.2490230662994133],[-76.496576567433678,3.2491054241643904],[-76.496270352674813,3.249432437907839],[-76.495957622247587,3.249763811873573],[-76.495851194180034,3.2498989892444787],[-76.495716501821619,3.2501126809139773],[-76.495614381170839,3.2503002148190134],[-76.495390586909124,3.2507058101520672],[-76.495153803364545,3.2510612240511372],[-76.49500384990256,3.2513861556248651],[-76.494877818379578,3.2516347533353209],[-76.494780070677209,3.2517677553076769],[-76.494682331008477,3.2518898514911112],[-76.494588912169945,3.25204248725217],[-76.494512868035073,3.2521755035828392],[-76.494445496035198,3.2523259750861904],[-76.494402007242257,3.25245683004127],[-76.494354198842231,3.2525549633413569],[-76.494260789200368,3.2526945130259155],[-76.494152183296649,3.25284059553077],[-76.494084847198025,3.2529299910389771],[-76.493976247867238,3.2530629856816149],[-76.49393497640618,3.2531240385809115],[-76.493904522782444,3.2532309047401893],[-76.49387839483191,3.2533661347613601],[-76.493843579307494,3.2535122655089368],[-76.493813083342459,3.2536911188073914],[-76.493769628103976,3.2537696196666399],[-76.493665374033824,3.2538982562733958],[-76.493558935837981,3.2540465238003544],[-76.493461192364308,3.2541729811973799],[-76.493335187854171,3.254377950056317],[-76.493248292301431,3.2545087778510902],[-76.493178745856156,3.254661429994834],[-76.493285077725446,3.2546854918130621],[-76.493706098427793,3.2547206587034569],[-76.493999080356176,3.2547404747907906],[-76.494654465303412,3.2548172348036526],[-76.495346772427027,3.2548569361656696],[-76.495713553012166,3.2548615291756273],[-76.49607555712501,3.254913091914085],[-76.496236552618512,3.2549360239801],[-76.496761741939167,3.2549843432017553],[-76.497215308784504,3.2550282557344632],[-76.49754084833323,3.2550459102866616],[-76.498141999378277,3.2550899130871662],[-76.498767015656554,3.2551492019176536],[-76.499168509395176,3.2551756297938743],[-76.499715952321353,3.2552056917856356],[-76.499904755382488,3.2552287125387824],[-76.500126091289388,3.2552893841759811],[-76.500184660714112,3.2553352303138094],[-76.500229737613338,3.2561467301297164],[-76.500291121857927,3.25690752288582],[-76.500592241885499,3.2569273418655125],[-76.500621018986536,3.257778096792995],[-76.500523368173788,3.2577518576912938],[-76.500399687140444,3.2577108807905253],[-76.500297153628395,3.2576830057043971],[-76.500162060037241,3.2576731037073627],[-76.500095289424792,3.2577270525442663],[-76.499942173664948,3.2578971037297357],[-76.499494220712705,3.2584187192524134],[-76.499197744709008,3.2587833685912493],[-76.499393069759819,3.2587949431455074],[-76.49990904735823,3.2588214396929156],[-76.500411991342858,3.2588691992879979],[-76.500800999304374,3.2589087056365216],[-76.501383480364069,3.2593213507884338],[-76.501635664325605,3.2595096494971334],[-76.501862722665365,3.2596794011205219],[-76.501703586488674,3.2597787965873359],[-76.499577823976509,3.2605661792676952],[-76.498937857576294,3.2607189377475581],[-76.498328895152767,3.2599376359913799],[-76.497982069096125,3.259841937591315],[-76.497776642832264,3.2597894538699532],[-76.497299224882397,3.2597019006579693],[-76.496729223296782,3.2595852051883814],[-76.496685826850154,3.2595766534625916],[-76.495974042146599,3.2594363972659126],[-76.495513994937284,3.2593372196007744],[-76.495059723754181,3.2592525861335404],[-76.49448972637164,3.2591329794677986],[-76.493705608686625,3.2589841522252536],[-76.493103778208862,3.2588674308824737],[-76.492718955714324,3.2587857523400152],[-76.492501953749155,3.2587390781903425],[-76.492363064303206,3.2587215388756396],[-76.492339848681723,3.2588233215868243],[-76.492307933355377,3.2589600013098856],[-76.492299187809607,3.2590617951755978],[-76.492281727197891,3.2592188407740532],[-76.492235333342904,3.2593700530690297],[-76.492165788813963,3.2595183427322438],[-76.492096262873446,3.2596375476247985],[-76.492023861266645,3.2597305751678776],[-76.491928288803464,3.2598555803371601],[-76.491847199095943,3.2599602319922689],[-76.491766100838802,3.260076522785706],[-76.49169077504915,3.2602131725741716],[-76.491644386986565,3.2603556602009585],[-76.491600860061396,3.2605446862118215],[-76.491522553734015,3.2608238507771472],[-76.491502224025851,3.2609430870746685],[-76.491484718414199,3.2611728458767644],[-76.491441190613813,3.2613647800709069],[-76.491403489628439,3.2614956390224163],[-76.491328140970253,3.2616730099449627],[-76.491249912160526,3.2618241998966107],[-76.491212215392764,3.2619492433281603],[-76.491157134658593,3.2621062677444197],[-76.491128043826606,3.2623505616664494],[-76.491119254137629,3.2625250651164905],[-76.491081486056999,3.262760631143732],[-76.49104665224506,3.2629351157221107],[-76.490991506988394,3.2631939390117743],[-76.490942164079158,3.2634324037333218],[-76.49091020502199,3.2636359792657657],[-76.490886795963803,3.2640489686563705],[-76.490883805747231,3.264200209845963],[-76.490880599987349,3.2642111779413008],[-76.490849347433084,3.2643180985597358],[-76.490834505016466,3.2643688722219406]]]]},"properties":{"Codigo":"98","Nombre":"Ciudad del Campo Sur (Sector por desarrollar)"}},{"type":"Feature","geometry":{"type":"Polygon","coordinates":[[[-76.506347369918714,3.2392579365959948],[-76.507621793925665,3.2398257701349706],[-76.50774101845218,3.2398788916186358],[-76.509172867896822,3.2403008011567174],[-76.50944317225354,3.2403744455893331],[-76.509584452277053,3.2404129369453063],[-76.510242960723659,3.240592346460152],[-76.510962781836199,3.2406463460631865],[-76.511351693737993,3.2406751682924808],[-76.512111090774525,3.2407314455357823],[-76.512368148993318,3.2407504957668181],[-76.51244996294335,3.2409441117010616],[-76.512584963115202,3.241263595716585],[-76.51307228074198,3.2416275468932945],[-76.513202724790432,3.2417202660105628],[-76.513482108951223,3.2419188512730921],[-76.513551993681759,3.2419685245039616],[-76.513611044970148,3.2419940749837535],[-76.513986086844113,3.2421563491647589],[-76.514774301978434,3.2425089842169501],[-76.515057396213834,3.242639122262573],[-76.515257890878189,3.2427312888518101],[-76.51615693408894,3.2431463008195989],[-76.51645353404524,3.2432832165294743],[-76.516489407350392,3.2432875292029526],[-76.516773448375602,3.2433216762316972],[-76.516781018867675,3.2434059012500085],[-76.516806385555142,3.2434296025254388],[-76.516822963961658,3.2434450924135478],[-76.516834314181651,3.2434556970919712],[-76.516842025299439,3.2434724724771442],[-76.516854096555875,3.2434987327480269],[-76.51688011450436,3.2435553345218033],[-76.516889428453439,3.2435500459494864],[-76.516910545647093,3.2435251036215895],[-76.516986614711314,3.24343525429137],[-76.517022575774234,3.2433423062229791],[-76.517175417184831,3.2429472631166489],[-76.517270963094404,3.2426086569509853],[-76.517347145550275,3.2423386752539449],[-76.517438675367501,3.2421205192053901],[-76.517534795976189,3.2418980820351821],[-76.517924909120367,3.2409952981464838],[-76.518003402213253,3.2408913692183932],[-76.517850559429277,3.2408612626277211],[-76.517613807871129,3.240814628608427],[-76.51623136083299,3.2405841676638523],[-76.515780078806287,3.2404862975157283],[-76.515765911623859,3.2402766961903358],[-76.515740606066899,3.2400003334572531],[-76.515709122581313,3.2396564958765963],[-76.515649185740202,3.2395645859187101],[-76.515503532598387,3.2395070819207592],[-76.515195031859577,3.2394954254226835],[-76.514970779906918,3.2394675574645144],[-76.514823705241113,3.2394492800779453],[-76.514418138198508,3.2393342080740593],[-76.514109687474161,3.239230673829367],[-76.513801971329684,3.2390858442983421],[-76.513483092410695,3.2390179785619444],[-76.513382634813041,3.2389965990797989],[-76.513181709236179,3.2389254985218554],[-76.513181684048106,3.2389254921776907],[-76.512706893166992,3.2387562767703977],[-76.512679606010451,3.2388020695401774],[-76.512643437759749,3.2388627646647743],[-76.512621378213481,3.2388997832566506],[-76.511733304177454,3.2386047020426245],[-76.511622031067319,3.2385677289774031],[-76.511645374669527,3.2384574830202686],[-76.511666037333327,3.2383598975161196],[-76.511431148695138,3.2382818516008891],[-76.511310031000974,3.2382791385831431],[-76.510994338625125,3.2383243055295678],[-76.510717292997583,3.238286558360004],[-76.510700160440734,3.2382842237912035],[-76.510676926765399,3.2382046950687462],[-76.510617599323012,3.2380016173982415],[-76.510596552259059,3.2379295747638452],[-76.510583448482365,3.2378626521952873],[-76.510580366773169,3.237846910284095],[-76.510568149382749,3.2377845133117913],[-76.510561723764383,3.237714895170472],[-76.510640272765983,3.2376194419915878],[-76.510728393772354,3.2375949615401147],[-76.510815935281144,3.2375706417195698],[-76.510999448779629,3.2375440933179283],[-76.510992088056042,3.2373130496218825],[-76.510988748145294,3.237208202730383],[-76.510996605426016,3.2371608337698166],[-76.51116940985078,3.2370223201933337],[-76.511260809427412,3.2370381116478724],[-76.511270962953532,3.2370437972285515],[-76.511357736979392,3.2370923831006504],[-76.511530007885554,3.2371888388121723],[-76.511554998233819,3.2372125236858178],[-76.51162212025433,3.2372075017782542],[-76.511677102701356,3.2372218566548678],[-76.511723516842935,3.2372419553385421],[-76.511850215390211,3.2372509002064755],[-76.511859574782619,3.2372528135167138],[-76.511892345250217,3.2372595137261735],[-76.511912082613875,3.237233924153343],[-76.511963753410882,3.2371669311725539],[-76.512004527696405,3.2371377389099734],[-76.512015880987789,3.2371296111234567],[-76.512034513064862,3.2371291757427159],[-76.51213870028522,3.2371267436680267],[-76.51234831315017,3.2370837523256282],[-76.512488591934996,3.2370549810796723],[-76.512569567342311,3.2370209977203599],[-76.512732803180754,3.2369509201657518],[-76.512793498989936,3.2369566629447633],[-76.512831344344164,3.2369509219366632],[-76.512893468558545,3.2369523601526136],[-76.51293559828494,3.2369222172841852],[-76.512971302697352,3.2368719782540278],[-76.513004863747454,3.2368547538930148],[-76.513052853251466,3.2368619002533849],[-76.513100843655764,3.2368690475163957],[-76.513143679155249,3.23689180186408],[-76.513186514657392,3.2369145553059702],[-76.513217439461826,3.2369528541824963],[-76.513248364268009,3.2369911539627463],[-76.513307859761824,3.2370198986350274],[-76.513367355259462,3.2370486433043992],[-76.513511350023251,3.2370893981253963],[-76.513655344801336,3.2371301538321449],[-76.513666058160737,3.2371289634317062],[-76.513676770620435,3.2371277730306351],[-76.513680449852103,3.2371157171932112],[-76.51370264061201,3.2370430006192148],[-76.51376619972072,3.2368347259367498],[-76.513855628755834,3.2365416797284947],[-76.513913714713766,3.2363663608727631],[-76.513956182855623,3.2362381824229089],[-76.513996309669636,3.2361170679332742],[-76.514080391553435,3.2358632877833506],[-76.514106289303811,3.2357851221559573],[-76.514120461554327,3.2357423468760129],[-76.514120475972433,3.2357423052864109],[-76.514143567962464,3.2356731901027111],[-76.514182732124112,3.2355584530650781],[-76.51419905022189,3.2355106456634726],[-76.514210050608199,3.235478418138412],[-76.514231776525179,3.2354147704713143],[-76.514245346998848,3.2353750142990259],[-76.514249954597531,3.2353615157167979],[-76.514256206801377,3.2353431990538328],[-76.51417581336527,3.2352767028696379],[-76.513771599033191,3.2349423650078748],[-76.51374416724579,3.2349196753612244],[-76.513552578212654,3.2347205245656006],[-76.513130183717038,3.2342487088050449],[-76.512797752966023,3.2338773816308666],[-76.512778711355878,3.2338749791244865],[-76.512646144381264,3.2337426480295477],[-76.512311152149323,3.2334029009733003],[-76.511674236901101,3.2327569438037789],[-76.511489858518317,3.2325356026389702],[-76.511262675210901,3.2322628761548913],[-76.510774603723448,3.2316769595478769],[-76.510717399353609,3.2317533884537131],[-76.51060765175292,3.2319000173582504],[-76.510381321812091,3.2322024082893752],[-76.510345649125455,3.2322621080044072],[-76.510321764370403,3.2323020816818206],[-76.510315855092813,3.2323119713677815],[-76.510185732085276,3.2325297415141829],[-76.509961732267271,3.2329046210889945],[-76.509643423158295,3.233437331375133],[-76.509627525163111,3.2334639385904609],[-76.508582490655357,3.2343076033535576],[-76.508525256025393,3.2343538086796353],[-76.508446617629559,3.2343855404450679],[-76.508412746406663,3.2343992078854997],[-76.508339866446263,3.2344286161316194],[-76.508154476845505,3.2345034226403588],[-76.507755983873707,3.234627982672349],[-76.507357491729323,3.2347525425300629],[-76.506591413073309,3.2349799797110759],[-76.506412958659752,3.2350329600824281],[-76.505939789604838,3.2351723382903339],[-76.505488742208527,3.2353051997686197],[-76.504638561945285,3.2355554591183786],[-76.503902433006417,3.2357721453956363],[-76.503359301525848,3.2359320217829377],[-76.502954918721727,3.2360510556434368],[-76.502939812108835,3.2360811076240652],[-76.50293493209233,3.236090816071878],[-76.502791489472258,3.2363761688365345],[-76.502774838139459,3.2364092936323074],[-76.504673130744862,3.2364049846092806],[-76.504978440231838,3.2364074148994284],[-76.505191114770653,3.2364091071375554],[-76.505625663611355,3.2364616189247939],[-76.505636704831105,3.2364629535886316],[-76.505876633107974,3.2365013719011904],[-76.505945185631433,3.2365090664769292],[-76.505990875159256,3.2365358902343941],[-76.506036558255715,3.2365741976355564],[-76.506067002516389,3.2366201530805072],[-76.506082200605547,3.2366852411195297],[-76.506074542128729,3.2367579728920002],[-76.506100829836129,3.2367878023948635],[-76.50625343829482,3.2369609682165983],[-76.50619246057245,3.2370298410299543],[-76.50501463891321,3.2386791239240087],[-76.506347369918714,3.2392579365959948]]]},"properties":{"Codigo":"99","Nombre":"Ciudadela Terranova"}},{"type":"Feature","geometry":{"type":"Polygon","coordinates":[[[-76.500418767164916,3.2384607076022998],[-76.50093336290972,3.2387793451586253],[-76.500940012941939,3.2387834625953973],[-76.501427712613975,3.2390893105163037],[-76.501581555865855,3.2391857889429603],[-76.501696891408997,3.2392516141941576],[-76.501718227159742,3.2392637909458544],[-76.501795119023328,3.2393225552143372],[-76.502545272720894,3.2397818259159137],[-76.50333959458726,3.240301207207561],[-76.503461890391804,3.2403719520090797],[-76.503657373436113,3.2404852954800369],[-76.504536417692236,3.2409949804559108],[-76.504846590796689,3.2411825501638467],[-76.505760499335565,3.2414333895778498],[-76.506275402261224,3.2415747135842023],[-76.506454528844401,3.2416167825216542],[-76.507149975242953,3.2418106475761301],[-76.508041072872132,3.2420510393511712],[-76.508453351002657,3.2421622591366224],[-76.509072716561349,3.2423293445263961],[-76.509848293922261,3.2425385709547547],[-76.511186498296993,3.2428941298990686],[-76.511897763823669,3.243100853639449],[-76.513033349574613,3.2434372060077208],[-76.514421101349868,3.2438488832427335],[-76.515079038226716,3.2440383799487069],[-76.515714361640789,3.2442322350258506],[-76.515716959538324,3.2442330476291481],[-76.516122266632991,3.2439913777819469],[-76.51632365156452,3.2438712998783399],[-76.51688011450436,3.2435553345218033],[-76.516854096555875,3.2434987327480269],[-76.516842025299439,3.2434724724771442],[-76.516834314181651,3.2434556970919712],[-76.516822963961658,3.2434450924135478],[-76.516806385555142,3.2434296025254388],[-76.516781018867675,3.2434059012500085],[-76.516773448375602,3.2433216762316972],[-76.516489407350392,3.2432875292029526],[-76.51645353404524,3.2432832165294743],[-76.51615693408894,3.2431463008195989],[-76.515257890878189,3.2427312888518101],[-76.515057396213834,3.242639122262573],[-76.514774301978434,3.2425089842169501],[-76.513986086844113,3.2421563491647589],[-76.513611044970148,3.2419940749837535],[-76.513551993681759,3.2419685245039616],[-76.513482108951223,3.2419188512730921],[-76.513202724790432,3.2417202660105628],[-76.51307228074198,3.2416275468932945],[-76.512584963115202,3.241263595716585],[-76.51244996294335,3.2409441117010616],[-76.512368148993318,3.2407504957668181],[-76.512111090774525,3.2407314455357823],[-76.511351693737993,3.2406751682924808],[-76.510962781836199,3.2406463460631865],[-76.510242960723659,3.240592346460152],[-76.509584452277053,3.2404129369453063],[-76.50944317225354,3.2403744455893331],[-76.509172867896822,3.2403008011567174],[-76.50774101845218,3.2398788916186358],[-76.507621793925665,3.2398257701349706],[-76.506347369918714,3.2392579365959948],[-76.50501463891321,3.2386791239240087],[-76.50619246057245,3.2370298410299543],[-76.50625343829482,3.2369609682165983],[-76.506100829836129,3.2367878023948635],[-76.506074542128729,3.2367579728920002],[-76.506082200605547,3.2366852411195297],[-76.506067002516389,3.2366201530805072],[-76.506036558255715,3.2365741976355564],[-76.505990875159256,3.2365358902343941],[-76.505945185631433,3.2365090664769292],[-76.505876633107974,3.2365013719011904],[-76.505636704831105,3.2364629535886316],[-76.505625663611355,3.2364616189247939],[-76.505191114770653,3.2364091071375554],[-76.504978440231838,3.2364074148994284],[-76.504673130744862,3.2364049846092806],[-76.502774838139459,3.2364092936323074],[-76.502701295353319,3.2364090862813417],[-76.501970028172551,3.2363871058927498],[-76.500438164555675,3.2363940952889783],[-76.500326522751209,3.2362708629293055],[-76.500270682844146,3.2363175749017867],[-76.500191174955248,3.2363621690441833],[-76.500144135665309,3.236388551166828],[-76.499980398798741,3.2364370660710278],[-76.499816628088766,3.2365341967057097],[-76.499708660864698,3.2366425797324307],[-76.499634127926427,3.2368370010885643],[-76.499589368947241,3.2370164788307583],[-76.499552113949505,3.2370949891491572],[-76.499310126106778,3.2373304400778964],[-76.499027213446112,3.237558387149341],[-76.498695912443139,3.2378162186162807],[-76.498375765306946,3.2380890206059307],[-76.498215670139871,3.2382609471904544],[-76.498013125935458,3.2384684025936346],[-76.497993140462285,3.2387225122606851],[-76.498854835671722,3.238607129639774],[-76.499571019293256,3.2385043791031829],[-76.500316552453526,3.2383974163391569],[-76.500418767164916,3.2384607076022998]]]},"properties":{"Codigo":"100","Nombre":"Ciudad Farallones (Sector en desarrollo)"}},{"type":"Feature","geometry":{"type":"Polygon","coordinates":[[[-76.513797758369449,3.2389730019930596],[-76.513798283220538,3.238987052344211],[-76.513801971329684,3.2390858442983421],[-76.514109687474161,3.239230673829367],[-76.514418138198508,3.2393342080740593],[-76.514823705241113,3.2394492800779453],[-76.514970779906918,3.2394675574645144],[-76.515195031859577,3.2394954254226835],[-76.515503532598387,3.2395070819207592],[-76.515649185740202,3.2395645859187101],[-76.515709122581313,3.2396564958765963],[-76.515740606066899,3.2400003334572531],[-76.515765911623859,3.2402766961903358],[-76.515780078806287,3.2404862975157283],[-76.51623136083299,3.2405841676638523],[-76.517613807871129,3.240814628608427],[-76.517850559429277,3.2408612626277211],[-76.518003402213253,3.2408913692183932],[-76.519180433373208,3.2410394104076681],[-76.519750113400448,3.2411110621332391],[-76.519747330740941,3.2409761167864426],[-76.519007625202505,3.240864928164652],[-76.518123718640936,3.2407320635161865],[-76.517486581826532,3.2406184963647586],[-76.516533642407325,3.2404486379525745],[-76.516412239658962,3.2404269984036587],[-76.51634505657772,3.2404150233948914],[-76.515907254377581,3.2403522348790137],[-76.515907299124521,3.2403363455012224],[-76.515907425213371,3.2402920404438498],[-76.515907707701359,3.2401925100551718],[-76.515907905246891,3.2401230294086751],[-76.515907966561642,3.2401015650489482],[-76.515908259117424,3.2399984536493101],[-76.515908511445488,3.239909560489024],[-76.515908592875576,3.2398809811314973],[-76.515908696743864,3.239844338169942],[-76.515843709662121,3.2395487433571239],[-76.515817071275777,3.2395064164670964],[-76.515789482741113,3.2394625788716298],[-76.515593962445877,3.2393568119175651],[-76.515441622825321,3.2393383517340739],[-76.515127795959017,3.2393152076861296],[-76.514861201280667,3.239284433206163],[-76.514538257159131,3.2392168765911915],[-76.514459321158242,3.2391956068830234],[-76.514168102954201,3.2391171367260312],[-76.514013640248024,3.2390057270119632],[-76.513904643744709,3.2389271107755766],[-76.513792839841855,3.2388621514590987],[-76.513797758369449,3.2389730019930596]]]},"properties":{"Codigo":"101","Nombre":"San Diego"}},{"type":"Feature","geometry":{"type":"Polygon","coordinates":[[[-76.518294717341263,3.248388896965801],[-76.518254541952601,3.2486533969430247],[-76.518162880762432,3.2495093636545027],[-76.518159900897089,3.2495371935517356],[-76.51878847375329,3.2495865757891682],[-76.519657644007907,3.2496448854367079],[-76.519713479737206,3.2496486321682228],[-76.519775910194326,3.248728257481829],[-76.519776242176363,3.2487233590865721],[-76.519807087233445,3.248268627601814],[-76.518331314188785,3.248147961883459],[-76.518294717341263,3.248388896965801]]]},"properties":{"Codigo":"102","Nombre":"Torres de Alamadina (Sector en desarrollo)"}},{"type":"Feature","geometry":{"type":"Polygon","coordinates":[[[-76.519020578692363,3.245566935664244],[-76.518379459924233,3.2475892396456887],[-76.518223945440312,3.2480797832990156],[-76.518259097290425,3.2480907692522258],[-76.518331314188785,3.248147961883459],[-76.519807087233445,3.248268627601814],[-76.519917332005718,3.2466433278985107],[-76.519974366573649,3.2458024948176476],[-76.52002156052869,3.2451067227657444],[-76.519171333537201,3.2450914004288149],[-76.519020578692363,3.245566935664244]]]},"properties":{"Codigo":"103","Nombre":"Ciudadela del Viento (Sector en desarrollo)"}},{"type":"Feature","geometry":{"type":"Polygon","coordinates":[[[-76.515704551255752,3.2476004930690898],[-76.51648572548325,3.2476108400157311],[-76.516602797262237,3.2476123910431793],[-76.516606585691747,3.2476389116641342],[-76.516614694925309,3.2476956716720045],[-76.517328533614602,3.2476599797513277],[-76.517340037483265,3.2476024620087247],[-76.51734043084052,3.2476004935729113],[-76.517375361870108,3.2476007065382206],[-76.517788592592993,3.2476032261678314],[-76.518192757922321,3.2476056908526552],[-76.518316009370139,3.247606442100162],[-76.518311475335352,3.2472097352270626],[-76.518304112015556,3.2465654274755051],[-76.515674807543618,3.246529735635562],[-76.515656962004599,3.247529109337949],[-76.515670770959474,3.2475498227331512],[-76.515704551255752,3.2476004930690898]]]},"properties":{"Codigo":"104","Nombre":"Oasis de Terrananova 1"}},{"type":"Feature","geometry":{"type":"Polygon","coordinates":[[[-76.519974366573649,3.2458024948176476],[-76.519917332005718,3.2466433278985107],[-76.519807087233445,3.248268627601814],[-76.519776242176363,3.2487233590865721],[-76.519775910194326,3.248728257481829],[-76.519713479737206,3.2496486321682228],[-76.51973776200947,3.2496502607124333],[-76.519740092172142,3.249650416639779],[-76.51974085329509,3.2496504740326957],[-76.520558257297708,3.2497053015973751],[-76.520557676103692,3.2497151138082794],[-76.52086488820558,3.2497482537026841],[-76.521017739007974,3.2497647422633622],[-76.521019559436439,3.2497362470439866],[-76.521028738687988,3.249592607158112],[-76.521232886911591,3.2463977368914425],[-76.52124266949852,3.2462446437888173],[-76.52121790960895,3.2462067300844648],[-76.520970570607616,3.2458279856321721],[-76.520893817016457,3.2456513890253107],[-76.5208906872802,3.2456441872769131],[-76.520886864070306,3.2455938745617861],[-76.520873670433687,3.2454202285485536],[-76.521096589402774,3.2452251129774945],[-76.521176627533549,3.2451275382607609],[-76.52002156052869,3.2451067227657444],[-76.519974366573649,3.2458024948176476]]]},"properties":{"Codigo":"105","Nombre":"El Rodeo"}},{"type":"Feature","geometry":{"type":"Polygon","coordinates":[[[-76.517445108755751,3.2478722135468847],[-76.517581254053013,3.2478760132184146],[-76.517674556374288,3.2478990342857132],[-76.517834494880475,3.2479527173429821],[-76.518038226351166,3.2480217380999332],[-76.518065463925907,3.2480302509268046],[-76.518223945440312,3.2480797832990156],[-76.518379459924233,3.2475892396456887],[-76.519020578692363,3.245566935664244],[-76.519171333537201,3.2450914004288149],[-76.52002156052869,3.2451067227657444],[-76.521176627533549,3.2451275382607609],[-76.521096589402774,3.2452251129774945],[-76.520873670433687,3.2454202285485536],[-76.520886864070306,3.2455938745617861],[-76.5208906872802,3.2456441872769131],[-76.520893817016457,3.2456513890253107],[-76.520915448357471,3.2456157662292902],[-76.521431683353697,3.2451934369615141],[-76.522116977978143,3.2446327996162023],[-76.522136897359786,3.2446165043011339],[-76.522678965091757,3.2446602500663224],[-76.523087699668565,3.2446932360660306],[-76.523391657348654,3.2447177660445283],[-76.523521015886189,3.2447282058920663],[-76.523297038202088,3.2445009700106517],[-76.523213695037981,3.2444164147801584],[-76.522867771374607,3.2440654580020882],[-76.522379846029139,3.2435704324476782],[-76.521853757943688,3.2430366880705823],[-76.521486979940832,3.2426645724665968],[-76.521077580214651,3.2422371019747538],[-76.521052518526062,3.2422576808070414],[-76.521045693011899,3.2422632854933124],[-76.52072319616515,3.242528093743779],[-76.520486443463639,3.2427224963334305],[-76.519847468075881,3.2432471699651146],[-76.519242445998799,3.2437439625032018],[-76.518853636134665,3.243517578567308],[-76.518841363592941,3.2435104332383133],[-76.518467953730536,3.2432930165961462],[-76.518467918653513,3.2432929957778458],[-76.517913742559855,3.242965456417279],[-76.517601675911862,3.2427805658869966],[-76.517489994346505,3.2427143978931694],[-76.51731230966567,3.2426286178799977],[-76.517270963094404,3.2426086569509853],[-76.517175417184831,3.2429472631166489],[-76.517022575774234,3.2433423062229791],[-76.516986614711314,3.24343525429137],[-76.516910545647093,3.2435251036215895],[-76.516889428453439,3.2435500459494864],[-76.51688011450436,3.2435553345218033],[-76.51632365156452,3.2438712998783399],[-76.516122266632991,3.2439913777819469],[-76.515716959538324,3.2442330476291481],[-76.515357096817922,3.2445308551677652],[-76.515242989988039,3.2446252850651898],[-76.515123898292785,3.2447238402771257],[-76.514980081869254,3.2448938455223137],[-76.514976212409039,3.2448984191025949],[-76.514876158641243,3.2450323501471012],[-76.514823717169463,3.2451615222447234],[-76.514787919685915,3.2453242005986125],[-76.514773955917946,3.2455248562417625],[-76.514747108994555,3.2459438670218201],[-76.514901247145261,3.2459477240907235],[-76.514938782349148,3.2459486638320043],[-76.514944420833885,3.2460836106664557],[-76.514944677610927,3.2464505174616227],[-76.51493929589374,3.2466824765166344],[-76.514918783447058,3.2467849915028499],[-76.514898270994536,3.2468875064877238],[-76.514851092692027,3.2469678720923993],[-76.514821114995783,3.2470189372454303],[-76.514803914380863,3.2470482385977379],[-76.514760950641005,3.2472563719208711],[-76.514733207554656,3.2473907692593524],[-76.514717986875993,3.2474645061425402],[-76.514738404932956,3.2478120849016121],[-76.51474345597083,3.2478980637349388],[-76.514942182934675,3.2479183289321094],[-76.515052761775877,3.2479324362925976],[-76.515081598965381,3.2479361148150607],[-76.515085990845293,3.2479337525341743],[-76.515153150607077,3.2478976281515761],[-76.515315070876824,3.2478115834680965],[-76.515444601084184,3.2477542329884983],[-76.515547455443496,3.2477236646190777],[-76.515626168869602,3.2477223566544446],[-76.515770270035574,3.2477199611499694],[-76.515951180409772,3.2477315467041774],[-76.516092098964478,3.2477411955165021],[-76.516193021151707,3.2477603930760663],[-76.516341545916234,3.2477911008435401],[-76.516495780665267,3.2478275549644775],[-76.516657637320279,3.2478582710264905],[-76.516741420268616,3.2478755445839731],[-76.516748307319148,3.2478759291314772],[-76.516914713943422,3.247885212233891],[-76.517040402026183,3.247887195749299],[-76.517120387979773,3.2478853259057314],[-76.51724227604528,3.2478719957213222],[-76.517301314264856,3.247868199801192],[-76.517445108755751,3.2478722135468847]],[[-76.517328533614602,3.2476599797513277],[-76.516614694925309,3.2476956716720045],[-76.516606585691747,3.2476389116641342],[-76.516602797262237,3.2476123910431793],[-76.51648572548325,3.2476108400157311],[-76.515704551255752,3.2476004930690898],[-76.515670770959474,3.2475498227331512],[-76.515656962004599,3.247529109337949],[-76.515674807543618,3.246529735635562],[-76.518304112015556,3.2465654274755051],[-76.518311475335352,3.2472097352270626],[-76.518316009370139,3.247606442100162],[-76.518192757922321,3.2476056908526552],[-76.517788592592993,3.2476032261678314],[-76.517375361870108,3.2476007065382206],[-76.51734043084052,3.2476004935729113],[-76.517340037483265,3.2476024620087247],[-76.517328533614602,3.2476599797513277]]]},"properties":{"Codigo":"106","Nombre":"PP El Rodeo (Sector por desarrollar)"}},{"type":"Feature","geometry":{"type":"Polygon","coordinates":[[[-76.521702695063965,3.2285414351928128],[-76.522195464752386,3.2285486570142465],[-76.522839857745922,3.2285525045689183],[-76.523152455060043,3.228556826560089],[-76.523625533703935,3.2285633650092387],[-76.524028695648724,3.2285913131576742],[-76.524941696001903,3.2287540621826056],[-76.528255717052332,3.229662134799844],[-76.528712284354981,3.2288109848855422],[-76.529649639707372,3.2273741152979327],[-76.529758002941861,3.2272080053034169],[-76.529687543920687,3.2270898132412702],[-76.529608377209371,3.2269339044699912],[-76.529565776212195,3.2268006754145233],[-76.529543021552456,3.2267295137349592],[-76.529529329867103,3.2265736421978497],[-76.529553534720819,3.2264316486478002],[-76.529598405231795,3.2263035201412982],[-76.529646078237519,3.2262392981733887],[-76.529705572967558,3.2261536081988256],[-76.529718978577534,3.2261414309192906],[-76.529814177929651,3.2260549590356211],[-76.529881420683893,3.225974469339838],[-76.53004997818114,3.2250030227429445],[-76.530135555689938,3.2245017136025891],[-76.530128845884363,3.2240471936945476],[-76.530090896488886,3.2237906831241845],[-76.53007957072299,3.2236030945518612],[-76.530098693324618,3.2234538050357475],[-76.530163559830086,3.223231803791561],[-76.530216932765697,3.2231361269731549],[-76.530616965457469,3.2229104786554292],[-76.530837938811246,3.2227804392699375],[-76.532074703968959,3.2212047606661431],[-76.531779802019457,3.2209225934656422],[-76.531229255414004,3.2204563341420696],[-76.530613288730976,3.2199461835289234],[-76.530155414621859,3.2195484970228589],[-76.529913179010649,3.2193125982925306],[-76.529284054116232,3.2187349602648947],[-76.528691597990303,3.2183143588963876],[-76.527738547117025,3.2176327956663053],[-76.527141420949931,3.2173116024870949],[-76.526558349709035,3.2179544247436045],[-76.526882725836572,3.2184673852898831],[-76.527049001646333,3.219195030194006],[-76.527013730215387,3.2192725321047195],[-76.526772017261663,3.2192863678838495],[-76.526595129983193,3.2193507447954057],[-76.526244381604371,3.2194783951045762],[-76.526133961554507,3.2195185800459165],[-76.525869298301046,3.2196248062003066],[-76.524454434800845,3.2198992133816975],[-76.524214395218564,3.2200713523351534],[-76.523700311730039,3.2199102867202924],[-76.52187715819845,3.2202466720978475],[-76.521477301253682,3.2203204481768086],[-76.521339697064732,3.2203423680091308],[-76.521298358825959,3.2203597802193888],[-76.521086343866557,3.2204490818859877],[-76.520517028735782,3.2207693377637039],[-76.520435698658346,3.2208164359765323],[-76.520082299316684,3.2208853727378846],[-76.519829005932124,3.2208883651195426],[-76.519613233248919,3.2209008071857324],[-76.519384958118152,3.2208975283427534],[-76.519065971948564,3.2209444820980142],[-76.518750112080696,3.2209882986520939],[-76.518708580198322,3.2209828979176285],[-76.518695092931239,3.2209533778261985],[-76.518616992442446,3.2208276066676271],[-76.518470076825778,3.2207300840247197],[-76.518326403983664,3.2206468845155816],[-76.517785488012564,3.2203336422971058],[-76.517385375194678,3.2200819535319107],[-76.51736349620937,3.2200630832332848],[-76.517147797712838,3.2199435172924247],[-76.517002373593471,3.2197925377564376],[-76.516949035572367,3.2197371607663681],[-76.516941779318714,3.2201096124940847],[-76.516715995779649,3.220030527200517],[-76.516618193769915,3.2199962680967986],[-76.516217229338011,3.2198663728652974],[-76.516184450680726,3.2203043918784027],[-76.516170751810577,3.2207863015650826],[-76.51615890130573,3.2212033008971575],[-76.516154472381487,3.2214361306060111],[-76.516152443666471,3.2215427524742686],[-76.516164481976901,3.2223316772069293],[-76.516168855605301,3.222447785079519],[-76.516176795890615,3.22265856491298],[-76.516207690358684,3.2232903449504731],[-76.516794375071768,3.223340623908427],[-76.51691314246213,3.2233508023507969],[-76.516809983490205,3.2239441163435116],[-76.516740674151535,3.2239411589276474],[-76.51655637045981,3.2239332962627336],[-76.51642071564568,3.2249824520916706],[-76.516197332020454,3.2267101014120749],[-76.516050170363201,3.2279172919432755],[-76.516119967987393,3.2279293614228917],[-76.516120205447677,3.2279278278664294],[-76.51616015962486,3.2279363106276189],[-76.518544153834952,3.2284424711176016],[-76.518932433382744,3.2285249087364223],[-76.519444565441702,3.2286336418630861],[-76.520365777776476,3.2288292290558585],[-76.520812758389781,3.2284253325071677],[-76.520822847419879,3.2285312946497688],[-76.521199589857602,3.2285307439904276],[-76.521702695063965,3.2285414351928128]]]},"properties":{"Codigo":"107","Nombre":"Edén del Parque (Sector en desarrollo)"}},{"type":"Feature","geometry":{"type":"Polygon","coordinates":[[[-76.513771717366552,3.2286455039142159],[-76.513403809226546,3.2313572325825777],[-76.513412910990624,3.2313596340462056],[-76.513732504787939,3.2314500764676395],[-76.513821762866044,3.2314753353097365],[-76.513900522282881,3.2315024990724828],[-76.514108372975571,3.2315741854759157],[-76.514127532790553,3.2315807939010623],[-76.514144484279754,3.2315866405818472],[-76.514157101873167,3.2315909918537229],[-76.514182992171328,3.2315994506018693],[-76.514186462561398,3.2316005847149198],[-76.514522120765989,3.2317102458410965],[-76.51477539693569,3.2317707522698709],[-76.51488167730858,3.2317910559106835],[-76.515107879662892,3.2316805229252381],[-76.515345999723721,3.2315430791992639],[-76.515488906582775,3.2313966100572706],[-76.515593156690485,3.2312052581330262],[-76.515628922900945,3.2310976096765986],[-76.515643990538209,3.2309789353794462],[-76.51564401674166,3.2309787310228448],[-76.515764360640219,3.2300308936957522],[-76.515998174300904,3.2283438246320255],[-76.516050170363201,3.2279172919432755],[-76.516197332020454,3.2267101014120749],[-76.515285698149583,3.2265803942547664],[-76.514062245362311,3.2264194086910027],[-76.513771717366552,3.2286455039142159]]]},"properties":{"Codigo":"108","Nombre":"Bonanza - Las Margaritas"}},{"type":"Feature","geometry":{"type":"Polygon","coordinates":[[[-76.509793172161025,3.2295770934423373],[-76.509881769663266,3.2296021532713022],[-76.509959959743568,3.2296268654314573],[-76.510016766672706,3.2296470929436207],[-76.51008167905006,3.2296687022419723],[-76.510184388262161,3.2297082739695826],[-76.51026293624453,3.2297414414802312],[-76.510285788431958,3.2297510913780405],[-76.510385775220144,3.2297971110031618],[-76.510464899269607,3.2298363159057542],[-76.510496276872232,3.2298525610895394],[-76.510583496600646,3.2299042905046744],[-76.510668680313572,3.2299593086032585],[-76.510723117511148,3.2299973530095554],[-76.510772625710317,3.2300330452903894],[-76.51084092659211,3.2300834655199946],[-76.510934710784966,3.2301574153425672],[-76.511059617822056,3.2302836509202417],[-76.511131249478623,3.2303615147804061],[-76.511203270796784,3.230447343898593],[-76.511222339760835,3.2304700686924277],[-76.511279259605004,3.2305367119380457],[-76.511340221109322,3.2305996778616297],[-76.511408221635165,3.2306597096631591],[-76.511501134529453,3.230731300556005],[-76.511585049752952,3.2307880297208249],[-76.511630350601138,3.2308164346043142],[-76.51171827886364,3.2308610719440392],[-76.511808385125207,3.2309011302336921],[-76.511917475207014,3.230937377575688],[-76.512000228063144,3.230959986953406],[-76.512132388512711,3.2309921760308762],[-76.51254057882592,3.2310947045028353],[-76.512626782943983,3.2311205549525122],[-76.513029144091732,3.2312462272718996],[-76.513256039787535,3.2313170952214567],[-76.513331097667887,3.2313380444397266],[-76.513403809226546,3.2313572325825777],[-76.513771717366552,3.2286455039142159],[-76.514062245362311,3.2264194086910027],[-76.511876106962532,3.22575766653955],[-76.511240776054663,3.2278991876345997],[-76.509841353303926,3.2274103090469444],[-76.509793172161025,3.2295770934423373]]]},"properties":{"Codigo":"109","Nombre":"Bonanza - La Primavera"}},{"type":"Feature","geometry":{"type":"Polygon","coordinates":[[[-76.512580695110586,3.2234251187406722],[-76.511876106962532,3.22575766653955],[-76.514062245362311,3.2264194086910027],[-76.515285698149583,3.2265803942547664],[-76.516197332020454,3.2267101014120749],[-76.51642071564568,3.2249824520916706],[-76.51655637045981,3.2239332962627336],[-76.516310061699869,3.2238787013198764],[-76.51485346067885,3.2236752254291847],[-76.512725434373777,3.2235448405710581],[-76.512681852835186,3.2234940282671163],[-76.512663769928338,3.2234632630571447],[-76.512617927182674,3.2233852717556841],[-76.512601570847394,3.2233560077356804],[-76.512580695110586,3.2234251187406722]]]},"properties":{"Codigo":"110","Nombre":"Bonanza - Los Girasoles"}},{"type":"Feature","geometry":{"type":"Polygon","coordinates":[[[-76.509180783863002,3.2294663251446334],[-76.509496040100217,3.229516076589519],[-76.509590173652185,3.229530931853954],[-76.50978038776806,3.2295734772227505],[-76.509793172161025,3.2295770934423373],[-76.509841353303926,3.2274103090469444],[-76.511240776054663,3.2278991876345997],[-76.511876106962532,3.22575766653955],[-76.512580695110586,3.2234251187406722],[-76.512601570847394,3.2233560077356804],[-76.512594248336654,3.2233429058205001],[-76.51254943874406,3.2232627312165936],[-76.511179542985488,3.2228752390199658],[-76.510707828353105,3.2227988219059083],[-76.50974600440189,3.2226428542212813],[-76.509021200421415,3.2225250098766853],[-76.5080593800798,3.2223655835602978],[-76.507781138435064,3.2223170718517018],[-76.507659747105748,3.2222825535825894],[-76.507564127331534,3.2222721058677379],[-76.507434921157355,3.2222460482967419],[-76.507328957348705,3.2222459842024187],[-76.507184203596395,3.2222848607785091],[-76.507052352091719,3.222362710702261],[-76.506954092401784,3.2224431820700228],[-76.506837725945033,3.2225522126559358],[-76.50676527435067,3.2226976405329943],[-76.506698025610845,3.2227833226925271],[-76.506594613799876,3.2228404096382484],[-76.506455038221219,3.2228637052753677],[-76.506338726313999,3.2228844132429733],[-76.506235327167118,3.2229155224480857],[-76.506165527956341,3.2229492513310665],[-76.506062084973038,3.223055692851307],[-76.505989657322573,3.2231595565129214],[-76.505987044638744,3.2232063152695911],[-76.505968934049136,3.2232400732719002],[-76.505805936581837,3.2235283187725217],[-76.505547263118387,3.2239048264741399],[-76.505511493326296,3.2239630266527075],[-76.505301495859328,3.2243047228279393],[-76.505123007697634,3.2245695806476857],[-76.504934167732415,3.2248552105679575],[-76.504830679017289,3.2250395840657324],[-76.504808619902022,3.2251034076285401],[-76.504944335808574,3.2253686038949549],[-76.505211831609287,3.22580258903854],[-76.505447398128538,3.2261682691353473],[-76.505750867833711,3.226590226593856],[-76.505983285273302,3.2268666508638999],[-76.506190156975052,3.2271126899163072],[-76.506713335367621,3.227691436769681],[-76.506970597016533,3.2279570911783857],[-76.506979187693247,3.2279659617363894],[-76.507118091599438,3.2281093935121294],[-76.507219214483612,3.228211638633637],[-76.507323591192488,3.228314548430236],[-76.507440204166443,3.2284295220885144],[-76.507472521231307,3.2284613850696973],[-76.507547179594056,3.2285349933949274],[-76.507689135538641,3.2286749534366819],[-76.507763749871629,3.2287485192244576],[-76.507947132295172,3.2289203997929556],[-76.508043005354367,3.2290102593799026],[-76.508104692767674,3.2290680786046959],[-76.508263491379481,3.2292171579462638],[-76.508361360622118,3.2293091455396108],[-76.508483430582643,3.2294238780257576],[-76.508511951135063,3.2294506838345525],[-76.508538981681909,3.2294760889546503],[-76.508594531886729,3.229528300785216],[-76.508619100290218,3.2295095097622819],[-76.508636514010149,3.2294961902287667],[-76.508785673149745,3.2294615292135607],[-76.508926103925205,3.2294519629128375],[-76.509180783863002,3.2294663251446334]]]},"properties":{"Codigo":"111","Nombre":"Ciudadela de las Flores"}},{"type":"Feature","geometry":{"type":"Polygon","coordinates":[[[-76.524509380096276,3.234493601138555],[-76.524378999458847,3.2364754344348423],[-76.524538891149916,3.2366133379970989],[-76.524787250028979,3.2369111165881237],[-76.524963206854622,3.2372748919067775],[-76.525134490714436,3.2374759668922617],[-76.525286811934478,3.2375286876464409],[-76.525520096854038,3.2375288152530004],[-76.526005798659938,3.2373663820657939],[-76.526844004663488,3.2368404618642219],[-76.52807519979018,3.2360749274199549],[-76.528072425971715,3.2360382629185636],[-76.527895291013152,3.2336969284300556],[-76.527876306903792,3.2335859000344436],[-76.52769352477921,3.2335168930262088],[-76.527202263633484,3.2333979508759336],[-76.527698151406199,3.2307015687251504],[-76.528255717052332,3.229662134799844],[-76.524941696001903,3.2287540621826056],[-76.524509380096276,3.234493601138555]]]},"properties":{"Codigo":"112","Nombre":"Marbella"}},{"type":"Feature","geometry":{"type":"Polygon","coordinates":[[[-76.514249954597531,3.2353615157167979],[-76.514245346998848,3.2353750142990259],[-76.514231776525179,3.2354147704713143],[-76.514210050608199,3.235478418138412],[-76.51419905022189,3.2355106456634726],[-76.514182732124112,3.2355584530650781],[-76.514143567962464,3.2356731901027111],[-76.514120475972433,3.2357423052864109],[-76.514120461554327,3.2357423468760129],[-76.514106289303811,3.2357851221559573],[-76.514080391553435,3.2358632877833506],[-76.513996309669636,3.2361170679332742],[-76.513956182855623,3.2362381824229089],[-76.513913714713766,3.2363663608727631],[-76.513855628755834,3.2365416797284947],[-76.51376619972072,3.2368347259367498],[-76.51370264061201,3.2370430006192148],[-76.513680449852103,3.2371157171932112],[-76.513715668241076,3.2371227325030429],[-76.513810408580838,3.2371416038271139],[-76.513928638350066,3.2371651535244084],[-76.514177762465437,3.2372147757017062],[-76.51439750848786,3.2362757842372232],[-76.514506875371239,3.235808450345663],[-76.514545027899942,3.235645419653546],[-76.514256206801377,3.2353431990538328],[-76.514249954597531,3.2353615157167979]]]},"properties":{"Codigo":"113","Nombre":"Villa Delfa"}},{"type":"Feature","geometry":{"type":"Polygon","coordinates":[[[-76.552939290740426,3.2593096911728723],[-76.552473586770617,3.2603804838676869],[-76.553262333946734,3.2607221044317027],[-76.553906893523902,3.2610012739724299],[-76.554706741878391,3.2601055441305662],[-76.55470679859414,3.2601054799546811],[-76.554694245873975,3.2600998025269279],[-76.5541447247262,3.2598512730035787],[-76.554129261165031,3.2598443216966015],[-76.553930035720967,3.2597547631697275],[-76.55345243039126,3.2595400619438046],[-76.552939357399097,3.2593095383806676],[-76.552939290740426,3.2593096911728723]]]},"properties":{"Codigo":"114","Nombre":"Brisas y Mirador de Farallones"}},{"type":"Feature","geometry":{"type":"Polygon","coordinates":[[[-76.555211848505877,3.2594817238546536],[-76.555211803491261,3.2594817789936501],[-76.55470679859414,3.2601054799546811],[-76.554706741878391,3.2601055441305662],[-76.553906893523902,3.2610012739724299],[-76.553013472491273,3.26198684972193],[-76.552936772908467,3.2620714603839933],[-76.552471984806985,3.2625841885847611],[-76.552523635377796,3.2626154131758907],[-76.553686030927537,3.2633181220302361],[-76.553487657145652,3.2639228770559905],[-76.553121753951061,3.2644126969740239],[-76.55303126334671,3.2646044439116735],[-76.552898322824333,3.264648410144027],[-76.552232594133613,3.2651648741398867],[-76.551933693599437,3.265396756581838],[-76.551474001390204,3.265753379711331],[-76.551392148749756,3.2659656468633411],[-76.550840043286726,3.2673974159366734],[-76.550512977994273,3.2680836683356747],[-76.550128747219048,3.2688898631854584],[-76.54988027401771,3.2694112111527995],[-76.549885423020967,3.2695165505369101],[-76.549871467309231,3.2696318470475334],[-76.549884668825584,3.2696340496609788],[-76.550805643476764,3.2697877268463342],[-76.551025761822785,3.2698244561950891],[-76.552643317959138,3.270094365778788],[-76.552871705229876,3.2701324745286797],[-76.553150193869925,3.2699147652878877],[-76.553138291096616,3.269759262496172],[-76.553349540484746,3.2697102154483524],[-76.553416705058808,3.269638308917294],[-76.553506523978655,3.2695421473101645],[-76.553666322445608,3.2693710665745814],[-76.55386268828174,3.2691608351123289],[-76.554074406584263,3.2689341669006011],[-76.554289478151247,3.268703909398448],[-76.554422278428007,3.2685617312407391],[-76.554573408009617,3.2684351727117482],[-76.554816946201825,3.2682027062661954],[-76.555141095008338,3.2678932922634902],[-76.555337467179072,3.2678071641624697],[-76.555470353321397,3.2677786349768954],[-76.555705220898929,3.2677282106645209],[-76.555857015572158,3.267675684771941],[-76.55592301364382,3.2676528466725161],[-76.5560353188947,3.2676076946347186],[-76.556083683178173,3.2675882502188469],[-76.556312185406213,3.2674482937674965],[-76.556543804509062,3.2672973534090408],[-76.556637089355519,3.2672365623235007],[-76.556743696425599,3.267156723603192],[-76.556819179679309,3.2671001942494602],[-76.557000476072616,3.2670063695437919],[-76.55733189292674,3.2668749984582512],[-76.557732651685001,3.2667161408259742],[-76.557796336798162,3.2666908968427761],[-76.557815758741611,3.2666831977514859],[-76.557918879583568,3.2659393483200279],[-76.55799755661063,3.265371825206949],[-76.558082379599341,3.2647446511102434],[-76.558110879557717,3.2645341649923325],[-76.558496737115433,3.2616844390289179],[-76.558614247168009,3.2608165733951293],[-76.558014412681345,3.2605696908814545],[-76.555581623844276,3.2595242694355937],[-76.555500031198861,3.2594811930044294],[-76.555314359787218,3.2594566014704469],[-76.555239674620296,3.2594339197364413],[-76.555211848505877,3.2594817238546536]]]},"properties":{"Codigo":"115","Nombre":"Parque Natura (Sector en desarrollo)"}},{"type":"Feature","geometry":{"type":"Polygon","coordinates":[[[-76.550594711686131,3.2595667059521358],[-76.552473586770617,3.2603804838676869],[-76.552939290740426,3.2593096911728723],[-76.552939357399097,3.2593095383806676],[-76.552753258776036,3.2592259241688004],[-76.552177874168564,3.2589864801733133],[-76.551257257370054,3.2585893678747713],[-76.550594711686131,3.2595667059521358]]]},"properties":{"Codigo":"116","Nombre":"Koa"}},{"type":"Feature","geometry":{"type":"Polygon","coordinates":[[[-76.543100196923547,3.2704882962715875],[-76.542978484869579,3.2706665728030915],[-76.543025990769721,3.2707038490698195],[-76.543073497573261,3.2707411253353249],[-76.543506253746017,3.270611198019528],[-76.543619166444486,3.2705772973478155],[-76.543939010735428,3.2704812695937777],[-76.544307845378214,3.270407388875002],[-76.545146925959628,3.270239313464907],[-76.545184876764537,3.270500131344503],[-76.546291880812475,3.2704050146872352],[-76.546213525262601,3.2700197588721691],[-76.546308767596912,3.2699815277255984],[-76.546970692149713,3.2697282599466155],[-76.54784867106828,3.2693612166742914],[-76.547865229503643,3.2693393422613726],[-76.54813834588758,3.2689785486273357],[-76.548712521077306,3.2671824613178413],[-76.548746917960656,3.2669585283402305],[-76.548769826668703,3.2668523076344713],[-76.548861290216323,3.2667547366298524],[-76.549864634533506,3.2654890830903707],[-76.549989854746045,3.2652984083706267],[-76.548818983835631,3.2647630643737169],[-76.548577294758289,3.2646525594575717],[-76.5485183236366,3.2646255963884427],[-76.548048068669473,3.2644105861281463],[-76.547595425463157,3.2642036278571611],[-76.547449956500401,3.2641371163503079],[-76.547439676189668,3.2641526287180822],[-76.546752909768685,3.2651889575869562],[-76.546220877510237,3.2659917905513911],[-76.546149941002156,3.266081045382609],[-76.545860214884598,3.2664455888591428],[-76.544691464520341,3.2681575085569077],[-76.544597684276667,3.2682948725187311],[-76.544491811282086,3.2684499497951194],[-76.54390454828976,3.2693101356577658],[-76.54372465176651,3.2695736360224332],[-76.543457305484282,3.2699652281077256],[-76.543100196923547,3.2704882962715875]]]},"properties":{"Codigo":"117","Nombre":"La Reserva Ciudadela (Sector en desarrollo)"}},{"type":"Feature","geometry":{"type":"Polygon","coordinates":[[[-76.543198477820511,3.2693126486282416],[-76.54317357561041,3.2693150335218819],[-76.543149130486853,3.2693173743484936],[-76.543024962250612,3.2693292664324303],[-76.543018068164329,3.269329926502647],[-76.542932720346457,3.2693406158135065],[-76.542826059036386,3.2693542697691145],[-76.542683514030458,3.2693725182546882],[-76.542657258301318,3.2693755137179417],[-76.542556370792269,3.2693870320623288],[-76.54253431975873,3.2693895477803943],[-76.542433823677115,3.2693975847645258],[-76.542063136990336,3.2704296506306929],[-76.542493681955349,3.2706859664870018],[-76.542566334873101,3.2707292191955477],[-76.542688415304653,3.2708050504645403],[-76.542717461689591,3.27082309324325],[-76.54275909478352,3.2708489541060426],[-76.542864690651456,3.2707611713861175],[-76.542978484869579,3.2706665728030915],[-76.543100196923547,3.2704882962715875],[-76.543457305484282,3.2699652281077256],[-76.54372465176651,3.2695736360224332],[-76.54390454828976,3.2693101356577658],[-76.543893766112845,3.2693097618514195],[-76.543685089967482,3.269302528156651],[-76.543680113647667,3.2693023554904941],[-76.543198477820511,3.2693126486282416]]]},"properties":{"Codigo":"118","Nombre":"Rustico Sol Naciente (Sector por desarrollar)"}},{"type":"Feature","geometry":{"type":"Polygon","coordinates":[[[-76.542445878160095,3.2711970569408564],[-76.542332964484459,3.2713225468192451],[-76.542142358396561,3.2716287023004869],[-76.542069130094561,3.2718134378461241],[-76.541979167365696,3.2719512049937682],[-76.542004237072945,3.2719690060242717],[-76.542098763386832,3.2720361250455401],[-76.542139886980081,3.2720591163208144],[-76.542146854053925,3.2720582853862035],[-76.542739317159715,3.2719876188235673],[-76.542831190211928,3.2719766608657399],[-76.542938180494559,3.2719607671795181],[-76.543219880293421,3.2719189203879173],[-76.543447359702711,3.271885128065362],[-76.543268310656117,3.2715459629990216],[-76.543152138530161,3.2713259035216589],[-76.543084480834395,3.2711977442162352],[-76.543080251835221,3.2711897343723968],[-76.542945679826829,3.2709348187229295],[-76.54275909478352,3.2708489541060426],[-76.542445878160095,3.2711970569408564]]]},"properties":{"Codigo":"119","Nombre":"La Playita"}},{"type":"Feature","geometry":{"type":"Polygon","coordinates":[[[-76.536086032724398,3.2738808747813288],[-76.536318732349713,3.2739451791092939],[-76.536356057671654,3.2739554938916355],[-76.536365790923909,3.2739556221532409],[-76.536422463861612,3.2739563672730991],[-76.536479135900194,3.273957112389263],[-76.536535808839119,3.2739578575027073],[-76.53672527016596,3.2739195400961125],[-76.538351187984759,3.2735907056138687],[-76.538319199276984,3.2733963823393863],[-76.538287209676284,3.2732020581603987],[-76.538253557159663,3.2730064534992951],[-76.53808554689644,3.273030688407871],[-76.537972630651666,3.273046976232036],[-76.537688539420557,3.273323490461983],[-76.537556128243082,3.2733908913705081],[-76.537320202497853,3.2733982025094801],[-76.536931944175493,3.2734769548869687],[-76.536779079743752,3.2736022541414722],[-76.536463801762935,3.2737390729386693],[-76.536213957680772,3.2737033813376533],[-76.536086032724398,3.2738808747813288]]]},"properties":{"Codigo":"120","Nombre":"Samanes del Country (Sector en desarrollo)"}},{"type":"Feature","geometry":{"type":"Polygon","coordinates":[[[-76.545524409849648,3.2843085614022107],[-76.545530837335122,3.2843125075896071],[-76.545534408211878,3.2843265026475446],[-76.54553083996916,3.2844248280661494],[-76.545522986202343,3.2844654296805662],[-76.545510847824119,3.2845281789446883],[-76.545511835900484,3.2845924752512294],[-76.545536334751532,3.284672931321893],[-76.545539596055235,3.2846836426986399],[-76.545573668179429,3.2847607290376346],[-76.545630676970163,3.2848694293308585],[-76.545641843650102,3.284901834586015],[-76.545652992280807,3.2849649444571734],[-76.545656739290891,3.2849861541202334],[-76.545673299006111,3.2850645341928795],[-76.545711841725975,3.285148907966851],[-76.545759183631205,3.285257707988722],[-76.545798225595263,3.2853406215826229],[-76.545855670845967,3.2854271513637565],[-76.545878656537468,3.2854511619815883],[-76.545983345633445,3.2855036972139904],[-76.546061990196847,3.2855248700321709],[-76.546142136816115,3.2855181107011302],[-76.546172449863093,3.2854982304692171],[-76.546231690369282,3.2854465135014932],[-76.546247419664297,3.28542450037033],[-76.546267237659038,3.2853713697199045],[-76.546282777419208,3.2852721789367236],[-76.546279562575464,3.285221222583905],[-76.546272777445111,3.2851738534942294],[-76.546254209099217,3.2850791171672729],[-76.546218366893996,3.2849292662389802],[-76.546197074606795,3.2848063911388037],[-76.54616886368899,3.2846572225117416],[-76.546165557176607,3.284631600096394],[-76.54615662241973,3.2845623738135159],[-76.546157989034796,3.2845404334936985],[-76.54616412807043,3.284502845893309],[-76.546170834553806,3.2844828273512916],[-76.546199495952962,3.2844180911036016],[-76.546263840707979,3.2843338952676602],[-76.546334765517571,3.2842458515210953],[-76.546352906131347,3.2842237845091597],[-76.546377789227705,3.2841867748118809],[-76.546383717466256,3.2841700836788665],[-76.546390446944258,3.2841559141640948],[-76.546397634654994,3.2841344354303437],[-76.546402478415487,3.2841063639967687],[-76.546425031228523,3.2840522111273707],[-76.546446279536795,3.2840301756132164],[-76.546517025298684,3.283947164185681],[-76.546608319171142,3.283856081976638],[-76.546662480710978,3.2837971359844991],[-76.54669625133613,3.2837518349599142],[-76.54672267675825,3.2836923116935459],[-76.546728865486742,3.2836644986994061],[-76.54673161817469,3.2836228959972029],[-76.546745290712309,3.2835580830021436],[-76.546792664008791,3.2834780197614895],[-76.546817078505782,3.2834338043276836],[-76.546834722773738,3.2834076848655318],[-76.546842458312952,3.283379574275167],[-76.546853505201128,3.2832656726153902],[-76.546860854776369,3.2832306891319276],[-76.546871343392439,3.2832011313185645],[-76.546880788126131,3.2831531586691725],[-76.546919326796271,3.2830492433880458],[-76.546934700112402,3.2830145761639562],[-76.546951644245169,3.2829938052645837],[-76.546969794059436,3.2829866275545148],[-76.54698943085063,3.2829851323592716],[-76.547007581219162,3.2829854305044961],[-76.547009187110604,3.2829857162151383],[-76.54703108660965,3.2829896163799801],[-76.54704864163368,3.2829961954814548],[-76.547067055662453,3.2830066608215467],[-76.54713324327885,3.2830633650125556],[-76.547144948584901,3.2830793963664151],[-76.547157643100888,3.2830998032552383],[-76.547221609447391,3.2831766269547762],[-76.547238217089173,3.2832053030470574],[-76.547306316684711,3.2832551807763726],[-76.547365892733083,3.2832953526213537],[-76.54738647468352,3.283306709848044],[-76.547460914029756,3.283347788479849],[-76.547487372222847,3.2833557079688744],[-76.547538374080261,3.2833764309595792],[-76.547643627286931,3.283382766464447],[-76.547733757934864,3.2833679757672933],[-76.547783300120372,3.2833311961796854],[-76.547848404529617,3.2832478144818311],[-76.547854263027645,3.2832319380729897],[-76.54784664454516,3.283198445038388],[-76.547845145459775,3.2831662059084521],[-76.547851402199242,3.283094617532579],[-76.547860447184675,3.2830692585096632],[-76.547881868434047,3.2830348078988272],[-76.547908728187522,3.2830114514332336],[-76.547936814647073,3.2830027932244521],[-76.547972128637682,3.2830080108380493],[-76.548024372265274,3.2830114071504655],[-76.548054340042356,3.2830182152959568],[-76.548075229708232,3.2830278671606608],[-76.548113163924754,3.2830549783881158],[-76.548149136818395,3.2830767414390496],[-76.548310336015817,3.2831310598994308],[-76.548419517141824,3.2831534586995126],[-76.548438422605614,3.2831533719882868],[-76.548438502674713,3.2831533874039796],[-76.548462686193517,3.283158131561478],[-76.548477265174924,3.2831658620419066],[-76.548491852771505,3.2831760296183017],[-76.548505505287551,3.2831935070679665],[-76.548516692870948,3.2832017394412527],[-76.548525946131775,3.2832114411800926],[-76.548541069224768,3.2832332998457501],[-76.548553719026742,3.2832429880163372],[-76.548577164673034,3.2832838115866316],[-76.548593826879525,3.2833251506207977],[-76.548601704455137,3.283351914886615],[-76.548601960739433,3.2833573173178823],[-76.548605937779712,3.2833792261266699],[-76.548603604305058,3.2834279486326752],[-76.548604171687856,3.2834474384325749],[-76.548598459877127,3.2834718289207543],[-76.548591758903953,3.2835191049365928],[-76.548585978971758,3.2835395806686645],[-76.548546509373566,3.2836055474504628],[-76.548487980529742,3.2836782691755007],[-76.548426748761031,3.2837579887492971],[-76.548417631840152,3.283773015195516],[-76.548412246696728,3.2837818916651558],[-76.548408492363095,3.2838223499096251],[-76.548412945875583,3.2838432868482386],[-76.54841680107053,3.2838505242111289],[-76.548418276665103,3.2838607553541692],[-76.548433458861908,3.2838899922466154],[-76.548442716368783,3.2839001823118585],[-76.548449522443619,3.2839113757523015],[-76.548457327503684,3.2839220587936935],[-76.548476310637426,3.2839385416348672],[-76.548487484209232,3.2839511860873873],[-76.548504995996311,3.283964753583462],[-76.548519570868692,3.283980313502068],[-76.548536587537242,3.2839909553203799],[-76.548549210338521,3.2840006751286026],[-76.548561350758803,3.2840054897509638],[-76.548580284265654,3.2840102772376785],[-76.548591925322427,3.2840116823789938],[-76.548619562296651,3.2840125995605813],[-76.548639921380655,3.2840115324539805],[-76.548675753398712,3.2840001563980259],[-76.548773615837334,3.2839798001313505],[-76.548876327132092,3.2839386565460718],[-76.548943375282818,3.2838940142562278],[-76.548945094082072,3.2838917571290764],[-76.548986544238318,3.2838373329774773],[-76.549014782151303,3.2838093227753475],[-76.549043345364794,3.2838026226028565],[-76.549082858691818,3.2838040570074867],[-76.549146068158706,3.2838148743609827],[-76.549206119148337,3.2838298308292844],[-76.549266759597657,3.2838394133448663],[-76.54930708543958,3.2838681653042112],[-76.549332917166353,3.2839108656507641],[-76.549347600989435,3.2839536966298075],[-76.549351363345025,3.2839920880233144],[-76.549352952224879,3.2840915412050178],[-76.54934690629679,3.2842090139622977],[-76.549342326143943,3.2842715150245398],[-76.549333947061527,3.2843806353205034],[-76.549335440937185,3.2844006130321657],[-76.549327287013384,3.2844459539850681],[-76.549326483354392,3.2844839758082771],[-76.54932799048315,3.2845112638981546],[-76.549332957654599,3.2845375581891609],[-76.549337833923033,3.2845536347322271],[-76.54933790220467,3.2845692321562123],[-76.549342792234413,3.2845882286952763],[-76.54934528932489,3.2846047841593191],[-76.549345113534912,3.2846670660050741],[-76.549345048368963,3.2846900542121928],[-76.54934639761467,3.2847061713850985],[-76.551669591505572,3.2831675608560253],[-76.553773368199103,3.2817742563662757],[-76.554768205322603,3.28116349079313],[-76.555075481845478,3.2809748427791017],[-76.555280295531503,3.2808122508536433],[-76.555527999102281,3.2805731167958743],[-76.555648851693263,3.2803856124606381],[-76.555737658429877,3.2802478279433402],[-76.555937496212636,3.2798735677219577],[-76.556047958801329,3.2793900544089616],[-76.556123968117973,3.2789209068717504],[-76.556136799851899,3.2788417084569175],[-76.556174479264342,3.278549676494539],[-76.556237186361713,3.2780636748119836],[-76.556343281511886,3.2772942575839603],[-76.556421267963756,3.2767677926871239],[-76.556498083241792,3.2762492343742902],[-76.556601315182036,3.2754913001745836],[-76.556773335248749,3.2742912422176698],[-76.55682975360773,3.2738480350125325],[-76.556851544544855,3.2736768537738472],[-76.556944817840446,3.2730261048200355],[-76.557024322780961,3.2724825383499239],[-76.557070204709561,3.2721426168395018],[-76.557153242382853,3.2715036997893332],[-76.557215452099086,3.2710250423186089],[-76.557370494113982,3.2699533697752905],[-76.557607994236349,3.268208894485527],[-76.557712981255634,3.2674377425042116],[-76.557812866174018,3.2667040639397666],[-76.557815758741611,3.2666831977514859],[-76.557796336798162,3.2666908968427761],[-76.557732651685001,3.2667161408259742],[-76.55733189292674,3.2668749984582512],[-76.557000476072616,3.2670063695437919],[-76.556819179679309,3.2671001942494602],[-76.556743696425599,3.267156723603192],[-76.556637089355519,3.2672365623235007],[-76.556543804509062,3.2672973534090408],[-76.556312185406213,3.2674482937674965],[-76.556083683178173,3.2675882502188469],[-76.5560353188947,3.2676076946347186],[-76.55592301364382,3.2676528466725161],[-76.555857015572158,3.267675684771941],[-76.555705220898929,3.2677282106645209],[-76.555470353321397,3.2677786349768954],[-76.555337467179072,3.2678071641624697],[-76.555141095008338,3.2678932922634902],[-76.554816946201825,3.2682027062661954],[-76.554573408009617,3.2684351727117482],[-76.554422278428007,3.2685617312407391],[-76.554289478151247,3.268703909398448],[-76.554074406584263,3.2689341669006011],[-76.55386268828174,3.2691608351123289],[-76.553666322445608,3.2693710665745814],[-76.553506523978655,3.2695421473101645],[-76.553416705058808,3.269638308917294],[-76.553349540484746,3.2697102154483524],[-76.553138291096616,3.269759262496172],[-76.553150193869925,3.2699147652878877],[-76.552871705229876,3.2701324745286797],[-76.552643317959138,3.270094365778788],[-76.551025761822785,3.2698244561950891],[-76.550805643476764,3.2697877268463342],[-76.549884668825584,3.2696340496609788],[-76.549871467309231,3.2696318470475334],[-76.54963026135735,3.2696016426123395],[-76.549662900088023,3.2709591240742562],[-76.54936794626542,3.2710445313930725],[-76.548908147976121,3.2711776717704981],[-76.548817990420716,3.271191004104947],[-76.548779453659677,3.2711967034160385],[-76.548648661900387,3.2712160450135053],[-76.5484105083451,3.2712512635256501],[-76.548291341134544,3.2712688858238721],[-76.548131272531606,3.2713130312936971],[-76.548009666783614,3.271346568870896],[-76.547785724947857,3.2714083305741242],[-76.547603415917067,3.2714265631622248],[-76.547487618546157,3.2714383643509972],[-76.547487469182386,3.2714383796448594],[-76.547320266397435,3.2714554201870483],[-76.547077309211829,3.2714801811892529],[-76.546819041342289,3.2715065029587884],[-76.546810091216102,3.271507415165086],[-76.546640245768941,3.2715247236673894],[-76.546419235909497,3.2715440884476727],[-76.546230237333774,3.2715606487849178],[-76.546026317793462,3.2715785169043001],[-76.54576748140336,3.2716011964708396],[-76.545618323050803,3.2716142655919085],[-76.545604342351794,3.271615489805038],[-76.545458802892469,3.271628242514764],[-76.545285491710288,3.2716471739621462],[-76.544929325322173,3.2716860779507102],[-76.544906432992278,3.2716885787963585],[-76.544704169422872,3.2717106724139611],[-76.544554412805383,3.2717270308982758],[-76.544392704342584,3.2717446942162813],[-76.544327191433382,3.2717544265993914],[-76.544206116542966,3.2717724127077887],[-76.544206052657159,3.271772421716693],[-76.543951407295523,3.2718102500717219],[-76.543850411520182,3.2718252536256047],[-76.54356776515165,3.2718672411686072],[-76.543447359702711,3.271885128065362],[-76.543219880293421,3.2719189203879173],[-76.542938180494559,3.2719607671795181],[-76.542831190211928,3.2719766608657399],[-76.542739317159715,3.2719876188235673],[-76.542146854053925,3.2720582853862035],[-76.542139886980081,3.2720591163208144],[-76.542098763386832,3.2720361250455401],[-76.542004237072945,3.2719690060242717],[-76.541979167365696,3.2719512049937682],[-76.541954386800839,3.2719717726787017],[-76.541809148186786,3.2720923212216864],[-76.541539771365478,3.2724147713640881],[-76.541463907986639,3.2725055820786739],[-76.541379544970866,3.2726181013758335],[-76.541271069974883,3.2727627809088453],[-76.541123186551857,3.2729600225053042],[-76.541047624393826,3.2731745199039577],[-76.540795015863296,3.2738915918477818],[-76.540616058990196,3.2743995911124264],[-76.540295005428533,3.2753421403334597],[-76.540331313785842,3.2753413469166603],[-76.540351021663398,3.2753395335538507],[-76.540410633983939,3.2753355351804498],[-76.540413457455472,3.2753353458930343],[-76.540482175427059,3.2753307365885513],[-76.540661143755926,3.2753187324610447],[-76.541042981850637,3.2752931209747063],[-76.541077876063994,3.2753037128137024],[-76.543640644377319,3.2760816355887394],[-76.543688170732025,3.2762149458834871],[-76.543739886786071,3.2763353983614305],[-76.543746260757246,3.2763502431532947],[-76.543841553121212,3.2765721887063473],[-76.543852323185504,3.276597274341337],[-76.543946888598597,3.276817525746901],[-76.543967640639579,3.2768658599599263],[-76.543994934703619,3.2769294297118718],[-76.543997677321045,3.2769358155413086],[-76.543999925369306,3.2769416603343977],[-76.544285384577265,3.2776837763009712],[-76.544354261033135,3.2778628339132783],[-76.544486237433716,3.2782945081892696],[-76.544488019485541,3.2783121312487249],[-76.544483418150193,3.2783326609343493],[-76.544483095107097,3.2783548269788696],[-76.544473050349666,3.2783770574560096],[-76.544464585546635,3.2783873655739679],[-76.544461450876611,3.2783992238005317],[-76.544456975088565,3.27840354125119],[-76.544432866746604,3.2784984012507206],[-76.544418577236925,3.2785576035964223],[-76.544415626783618,3.278576690900342],[-76.544408902969295,3.2785989023533526],[-76.544398606639632,3.2786187543837806],[-76.54438260776277,3.2786810865026759],[-76.544338795440765,3.2788517805538473],[-76.544332323565158,3.278875660575046],[-76.544324737034088,3.2789791591465947],[-76.544321253242174,3.2790708985789987],[-76.54431464740486,3.2791489470382591],[-76.544304532953177,3.2792296893400144],[-76.544287873462082,3.2793433265947569],[-76.544272997365354,3.2793786143910597],[-76.544236699560585,3.2794491891924391],[-76.544190286074496,3.2795161766430532],[-76.544095371987382,3.2796478842400147],[-76.543953598474104,3.2798254762615464],[-76.54380752257147,3.2799636266912806],[-76.543733061047305,3.2800347163665045],[-76.543633604499462,3.2801571107888252],[-76.543530157588336,3.2802913539157488],[-76.543483738319253,3.2803741566258351],[-76.54340405628902,3.2805353859452646],[-76.543355506976866,3.2807222064690995],[-76.5433172713999,3.2808615259999456],[-76.54327280205915,3.2810370765968879],[-76.543224252684283,3.2812238971044758],[-76.543203957419706,3.2812726479028957],[-76.543107570241503,3.2813939994188783],[-76.54305996461062,3.2814284503243685],[-76.542973322788313,3.2814629028828213],[-76.542892392599242,3.2814887423251951],[-76.542836217313123,3.2815275301633777],[-76.54275481452386,3.2816231948890944],[-76.542731964991347,3.2816547743505984],[-76.542667535532388,3.2817340387473126],[-76.542582597617226,3.2818195643481003],[-76.542519701188013,3.2818973392680002],[-76.542488371881561,3.2819300318806204],[-76.542487225391625,3.2819321346670725],[-76.542458951321777,3.2819839684353749],[-76.542448241116688,3.2820205714682094],[-76.542447796354267,3.2820650917402534],[-76.542482625073319,3.2821552918007377],[-76.542498180012984,3.2821735254268858],[-76.542542329825167,3.2822252769341462],[-76.542577061921762,3.2823026250257352],[-76.542601777485473,3.282379420633684],[-76.542630167304424,3.2824990648676695],[-76.54264668096026,3.2825383827691126],[-76.542705578476316,3.2826408861029206],[-76.542745770685684,3.282681853507186],[-76.542793848358073,3.2827226044965871],[-76.542887054017541,3.2828267476619422],[-76.542895073743878,3.2828346094344569],[-76.542946593252381,3.2829001717466011],[-76.543004780232465,3.2829938125455631],[-76.543043588035658,3.283073200207097],[-76.543054341014155,3.283179559839756],[-76.543053106077565,3.2832177188424705],[-76.543050214515688,3.2833070287043147],[-76.543040019292533,3.283402249672422],[-76.543032984291983,3.2834460809490671],[-76.543005601030202,3.2835282047468701],[-76.543014370491477,3.2836269970329939],[-76.54303361457211,3.2836533858086283],[-76.543169693228037,3.283796249712966],[-76.543238404217817,3.2838448484369733],[-76.543318419891364,3.2838895041459071],[-76.543408736439105,3.2839296456848825],[-76.543458009841203,3.2839655294481425],[-76.543500652891169,3.2840135381283524],[-76.543536396121908,3.2840728134007802],[-76.543621573462858,3.2842296439955465],[-76.543658246223842,3.2842904606924224],[-76.543682122752685,3.2842988988692752],[-76.543709734749299,3.2842993757800869],[-76.543743534636363,3.2842941118932703],[-76.543773050269778,3.284279757487877],[-76.543799677456761,3.2842506551050459],[-76.543801477293101,3.2842415271575458],[-76.54380875331745,3.2842046365067001],[-76.543811133500768,3.2841802343317745],[-76.543809282460344,3.2841078694094983],[-76.54381183181863,3.2838529448657958],[-76.543804897994633,3.2837503148030276],[-76.543801372380813,3.2836172125473069],[-76.543793080998853,3.2835583544194482],[-76.543781240804819,3.2835185615633335],[-76.543733041303724,3.2834410597743906],[-76.543660078209896,3.283358404658574],[-76.543621517470228,3.2832999263786911],[-76.543590807522108,3.2832641755702374],[-76.543563857738576,3.2832264752979796],[-76.54352885571808,3.2831489371767142],[-76.543522831753364,3.2831204828455003],[-76.54350828718357,3.2830141672950628],[-76.543500049578228,3.2829591208227527],[-76.543499116718905,3.2829011890293058],[-76.543517346962517,3.2827832400538814],[-76.543514132819865,3.2827312066923615],[-76.543518772541717,3.2826910148361081],[-76.543528770515906,3.2826655361087829],[-76.543546978514499,3.2826504639526126],[-76.543571614634487,3.2826414920371541],[-76.543612318529114,3.2826389791131816],[-76.543673372922299,3.2826447188945846],[-76.543718479436038,3.2826537372535074],[-76.543782287377525,3.2826774975958113],[-76.543842267264736,3.2827090798900413],[-76.543905251552331,3.2827539353054522],[-76.543953964216385,3.2827918335193638],[-76.543988283194281,3.2828391576799745],[-76.54400111583719,3.2828568526750797],[-76.544041748476232,3.2828920029078548],[-76.544100284902314,3.2829207503384921],[-76.544125161237204,3.2829253873566517],[-76.544148523142809,3.2829201522184634],[-76.544219004851414,3.2828821921767415],[-76.544326532947295,3.2828231636837684],[-76.544390514300673,3.2827897297874147],[-76.544435770679698,3.2827791538118136],[-76.544452319759785,3.2827789501629319],[-76.54447224724008,3.2827857901111943],[-76.544498426873943,3.2827997231230968],[-76.544542806451517,3.2828324400627436],[-76.544658615782623,3.2829431694604274],[-76.544790028590199,3.2830537037317242],[-76.544879697648781,3.2831153309711842],[-76.544924689841096,3.2831585001322461],[-76.544981443459562,3.2831949186501226],[-76.544984278487291,3.2831967378111542],[-76.545032091006107,3.2832389209812183],[-76.545118467965409,3.2833395742500193],[-76.545173927792035,3.2833878474490836],[-76.545186446220811,3.2834093801171695],[-76.545273760260756,3.2835466345432476],[-76.545336148371717,3.2836539478061364],[-76.545351033267309,3.2836718274595542],[-76.545385778652857,3.2837279678420628],[-76.545386926276066,3.2837441165528451],[-76.54538622070406,3.2837631408531753],[-76.545379914517142,3.2837884135893787],[-76.545371089272123,3.2838013620732398],[-76.545361585688923,3.2838226785926574],[-76.545356230141721,3.2838452859585003],[-76.545357658534343,3.2838596406868121],[-76.545369255987069,3.2838822055728718],[-76.545387652231867,3.2839109549894214],[-76.545392067625286,3.2839289927230122],[-76.545386671372654,3.2839707061317829],[-76.545384737105223,3.2839856586133598],[-76.545366449096889,3.2840362851498286],[-76.545340139959251,3.2840884356640987],[-76.545312648377404,3.2841596138392002],[-76.545306712314101,3.2842148426354898],[-76.545308961880565,3.2842433428737925],[-76.545327388276249,3.2842797273186006],[-76.545343775835207,3.2843042480568077],[-76.545356213341037,3.2843155051131387],[-76.545373842009198,3.2843257494159528],[-76.545403371501976,3.2843293769847186],[-76.545426830903011,3.2843269913244479],[-76.545483591631978,3.2843161347995271],[-76.545485339112858,3.284315800238347],[-76.545510485784234,3.2843078431773631],[-76.545524409849648,3.2843085614022107]]]},"properties":{"Codigo":"121","Nombre":"PP Sachamate (Sector por desarrollar)"}},{"type":"Feature","geometry":{"type":"MultiPolygon","coordinates":[[[[-76.537102454317662,3.2424992789039844],[-76.536969089684163,3.2426083111966579],[-76.536614713909401,3.2429105497586028],[-76.536332774106242,3.2430826684466125],[-76.536062278813745,3.2432203384542682],[-76.535412530385116,3.2432730814377195],[-76.535359530883454,3.2432773836132545],[-76.534906253903671,3.2433422193572503],[-76.533889262245296,3.2434373758980577],[-76.533218532174359,3.2434893166488847],[-76.53123825230324,3.2436426657280824],[-76.528522481847631,3.2438708813960679],[-76.527945933757451,3.2439231411529743],[-76.527881164997353,3.243959474000166],[-76.527736308984473,3.2441871733402232],[-76.527690905363286,3.244250357231294],[-76.527683125151626,3.2442611846747047],[-76.527669414115934,3.2442802642236774],[-76.527543821430328,3.2444550427181049],[-76.527517924478019,3.2444779841998557],[-76.527435306260955,3.2445511746156876],[-76.527381871394525,3.2445985116912119],[-76.527373514501591,3.2446042792649834],[-76.527229464510469,3.2447037041691686],[-76.527226280790231,3.244714717691632],[-76.527201208546089,3.2448014388934801],[-76.527174133402781,3.2448950841183812],[-76.527061516439701,3.2453735484672648],[-76.527103246466922,3.2456798273833258],[-76.52720578975034,3.2462234889987118],[-76.527285781005929,3.2462101337313785],[-76.527295433817628,3.2462087554305312],[-76.52733600927715,3.246202963871379],[-76.527232153221419,3.2456111259338516],[-76.527210867889238,3.2454898315744307],[-76.527200834697311,3.2454326554260819],[-76.527225244420421,3.2453698860242852],[-76.527228757376349,3.2453573209057756],[-76.527234519455462,3.245336706949749],[-76.527271038155575,3.2452060638885643],[-76.52737470044849,3.245088211736209],[-76.527460095582768,3.2449427865670821],[-76.527499845332898,3.2449081989578437],[-76.52751502332795,3.2448949918260745],[-76.527620138718561,3.2448035269634552],[-76.527674793022399,3.2447206154291175],[-76.527694553283297,3.2446906387667429],[-76.527757366503536,3.2445953482126839],[-76.527753489567218,3.2445622324849626],[-76.527741746820155,3.2444619140239253],[-76.527937720513265,3.2440860904087763],[-76.527986477006834,3.2440784612148907],[-76.528342998763208,3.2440373111041567],[-76.528951088608849,3.2439921471566437],[-76.529145182790671,3.2439777316018552],[-76.529612776824692,3.2439383216726005],[-76.529872036233186,3.2439164700963765],[-76.530550411306564,3.243859292675161],[-76.531311684421027,3.24378702899803],[-76.531823505591774,3.2437538183560335],[-76.531870767012251,3.2437507521555573],[-76.532013941858423,3.2437371928575045],[-76.532523685587933,3.2436889178102373],[-76.533177301497346,3.2436303162759543],[-76.533376124718231,3.2436189390771313],[-76.534643022272661,3.2435041895781236],[-76.535199453995887,3.2434821069214963],[-76.535389868253532,3.2434679513022768],[-76.53586410981363,3.2434326972254794],[-76.53610724485246,3.2434020690466663],[-76.53613645488781,3.2433983897726955],[-76.536139799079081,3.2433967330833875],[-76.536247495349684,3.2433433856982545],[-76.536283131321014,3.2433257330101486],[-76.536438739856209,3.2432110762808168],[-76.536709065357982,3.2430118928649763],[-76.536727026030491,3.2429986590290443],[-76.536889535474501,3.2428784381399605],[-76.536921953833556,3.2428544554058001],[-76.537227972340702,3.2426280706233714],[-76.537269988019034,3.2425969879337186],[-76.537325264314703,3.2425051406621987],[-76.537324819416227,3.2424534090253179],[-76.537323470331685,3.2422965022663712],[-76.537344504491202,3.2421338145557486],[-76.537371212055234,3.2420476942713532],[-76.537462668825455,3.2419596942750948],[-76.537129421969894,3.2419231474320056],[-76.537102454317662,3.2424992789039844]]],[[[-76.528927606277534,3.2495001772801557],[-76.528868567177952,3.2495869233961141],[-76.528899017838029,3.2496236907134057],[-76.528812102893909,3.2497622243731463],[-76.529297956287394,3.2500350577139141],[-76.529482841496602,3.2501269954817853],[-76.529683301975396,3.2502266779853062],[-76.529708751315681,3.2501797967172346],[-76.529576723382107,3.2501025862671504],[-76.529482351818672,3.2500240416883064],[-76.529391698907375,3.249948591832323],[-76.5292082560441,3.2496881731090146],[-76.529014940328253,3.2493718578873585],[-76.528927606277534,3.2495001772801557]]]]},"properties":{"Codigo":"122","Nombre":"Jorge Eliecer Gaitan"}},{"type":"Feature","geometry":{"type":"Polygon","coordinates":[[[-76.537657979462949,3.2488359702528085],[-76.538321077100122,3.2490018418139854],[-76.539378359138126,3.2492706099873567],[-76.539455942588788,3.2492903317874728],[-76.539719299467222,3.2493544392468388],[-76.540092690567931,3.2494453320515388],[-76.540124121730656,3.2494492979280638],[-76.540299875170192,3.2494714739440638],[-76.540373012702929,3.2494546695090323],[-76.540393933610432,3.2494446700759418],[-76.540469018309793,3.2494087823141933],[-76.540682426946034,3.2491883906930599],[-76.541280842752897,3.2485083213220372],[-76.541288597189947,3.2485001379170604],[-76.54167241376328,3.2480950827646344],[-76.541881059374845,3.2478769860860037],[-76.542009657051878,3.2477794352647322],[-76.542123953032259,3.2477192009258973],[-76.542124937482484,3.2477188858487294],[-76.542123627271224,3.247707367976099],[-76.542121098192055,3.2476851434372658],[-76.5420537594471,3.2470084247157112],[-76.542047405432371,3.2467492396706548],[-76.542008190287703,3.246548337418238],[-76.541983136677203,3.2463728969603594],[-76.541872033501733,3.2461982191646372],[-76.541854529742778,3.2461707001153748],[-76.541838874258389,3.2461460857594],[-76.541835501339264,3.246140783857455],[-76.541679542544969,3.2458955856018381],[-76.541457939626767,3.2455471789010009],[-76.541263634179217,3.2452223672580467],[-76.541227310745654,3.2451616467257423],[-76.54112348280205,3.2449973125357836],[-76.541058977622569,3.2448891626929632],[-76.54095300745017,3.2449416253107808],[-76.540720527656845,3.2450567183673651],[-76.540147858995709,3.2453402267776807],[-76.539796038290575,3.2455144016681676],[-76.539666249645578,3.2455250049012561],[-76.537910612818166,3.2456684361800678],[-76.53734453758436,3.2464018528483294],[-76.537248542676721,3.246526223986252],[-76.537119575870335,3.2466933164410445],[-76.537071376717009,3.2467557632304107],[-76.537020606215009,3.2468215418857134],[-76.53691162756202,3.2469627368374354],[-76.536873340118049,3.2470123424500192],[-76.536868870878379,3.2470181329954029],[-76.536612161412094,3.2473507295412949],[-76.536623762333178,3.2475788997167978],[-76.536679329885075,3.2486718268048387],[-76.53668329390932,3.2488765669806261],[-76.536684516313841,3.2489396814485723],[-76.536690809112017,3.2490254866257975],[-76.536692617006096,3.2490501406247856],[-76.536692823339152,3.2490529594388677],[-76.536697343630479,3.2491084786556605],[-76.536758886077877,3.2490655430264987],[-76.536770235657869,3.2490576247474361],[-76.537015557977725,3.2489888489471683],[-76.537296690719927,3.2489063107819072],[-76.53734772938239,3.2489032753283706],[-76.537417803777558,3.2489178604344513],[-76.537515492644516,3.2489416353910352],[-76.537570268019195,3.2489229738174745],[-76.537569967968679,3.248922120901371],[-76.537559178442649,3.2488547384186499],[-76.537577513053165,3.2488338842478894],[-76.537595796410685,3.2488315971397785],[-76.537622774822651,3.2488271642726776],[-76.537657979462949,3.2488359702528085]]]},"properties":{"Codigo":"123","Nombre":"Villa Pyme (Sector en desarrollo)"}},{"type":"Feature","geometry":{"type":"Polygon","coordinates":[[[-76.541256265155809,3.2440504040107419],[-76.541042795630304,3.2443871731183727],[-76.541051405369586,3.2446542683525914],[-76.541056728247781,3.2448194001190749],[-76.541058977622569,3.2448891626929632],[-76.54112348280205,3.2449973125357836],[-76.541227310745654,3.2451616467257423],[-76.541263634179217,3.2452223672580467],[-76.541457939626767,3.2455471789010009],[-76.541679542544969,3.2458955856018381],[-76.541835501339264,3.246140783857455],[-76.541838874258389,3.2461460857594],[-76.541854529742778,3.2461707001153748],[-76.541872033501733,3.2461982191646372],[-76.541983136677203,3.2463728969603594],[-76.542008190287703,3.246548337418238],[-76.542047405432371,3.2467492396706548],[-76.5420537594471,3.2470084247157112],[-76.542121098192055,3.2476851434372658],[-76.542123627271224,3.247707367976099],[-76.542124937482484,3.2477188858487294],[-76.542272630244128,3.2476715483128644],[-76.542481541834945,3.2476024089612672],[-76.54259996087427,3.2475632189304129],[-76.542587683960775,3.2475279835534256],[-76.54241257194397,3.2470140576400341],[-76.541324964078314,3.243782465511007],[-76.541256265155809,3.2440504040107419]]]},"properties":{"Codigo":"124","Nombre":"Las Margaritas (Sector en desarrollo)"}},{"type":"Feature","geometry":{"type":"Polygon","coordinates":[[[-76.541814971799724,3.2441673343946738],[-76.542151517519002,3.2451762474066177],[-76.542636385368922,3.2466044297247922],[-76.542835766577824,3.2471947593277237],[-76.542880941855174,3.2473335546405604],[-76.542922143948118,3.247451950429769],[-76.543433954928886,3.2473092449745082],[-76.543306582888789,3.2468861598166794],[-76.542954786806206,3.2459040350906938],[-76.54275136001516,3.2452531305861698],[-76.542488976872804,3.2444490658611915],[-76.542338761886214,3.2440087416159633],[-76.541814971799724,3.2441673343946738]]]},"properties":{"Codigo":"125","Nombre":"Las Palmas (Sector en desarrollo)"}},{"type":"Feature","geometry":{"type":"Polygon","coordinates":[[[-76.545077699902819,3.2472452721818343],[-76.544562765536966,3.2472535687660158],[-76.544197099462963,3.2472964423871171],[-76.543360022438137,3.2474797523860359],[-76.542594354650134,3.2476745851286748],[-76.542529873238706,3.2476967948405679],[-76.542548840048553,3.24773441841648],[-76.542554721620903,3.2477460843122681],[-76.542732383074977,3.2480984980114087],[-76.542771246797145,3.2480852552870201],[-76.544923008535548,3.247735433738888],[-76.544995822118125,3.2477235960891213],[-76.545026682163069,3.2477185790801824],[-76.545165274779237,3.2476960466915581],[-76.545405275536581,3.2472750793973231],[-76.545410914707389,3.2472651875139213],[-76.545425462902188,3.2472396694925223],[-76.545077699902819,3.2472452721818343]]]},"properties":{"Codigo":"126","Nombre":"Brisas de Buenavista (Sector en desarrollo)"}},{"type":"Feature","geometry":{"type":"Polygon","coordinates":[[[-76.543696805800423,3.2451388818534426],[-76.544279297957146,3.2465245256348561],[-76.544500352274383,3.2471562989154727],[-76.544621557743724,3.2471563631035445],[-76.545059767412837,3.2471565950491343],[-76.545110766370939,3.2471536929987659],[-76.545559686230177,3.247128147856555],[-76.545592815224609,3.2471267691261514],[-76.545594802127837,3.2470538925297121],[-76.545597824662067,3.246943058430765],[-76.545617085375284,3.2462367215211483],[-76.545460108643809,3.2459782344522008],[-76.545426847924915,3.2458514066942774],[-76.545445920874457,3.2457963864192996],[-76.545972040775652,3.2457345080709836],[-76.546034928986671,3.2457271115300377],[-76.546173007579313,3.2457080439652279],[-76.546111277230636,3.2453969687585325],[-76.546146035244263,3.2452463187204441],[-76.546147588962441,3.24523958339865],[-76.546215134623822,3.244946819782994],[-76.54625013426525,3.244795122681245],[-76.54625920226556,3.244755820191517],[-76.543323517822216,3.2442845127610243],[-76.543696805800423,3.2451388818534426]]]},"properties":{"Codigo":"127","Nombre":"Amigos 2000 - Paraiso de Sardí"}},{"type":"Feature","geometry":{"type":"Polygon","coordinates":[[[-76.539811944893202,3.239482537136487],[-76.53980626737588,3.2394883849352629],[-76.53982641464458,3.2395186960762556],[-76.539827032250926,3.2395196251222349],[-76.54152184846177,3.2420694663981897],[-76.542139428694497,3.2415471475578941],[-76.542318247740738,3.2413934652221843],[-76.542556316608795,3.241188863253273],[-76.542607697699495,3.2411447054623319],[-76.542050912614272,3.2405550914506009],[-76.541711843374614,3.2401960304900852],[-76.541554201261405,3.2400290932649205],[-76.540627941151868,3.238761865151504],[-76.540617415910248,3.2387474657953543],[-76.540617387140728,3.2387474259908151],[-76.540577959068983,3.2386934842674147],[-76.539811944893202,3.239482537136487]]]},"properties":{"Codigo":"128","Nombre":"Forestal Garden (Sector en desarrollo)"}},{"type":"Feature","geometry":{"type":"Polygon","coordinates":[[[-76.531484055780808,3.2633976597353351],[-76.531491138030987,3.2634150234245349],[-76.531518989014828,3.2634833032361428],[-76.531531206393012,3.2635132557583861],[-76.531674882156707,3.2638654988631171],[-76.531856708941703,3.2643112745087608],[-76.531875515249666,3.2643724850036251],[-76.532112214048354,3.2651429004355061],[-76.532412683119546,3.2662834729754429],[-76.53244062630111,3.2663895434894212],[-76.532482575304343,3.2665827870209516],[-76.532483179319115,3.2665855707825626],[-76.532486477464275,3.2665843716702527],[-76.532525144501648,3.2665703173204581],[-76.53251008590891,3.2662797605372593],[-76.532507465281995,3.2662291925139457],[-76.532494987249464,3.2659884133744184],[-76.53232086669324,3.2639746814098403],[-76.532205377699384,3.2625699734594509],[-76.532152478858677,3.2620868002605699],[-76.532143200702549,3.2620020533411562],[-76.531935849006359,3.2620551430669762],[-76.531935213714632,3.2620553054948438],[-76.53165135701984,3.262127983108396],[-76.531583701128653,3.2621453060685774],[-76.531465335218684,3.2621890286172803],[-76.531150359578916,3.2623053766992873],[-76.531135344274233,3.2623333936378622],[-76.531128766072413,3.2623456668121831],[-76.531126117319147,3.2623506091696917],[-76.531165266035686,3.262357312387921],[-76.531239398625644,3.2626157571490779],[-76.531336461703162,3.2627306560503495],[-76.531393491821376,3.2629201829973735],[-76.531459120609355,3.2634247497871764],[-76.531473648992716,3.2633970735007605],[-76.531479370821231,3.2633861734880578],[-76.531484055780808,3.2633976597353351]]]},"properties":{"Codigo":"129","Nombre":"NN"}},{"type":"Feature","geometry":{"type":"Polygon","coordinates":[[[-76.54739044654076,3.2498940142275123],[-76.547082858695973,3.2507655308597623],[-76.546765597582109,3.2517726105395455],[-76.546751005168957,3.2518189311000176],[-76.546749884963646,3.2518224862216569],[-76.546309743409438,3.2532196226365304],[-76.546105685176627,3.2536778308922392],[-76.54624989558647,3.2537308585487112],[-76.546398456210511,3.2537854854836095],[-76.546071525309017,3.2547500908008917],[-76.545851314269541,3.2553998186638662],[-76.545689056224717,3.2558785574974847],[-76.546471686237197,3.2563264048109435],[-76.546882597816932,3.2565745083576569],[-76.546898999026908,3.2565844109918451],[-76.546907421349829,3.2565705751126988],[-76.547130046325151,3.2562093086379975],[-76.547542546889929,3.2555917801232019],[-76.54780762402747,3.2551627575247668],[-76.548032034377542,3.2547995519518604],[-76.548043829756082,3.2547804620357748],[-76.548398284229677,3.2541827969953712],[-76.548436482961307,3.2541183874376149],[-76.548635240734598,3.253776336932011],[-76.548703339370789,3.2536591418313163],[-76.548832945011455,3.2534563145982562],[-76.548923965635865,3.2533375137431153],[-76.549137856858209,3.253058340815878],[-76.549266826132921,3.2528816185471841],[-76.5493356792947,3.2527872709616705],[-76.549416407275771,3.2526766512741507],[-76.549696819686162,3.252283234705287],[-76.550039836886469,3.2518498689816844],[-76.550271957457952,3.2514599047685033],[-76.550320028925782,3.2513791450730714],[-76.550378745931937,3.251272178859923],[-76.550417692770807,3.2512012278564444],[-76.550485110132158,3.2510784137816238],[-76.55047804883759,3.2510755759967247],[-76.549531912265948,3.2506952961911084],[-76.548233488245955,3.2501260879795715],[-76.547621352327809,3.2497896529293238],[-76.547532381725432,3.2497407538602219],[-76.547459809981461,3.2496974818544633],[-76.54739044654076,3.2498940142275123]]]},"properties":{"Codigo":"130","Nombre":"Club Banco de Occidente (Sector por desarrollar)"}},{"type":"Feature","geometry":{"type":"Polygon","coordinates":[[[-76.553023726793654,3.2425839576059698],[-76.55294857254448,3.2426132612977234],[-76.552505987149857,3.2427858330760504],[-76.552501928648297,3.2427874152995053],[-76.552506501519801,3.242798555975106],[-76.552551008172117,3.2429069833218396],[-76.553075897020179,3.2441857314897042],[-76.553147476629505,3.2443733409897568],[-76.553153901819002,3.2443656586676757],[-76.553353510633485,3.2440878604455499],[-76.553441681510279,3.2439651526754818],[-76.553612860564172,3.2437269209088226],[-76.553125205497025,3.2425443893031147],[-76.553023726793654,3.2425839576059698]]]},"properties":{"Codigo":"131","Nombre":"Urbanizacion Maná"}},{"type":"Feature","geometry":{"type":"Polygon","coordinates":[[[-76.553919937691902,3.2434681732841946],[-76.554428242076739,3.2438321614302437],[-76.554466855103286,3.2437705342592231],[-76.554703230208105,3.2433208413974088],[-76.554823377438183,3.2429878481187036],[-76.555002354572579,3.2425359595486456],[-76.555004529286791,3.2425304697495259],[-76.555046539949061,3.2423084544420857],[-76.55505610575895,3.2422223245572175],[-76.554547442232902,3.2418717555726571],[-76.554412762864757,3.2418074838130519],[-76.55441102325598,3.2418066536646912],[-76.554326733366025,3.2417695868619916],[-76.553921452653967,3.2420532424645354],[-76.553877978405893,3.2420836704635332],[-76.553338600697913,3.2424611814956816],[-76.553125205497025,3.2425443893031147],[-76.553612860564172,3.2437269209088226],[-76.553623420822632,3.2437122242490251],[-76.553810301864388,3.2434278486100294],[-76.55381717112445,3.2434173966336943],[-76.553919937691902,3.2434681732841946]]]},"properties":{"Codigo":"132","Nombre":"Villas del Parque"}},{"type":"Feature","geometry":{"type":"Polygon","coordinates":[[[-76.533818420478823,3.2478451663146375],[-76.533413678302011,3.2479550089153602],[-76.533161267072529,3.24810321548062],[-76.532999317009413,3.2482466853832239],[-76.532923038671456,3.2484380544480973],[-76.532856193066621,3.2487969130044192],[-76.532856108422521,3.2489548262481045],[-76.532970184484867,3.2493042125631022],[-76.533150932785958,3.2496201379091705],[-76.533414287442966,3.2500904230358474],[-76.533463436696394,3.250178191099812],[-76.533484810512149,3.2502163586786796],[-76.533500278866327,3.250243982546885],[-76.534507404051297,3.2499096792845772],[-76.534834659537424,3.2498010497117193],[-76.535173249146254,3.249699903788029],[-76.535615895376054,3.249577640541073],[-76.535877993526924,3.2494774822267849],[-76.535948919727929,3.2494502883376564],[-76.535961430981288,3.2494454914340816],[-76.536201045356506,3.2493536223897785],[-76.536449430500085,3.2492542224678922],[-76.536635354755163,3.2491517260235763],[-76.536697343630479,3.2491084786556605],[-76.536692823339152,3.2490529594388677],[-76.536692617006096,3.2490501406247856],[-76.536690809112017,3.2490254866257975],[-76.536684516313841,3.2489396814485723],[-76.53668329390932,3.2488765669806261],[-76.536679329885075,3.2486718268048387],[-76.536623762333178,3.2475788997167978],[-76.533818420478823,3.2478451663146375]]]},"properties":{"Codigo":"133","Nombre":"Bosque Encantado Sur (Sector por desarrollar)"}},{"type":"Feature","geometry":{"type":"Polygon","coordinates":[[[-76.530850866872456,3.2466845289714903],[-76.530767410012629,3.2467729675049175],[-76.530760918145148,3.2469762838884741],[-76.530818169876113,3.2471308796115377],[-76.530821797303659,3.2472098892956787],[-76.530830860523778,3.2477143077688955],[-76.530727238336212,3.2479917944334278],[-76.529639294314521,3.2497764053745035],[-76.529618869890768,3.2498099084689711],[-76.529528173400678,3.2499586822330508],[-76.529513342839252,3.2499798374580258],[-76.529482351818672,3.2500240416883064],[-76.529576723382107,3.2501025862671504],[-76.529708751315681,3.2501797967172346],[-76.530606956264094,3.250470240153577],[-76.53062123131032,3.2504748562271888],[-76.530923963420591,3.250597523552456],[-76.531010943134277,3.2506225530078137],[-76.531173918930861,3.2506006191946835],[-76.531186143307878,3.250598973683485],[-76.531557126321786,3.2504849486686198],[-76.531582211566601,3.2504708769263768],[-76.531654279555582,3.250430449572582],[-76.531717153111188,3.2503788030062863],[-76.53185711936672,3.2501781661425948],[-76.531884577130768,3.2501138672796399],[-76.531921228601021,3.2499515708739972],[-76.531268068901554,3.2463867111085394],[-76.530850866872456,3.2466845289714903]]]},"properties":{"Codigo":"134","Nombre":"Almendros de Belicia (Sector por desarrollar)"}},{"type":"Feature","geometry":{"type":"Polygon","coordinates":[[[-76.55122099017764,3.2463690987952747],[-76.552297087794429,3.2475808390839687],[-76.552987075507062,3.2464250763608504],[-76.552065977305148,3.2458875398594293],[-76.551525030692389,3.2461549706368804],[-76.551278316397287,3.246328725447774],[-76.55122099017764,3.2463690987952747]]]},"properties":{"Codigo":"135","Nombre":"San Benito II"}},{"type":"Feature","geometry":{"type":"Polygon","coordinates":[[[-76.551764863682848,3.2448623713850488],[-76.551070369736095,3.245833258071201],[-76.551149724881199,3.2458894088009749],[-76.551423786341786,3.2460833304544536],[-76.551439228731979,3.2460942588780797],[-76.551460597152726,3.2461093782218708],[-76.551525030692389,3.2461549706368804],[-76.552065977305148,3.2458875398594293],[-76.552852323066119,3.2454987888316764],[-76.552603349027152,3.2453866566914473],[-76.552419071704179,3.2453036641144637],[-76.55236197673787,3.2452779503430964],[-76.551764863682848,3.2448623713850488]]]},"properties":{"Codigo":"136","Nombre":"San Benito I"}},{"type":"Feature","geometry":{"type":"Polygon","coordinates":[[[-76.552913342124356,3.2445954758199407],[-76.553028378734112,3.2446519850067146],[-76.553206889504366,3.2447023237136623],[-76.553437773092725,3.2447479031733013],[-76.553618658384153,3.2448102060675068],[-76.553829046866582,3.2449007575063833],[-76.553899538052903,3.2448452853531431],[-76.554229169870254,3.244510486703208],[-76.553441681510279,3.2439651526754818],[-76.553353510633485,3.2440878604455499],[-76.553153901819002,3.2443656586676757],[-76.553147476629505,3.2443733409897568],[-76.552913342124356,3.2445954758199407]]]},"properties":{"Codigo":"137","Nombre":"Urbanización Pontevedra"}},{"type":"Feature","geometry":{"type":"Polygon","coordinates":[[[-76.542864690651456,3.2707611713861175],[-76.54275909478352,3.2708489541060426],[-76.542945679826829,3.2709348187229295],[-76.543080251835221,3.2711897343723968],[-76.543084480834395,3.2711977442162352],[-76.543152138530161,3.2713259035216589],[-76.543268310656117,3.2715459629990216],[-76.543447359702711,3.271885128065362],[-76.54356776515165,3.2718672411686072],[-76.543850411520182,3.2718252536256047],[-76.543951407295523,3.2718102500717219],[-76.544206052657159,3.271772421716693],[-76.544206116542966,3.2717724127077887],[-76.544327191433382,3.2717544265993914],[-76.544392704342584,3.2717446942162813],[-76.544554412805383,3.2717270308982758],[-76.544704169422872,3.2717106724139611],[-76.544906432992278,3.2716885787963585],[-76.544929325322173,3.2716860779507102],[-76.545285491710288,3.2716471739621462],[-76.545458802892469,3.271628242514764],[-76.545604342351794,3.271615489805038],[-76.545618323050803,3.2716142655919085],[-76.54576748140336,3.2716011964708396],[-76.546026317793462,3.2715785169043001],[-76.546230237333774,3.2715606487849178],[-76.546419235909497,3.2715440884476727],[-76.546640245768941,3.2715247236673894],[-76.546810091216102,3.271507415165086],[-76.546819041342289,3.2715065029587884],[-76.547077309211829,3.2714801811892529],[-76.547320266397435,3.2714554201870483],[-76.547487469182386,3.2714383796448594],[-76.547487618546157,3.2714383643509972],[-76.547603415917067,3.2714265631622248],[-76.547785724947857,3.2714083305741242],[-76.548009666783614,3.271346568870896],[-76.548131272531606,3.2713130312936971],[-76.548291341134544,3.2712688858238721],[-76.5484105083451,3.2712512635256501],[-76.548648661900387,3.2712160450135053],[-76.548779453659677,3.2711967034160385],[-76.548817990420716,3.271191004104947],[-76.548908147976121,3.2711776717704981],[-76.54936794626542,3.2710445313930725],[-76.549662900088023,3.2709591240742562],[-76.54963026135735,3.2696016426123395],[-76.549871467309231,3.2696318470475334],[-76.549885423020967,3.2695165505369101],[-76.54988027401771,3.2694112111527995],[-76.550128747219048,3.2688898631854584],[-76.550512977994273,3.2680836683356747],[-76.550840043286726,3.2673974159366734],[-76.551392148749756,3.2659656468633411],[-76.551474001390204,3.265753379711331],[-76.551933693599437,3.265396756581838],[-76.552232594133613,3.2651648741398867],[-76.552898322824333,3.264648410144027],[-76.55303126334671,3.2646044439116735],[-76.553121753951061,3.2644126969740239],[-76.553487657145652,3.2639228770559905],[-76.553686030927537,3.2633181220302361],[-76.552523635377796,3.2626154131758907],[-76.552471984806985,3.2625841885847611],[-76.552097630314421,3.2624231721137638],[-76.551459010035273,3.2621484898075566],[-76.550851510984245,3.2618871936126155],[-76.550802797268204,3.2618662406493915],[-76.549423664401061,3.2612730469345617],[-76.549393014966199,3.2612598641490216],[-76.549347888743426,3.2613247032091333],[-76.548399676599843,3.262687127296978],[-76.548044627136761,3.2631972722402693],[-76.547449956500401,3.2641371163503079],[-76.547595425463157,3.2642036278571611],[-76.548048068669473,3.2644105861281463],[-76.5485183236366,3.2646255963884427],[-76.548577294758289,3.2646525594575717],[-76.548818983835631,3.2647630643737169],[-76.549989854746045,3.2652984083706267],[-76.549864634533506,3.2654890830903707],[-76.548861290216323,3.2667547366298524],[-76.548769826668703,3.2668523076344713],[-76.548746917960656,3.2669585283402305],[-76.548712521077306,3.2671824613178413],[-76.54813834588758,3.2689785486273357],[-76.547865229503643,3.2693393422613726],[-76.54784867106828,3.2693612166742914],[-76.546970692149713,3.2697282599466155],[-76.546308767596912,3.2699815277255984],[-76.546213525262601,3.2700197588721691],[-76.546291880812475,3.2704050146872352],[-76.545184876764537,3.270500131344503],[-76.545146925959628,3.270239313464907],[-76.544307845378214,3.270407388875002],[-76.543939010735428,3.2704812695937777],[-76.543619166444486,3.2705772973478155],[-76.543506253746017,3.270611198019528],[-76.543073497573261,3.2707411253353249],[-76.543025990769721,3.2707038490698195],[-76.542978484869579,3.2706665728030915],[-76.542864690651456,3.2707611713861175]]]},"properties":{"Codigo":"138","Nombre":"Lago del Country (Sector por desarrollar)"}},{"type":"Feature","geometry":{"type":"Polygon","coordinates":[[[-76.574601241172147,3.245359832659517],[-76.574824085411493,3.2455411079886458],[-76.575288636272177,3.2459190022541162],[-76.575448499034792,3.2460490451782471],[-76.575648770704674,3.2462119580365005],[-76.576026850288287,3.2465119717242059],[-76.576081703351733,3.2465554988688252],[-76.576338247634268,3.2462462012440838],[-76.576478450722973,3.24607716766559],[-76.576780316420297,3.2456465617289463],[-76.576485171373122,3.2433991959921578],[-76.576165448652858,3.2429626180742885],[-76.571047701794782,3.240421940284901],[-76.56889406617303,3.2412771299506296],[-76.56878705171583,3.2414362525903213],[-76.568373609224466,3.242024356493395],[-76.568176677306937,3.2423044820318898],[-76.568084307583561,3.2424358733186658],[-76.569812877254066,3.2432660772773962],[-76.571822987211036,3.2442121557658163],[-76.572066345751324,3.2443266942214333],[-76.573281889782479,3.2448828408506092],[-76.573558164137992,3.2449821832504386],[-76.573818581224216,3.2452084848453473],[-76.574306708778309,3.2451202416956217],[-76.574601241172147,3.245359832659517]]]},"properties":{"Codigo":"139","Nombre":"Rincón de Las Mercedes"}},{"type":"Feature","geometry":{"type":"Polygon","coordinates":[[[-76.574747005308168,3.2480007488706981],[-76.574345902236914,3.2484580229118518],[-76.573897180896196,3.2489305845898935],[-76.573732405841028,3.2491047608083354],[-76.573445600158323,3.2494079310529651],[-76.573100565948749,3.2497862604400081],[-76.572895106142539,3.2500222850100386],[-76.572691979640467,3.2502556285244983],[-76.57248081179722,3.2505007618903692],[-76.570045229866935,3.2530967150238141],[-76.569760662164839,3.2534395857602898],[-76.56957984245723,3.2536574525649122],[-76.569521201081599,3.2537281087857091],[-76.568253918356447,3.2554166734024315],[-76.567597432960028,3.2562891231662343],[-76.566990674090903,3.2570954848322757],[-76.566781772299706,3.2573731075221581],[-76.566780164435102,3.2573750093596709],[-76.566535928324143,3.2576638327857825],[-76.566372103380772,3.2578575652159301],[-76.566339845627397,3.2579091953963024],[-76.566254306374447,3.2580461077577549],[-76.565677137817957,3.2590240415845368],[-76.56563136361504,3.2591589638910134],[-76.565621878990896,3.2591744407338563],[-76.565149206078146,3.2599457749538625],[-76.564822268100428,3.2604792890696235],[-76.564805908376485,3.2605077301012986],[-76.564783192790259,3.2605472193788225],[-76.565225458833282,3.2606231014109168],[-76.567920515233666,3.260971927164412],[-76.567936955793442,3.2609740109029097],[-76.568944078390345,3.2611016496358376],[-76.569924788564819,3.2612409205558626],[-76.570324768097919,3.2612923637014957],[-76.570410386047271,3.2613033753456602],[-76.570615099812173,3.2613274050194865],[-76.570654150355793,3.2613262699764598],[-76.570776978450638,3.2613227013167867],[-76.570865987639451,3.2613118367940217],[-76.570938678371391,3.2613029643354468],[-76.570972194370768,3.2612988739268403],[-76.571292828778098,3.2612119496026049],[-76.571500744404744,3.2611555825897116],[-76.571984781624366,3.2610348887782892],[-76.572362605320123,3.2609406789139861],[-76.572495488029489,3.2609060865918971],[-76.572827562947793,3.2608196386440529],[-76.572986385441183,3.2607782933042202],[-76.572987292547793,3.2607779293259518],[-76.573153056386388,3.2607113835659423],[-76.573255862061785,3.260608158233175],[-76.573310249880166,3.2605535474832741],[-76.573381704734345,3.2604770186286576],[-76.573610471140412,3.2600033899178777],[-76.574072720291881,3.2591470552488198],[-76.574363398931141,3.2586351753817078],[-76.574482513324398,3.2584581793988394],[-76.574497964230289,3.2584420326390502],[-76.574715926017191,3.2582142461463364],[-76.575177921825983,3.2578651517083488],[-76.575210176830254,3.2578327647902814],[-76.575231676564584,3.257811177126229],[-76.575325588012731,3.2577168815805826],[-76.57540184088289,3.2575637900979975],[-76.575449513250135,3.2574393960001355],[-76.575749970596775,3.256405923349869],[-76.575907065750044,3.2558281072541644],[-76.576436810221665,3.2538796312458591],[-76.576475682054834,3.253766157569363],[-76.576489256830499,3.2537265286252426],[-76.576556431001833,3.2536316579682674],[-76.577058640995403,3.2529223873470303],[-76.577452863550135,3.2523656262428045],[-76.57755746404554,3.2522178984487033],[-76.577667044672694,3.252062431353635],[-76.577726625879549,3.2519236871193766],[-76.577768825550976,3.2518211417371399],[-76.57777190988169,3.2518136474797648],[-76.577836251472149,3.2516749065053197],[-76.577874209660365,3.2516330569201557],[-76.577957723785914,3.251540978605068],[-76.578058381656675,3.2514478851259132],[-76.578090821530324,3.2514194807204291],[-76.578397247730308,3.2511511788683523],[-76.578676455140339,3.2509860962484711],[-76.578681495419303,3.2509823305066976],[-76.578728338136401,3.2509554208060498],[-76.578999789879646,3.2507994767648949],[-76.578971045757484,3.250775423342684],[-76.578099685189201,3.2500462586135939],[-76.575151974984919,3.2475689743393632],[-76.574747005308168,3.2480007488706981]]]},"properties":{"Codigo":"140","Nombre":"Parcelación Campestre Las Mercedes"}},{"type":"Feature","geometry":{"type":"Polygon","coordinates":[[[-76.572827562947793,3.2608196386440529],[-76.572495488029489,3.2609060865918971],[-76.572362605320123,3.2609406789139861],[-76.571984781624366,3.2610348887782892],[-76.571500744404744,3.2611555825897116],[-76.571292828778098,3.2612119496026049],[-76.570972194370768,3.2612988739268403],[-76.570938678371391,3.2613029643354468],[-76.570838553443551,3.262953734610023],[-76.571516507645043,3.2630000160449057],[-76.572171406156158,3.2634520786428705],[-76.574121494364718,3.2635525950137265],[-76.574183207052826,3.2620021912253505],[-76.574244230548572,3.2609683306639834],[-76.574244666990381,3.2609609427097004],[-76.574129044999864,3.2609532640579255],[-76.573315336635218,3.2608992242740849],[-76.573044942636685,3.2608301801540458],[-76.573043835560924,3.2608291993301086],[-76.572986523038608,3.2607784154546642],[-76.572986385441183,3.2607782933042202],[-76.572827562947793,3.2608196386440529]]]},"properties":{"Codigo":"141","Nombre":"Valle del Río"}},{"type":"Feature","geometry":{"type":"Polygon","coordinates":[[[-76.568515446206078,3.2651261118184713],[-76.568456725661804,3.2652343705869331],[-76.568496549343052,3.2652508518935495],[-76.571244426556945,3.2663880795207865],[-76.571438935331827,3.266468577852554],[-76.571913417972567,3.266664945184667],[-76.574143862284927,3.2675880207550043],[-76.57423939158079,3.2677215153237511],[-76.574400783268814,3.2679470470250385],[-76.574713326787005,3.2680875921682344],[-76.574736365620964,3.2680979526204621],[-76.574829168072526,3.268176956873138],[-76.574988526169406,3.2684068986873611],[-76.575480997987796,3.269249637526654],[-76.575766921558852,3.2697886095648023],[-76.576393256185852,3.2709327949900677],[-76.577062717206545,3.2721409298872111],[-76.577349882353815,3.2726431269315177],[-76.577573336683514,3.2730339069221879],[-76.577618742063152,3.2730864426737956],[-76.577679500277299,3.273088783592768],[-76.577681209818891,3.272979773138557],[-76.577760266253236,3.2727001625739685],[-76.577843472855335,3.2724247319627473],[-76.577951570679701,3.2721910511036412],[-76.578072105921763,3.2720074641182317],[-76.578155228994987,3.2718822919187129],[-76.578188527173168,3.2717445710747008],[-76.578159514786933,3.2716379895878829],[-76.578061475185763,3.2715064545464054],[-76.577935387381757,3.2714054321138319],[-76.577858345777045,3.271323214818453],[-76.577800010587694,3.27120109716145],[-76.577774396338583,3.2710531689057754],[-76.5777697925555,3.2709310799336686],[-76.577781768536838,3.2708701438713561],[-76.577800242593682,3.270776139701661],[-76.577801587941352,3.2707720185500087],[-76.577894913161813,3.2706175085550533],[-76.578055440033012,3.2704077456102758],[-76.578122836611982,3.270351357862213],[-76.578356580635855,3.2700791375926901],[-76.578426698867005,3.270006394097261],[-76.578439902943984,3.2699963918367576],[-76.578509598327358,3.2699435907744263],[-76.578536412277103,3.2699162679075915],[-76.578562821139926,3.2698893581052366],[-76.578327637516793,3.2697305666797991],[-76.57791538481915,3.2694522198157516],[-76.577676087396981,3.269290649992826],[-76.577673546417117,3.2692890878908831],[-76.577480026305921,3.2691701382315421],[-76.577356961964682,3.2690944948122489],[-76.57721863288323,3.2690094697107952],[-76.57719079455309,3.2689923589794017],[-76.577189715495138,3.2689910987418465],[-76.577116521678505,3.2689445988926091],[-76.576998369662533,3.2688695357472284],[-76.57692412073925,3.2688206886856901],[-76.576878438404066,3.2687718559251673],[-76.576835631235369,3.2686856984926029],[-76.576812829215683,3.2685823249641017],[-76.576795759017415,3.2684416290999962],[-76.576704089134736,3.2674388387033551],[-76.576703891367629,3.2674366718885239],[-76.576681574104654,3.2673264864708806],[-76.576453316212977,3.2661995126656311],[-76.576124513261519,3.2645761197914087],[-76.575696877243061,3.2645944329152177],[-76.57569577687751,3.2645944215119336],[-76.575628924505466,3.2645937124800577],[-76.57494486525303,3.2645864585764404],[-76.57318894780893,3.2645212459235915],[-76.571985740029632,3.2644865711486148],[-76.570587018796118,3.2644404442173531],[-76.56939133622754,3.26440198926614],[-76.569078902667442,3.2644029555884058],[-76.568971349441256,3.264387636299336],[-76.568515446206078,3.2651261118184713]]]},"properties":{"Codigo":"142","Nombre":"Rivera de Las Mercedes"}},{"type":"Feature","geometry":{"type":"Polygon","coordinates":[[[-76.576795759017415,3.2684416290999962],[-76.576812829215683,3.2685823249641017],[-76.576835631235369,3.2686856984926029],[-76.576878438404066,3.2687718559251673],[-76.57692412073925,3.2688206886856901],[-76.576998369662533,3.2688695357472284],[-76.577116521678505,3.2689445988926091],[-76.577189715495138,3.2689910987418465],[-76.57719079455309,3.2689923589794017],[-76.57721863288323,3.2690094697107952],[-76.577356961964682,3.2690944948122489],[-76.577480026305921,3.2691701382315421],[-76.577673546417117,3.2692890878908831],[-76.577676087396981,3.269290649992826],[-76.57791538481915,3.2694522198157516],[-76.578327637516793,3.2697305666797991],[-76.57833104928001,3.2697215407009503],[-76.578372338190988,3.2696122985962863],[-76.578423797829117,3.2695319315238875],[-76.578526657486591,3.2694917855898669],[-76.578698108199347,3.2693885090301826],[-76.578761117492007,3.2693614049718192],[-76.579018123129487,3.2692508524880131],[-76.579326748172903,3.269038538808998],[-76.579595308182093,3.2689697645094378],[-76.57982385035929,3.2689526512884752],[-76.580200938852968,3.268935611921532],[-76.580298093564679,3.2688782368236842],[-76.580452536899116,3.2685050604541415],[-76.580515530321009,3.2682064899507495],[-76.580544182556082,3.2680342330059311],[-76.580538556816862,3.2678562175854426],[-76.580418610229131,3.2677872498576228],[-76.580310074228336,3.2677527418461985],[-76.580230087842253,3.2677527020757218],[-76.579961544255966,3.2677870225583669],[-76.579795863832956,3.267775455429569],[-76.57966447461412,3.2677409359774972],[-76.579527419313976,3.2676087929718061],[-76.579470385271151,3.2674077826061785],[-76.579419087201217,3.2671608354573829],[-76.579316298598869,3.2670574221141169],[-76.579133570954227,3.2668563491308125],[-76.57888225344378,3.266718406790531],[-76.578636571876288,3.2667355113249341],[-76.57825949562077,3.2667295808671528],[-76.578002450795424,3.266620348078074],[-76.577831136826077,3.2664479923086369],[-76.577716949363506,3.266287148833714],[-76.57767998031305,3.2661978464668384],[-76.577659884493301,3.2661493041556486],[-76.577574278692282,3.265959764153104],[-76.577574131488959,3.2659554125611514],[-76.577568647755072,3.2657932325645209],[-76.577580148192311,3.2656439374598656],[-76.577705977044715,3.2653683670640796],[-76.577905974577547,3.2653053011781599],[-76.578265971870778,3.2651848916644992],[-76.578511661552128,3.2651505601438306],[-76.578511678556751,3.2651161061046139],[-76.578500345487853,3.2649266022875003],[-76.578471900872913,3.2646796674306469],[-76.578432058016602,3.264375302574158],[-76.578437827985496,3.2642604586244994],[-76.578557906272934,3.2640595356239022],[-76.578729489068095,3.2636863689153257],[-76.578655425868959,3.2632613978365077],[-76.578335711328293,3.2627961079654222],[-76.578124488986589,3.2624514612927542],[-76.57786769752316,3.2618311594966438],[-76.577553429478371,3.2619056531472723],[-76.577102025694103,3.2620145322441121],[-76.576627771571012,3.262117657357428],[-76.57653998589673,3.2621194907991273],[-76.576359243754553,3.2621232653978263],[-76.576073579857677,3.2621231224489065],[-76.575799355863083,3.2620942734517446],[-76.575636386905742,3.2620202015546007],[-76.575622284135349,3.2620137920073806],[-76.576061103009906,3.2642420439482538],[-76.576124513261519,3.2645761197914087],[-76.576453316212977,3.2661995126656311],[-76.576681574104654,3.2673264864708806],[-76.576703891367629,3.2674366718885239],[-76.576704089134736,3.2674388387033551],[-76.576795759017415,3.2684416290999962]]]},"properties":{"Codigo":"143","Nombre":"Parcelación Valle Verde"}},{"type":"Feature","geometry":{"type":"Polygon","coordinates":[[[-76.576478450722973,3.24607716766559],[-76.576338247634268,3.2462462012440838],[-76.576081703351733,3.2465554988688252],[-76.575402944365095,3.2472868269400008],[-76.575259665738486,3.2474412017910339],[-76.575192789610796,3.2475254578276633],[-76.575151974984919,3.2475689743393632],[-76.578099685189201,3.2500462586135939],[-76.578971045757484,3.250775423342684],[-76.578999789879646,3.2507994767648949],[-76.579110107683931,3.2507361007272269],[-76.579468450308525,3.2505367278115904],[-76.579754042379619,3.2503778307414009],[-76.580351534732756,3.2500237350978689],[-76.580415897990264,3.2499960164743893],[-76.580561746350313,3.2498997003721284],[-76.580586517015462,3.2498729144019771],[-76.580599856608487,3.2498537804476482],[-76.580611298951325,3.2498212455451227],[-76.580609414809345,3.2497810482001239],[-76.580590145143304,3.2497082763863534],[-76.579761376845397,3.249017261442857],[-76.579462794337559,3.2487683073669462],[-76.579222999817645,3.2485591003741905],[-76.578935308760379,3.2483081069391067],[-76.577886622692731,3.2473931886770684],[-76.577821144737214,3.2473387033832384],[-76.576871737677408,3.2465486857136208],[-76.576874871202108,3.2464960630035575],[-76.576885734208759,3.2463136238021839],[-76.57680764675051,3.2458536875795594],[-76.576807079774184,3.2458503495047855],[-76.576806573333357,3.2458464941971852],[-76.576780316420297,3.2456465617289463],[-76.576478450722973,3.24607716766559]]]},"properties":{"Codigo":"144","Nombre":"Guaduales de Las Mercedes"}},{"type":"Feature","geometry":{"type":"Polygon","coordinates":[[[-76.580588791767255,3.2457996630954389],[-76.580466708022016,3.2462130525859929],[-76.580344721483399,3.2464273735286895],[-76.578935308760379,3.2483081069391067],[-76.579222999817645,3.2485591003741905],[-76.579462794337559,3.2487683073669462],[-76.579761376845397,3.249017261442857],[-76.579768462200889,3.2490134306910736],[-76.58037408664994,3.2486860485139832],[-76.580405014263121,3.2477519741962415],[-76.580671934003007,3.2471319309461792],[-76.580870134235838,3.2468410826738703],[-76.581266380250383,3.2465733013853],[-76.581723518874128,3.2464050842023142],[-76.581578791789909,3.2463897002869802],[-76.581411226878984,3.2463436789498878],[-76.580756300439646,3.2459605323352783],[-76.580634504766763,3.2457843730376896],[-76.580588791767255,3.2457996630954389]]]},"properties":{"Codigo":"145","Nombre":"Remansos del Jordán"}},{"type":"Feature","geometry":{"type":"Polygon","coordinates":[[[-76.525633560303802,3.2707771017737413],[-76.52558828344344,3.2708490860092674],[-76.525025382978299,3.2711071780077599],[-76.524250619727837,3.2713759776703721],[-76.524218448268883,3.2713871396846415],[-76.52421895517486,3.2726628960594124],[-76.524340529269821,3.27496275525617],[-76.524291232657148,3.2752353230353655],[-76.524263164868202,3.2753905138898913],[-76.524240254907255,3.2754938624085539],[-76.524280156633054,3.2756604109503908],[-76.524347505847913,3.2757184074466901],[-76.524347504029095,3.2757184427133015],[-76.524335275034943,3.2759164328115089],[-76.524643298167433,3.2759391196799039],[-76.524970886684258,3.2758933628564626],[-76.525161376767571,3.2758092474772327],[-76.525216193687257,3.2757555553028528],[-76.525461623403316,3.2755151623888699],[-76.52547387265065,3.2755031646127306],[-76.525603450340967,3.2753654213064478],[-76.525640878411323,3.2753078083929688],[-76.525720358563888,3.2751854682922041],[-76.525802704061562,3.2750587167920719],[-76.525832175360733,3.2750133527045699],[-76.526034315104113,3.2747563010967946],[-76.526060867602254,3.2747225357201444],[-76.52611126715523,3.2746154178256517],[-76.526190519574286,3.2744469764302022],[-76.526312550145661,3.2741790704964919],[-76.526518476699593,3.2737274556798934],[-76.526724213968805,3.2736203800564083],[-76.526952959939649,3.2732300294116845],[-76.526980799566687,3.2730682676385383],[-76.526991169471785,3.2730080145466967],[-76.527372256803119,3.272640716910058],[-76.527512824126106,3.2723097696527135],[-76.527722094754665,3.2718170694658535],[-76.527732091066753,3.2717669741318693],[-76.527736417086032,3.2717452977708348],[-76.527716813216884,3.2710246281830253],[-76.527670273098153,3.2709978136383655],[-76.526968606235044,3.2705935432485562],[-76.526957702265193,3.2704717490767989],[-76.526941657074815,3.2702925264260467],[-76.526937373467518,3.2702446812672017],[-76.527303694729156,3.2699753768402324],[-76.528500169654976,3.269068750441674],[-76.528648778082214,3.2689539861446386],[-76.529056404191707,3.2688087380755202],[-76.529292561399046,3.2687935551176852],[-76.529422062843437,3.2687936261237018],[-76.529566784845471,3.2688205025354118],[-76.529757202662324,3.2688665452545904],[-76.529787437723272,3.2689152257463405],[-76.529795258530896,3.2689278178680854],[-76.529962829515185,3.2689623634424261],[-76.530240834634469,3.2690390799311322],[-76.5304004490701,3.2690592219334067],[-76.530972085026562,3.2691313567516316],[-76.532681948161922,3.2693041539894447],[-76.532800238107257,3.2693161081819007],[-76.532687868175927,3.2683822632116479],[-76.5325874585223,3.2683855417393954],[-76.531433816475996,3.2684232075833393],[-76.531338510569597,3.2685786759399575],[-76.530750556073883,3.2685089686357496],[-76.530274538317343,3.2683436167225826],[-76.530375065723106,3.2673387679673813],[-76.530394166347534,3.2672335026695687],[-76.53024897738068,3.2671903560133146],[-76.530552752573129,3.2661373857690665],[-76.530569535151415,3.2660792132636542],[-76.529653099551652,3.2657654094784174],[-76.528947664077279,3.2655238556220474],[-76.528947487580041,3.2655241340492558],[-76.528581387886192,3.2661018071648265],[-76.527630460208556,3.2676022818778088],[-76.525633560303802,3.2707771017737413]]]},"properties":{"Codigo":"146","Nombre":"Solares de La Morada 1 y 2"}},{"type":"Feature","geometry":{"type":"Polygon","coordinates":[[[-76.522541167548496,3.2752641893630288],[-76.52276659908064,3.2753364188823739],[-76.522876289592432,3.2753715647971271],[-76.523257080264969,3.2755478738766723],[-76.523660732731216,3.2757088821503748],[-76.524224337843179,3.275908261546332],[-76.524335275034943,3.2759164328115089],[-76.524347504029095,3.2757184427133015],[-76.524347505847913,3.2757184074466901],[-76.524280156633054,3.2756604109503908],[-76.524240254907255,3.2754938624085539],[-76.524263164868202,3.2753905138898913],[-76.524291232657148,3.2752353230353655],[-76.524340529269821,3.27496275525617],[-76.52421895517486,3.2726628960594124],[-76.524218448268883,3.2713871396846415],[-76.524250619727837,3.2713759776703721],[-76.524110763247833,3.2713263727199737],[-76.522337267258806,3.2706973405237165],[-76.522046846646347,3.2705989534208317],[-76.521114851408242,3.2702832149265153],[-76.520200517658168,3.269970707520645],[-76.520194875783858,3.269988056932192],[-76.519989910668855,3.2706183208843864],[-76.519689259299085,3.2715476393180052],[-76.519491485047524,3.2721777144411819],[-76.519643816554165,3.2722199099435527],[-76.5196132829616,3.2723328242104888],[-76.519717938661685,3.2723653396999186],[-76.520150240494686,3.2724996512518687],[-76.519692243675109,3.273848234082354],[-76.51958139522263,3.2741746296685021],[-76.519485549870609,3.2744568478593612],[-76.519654468263667,3.2744892835713348],[-76.520621714550714,3.274864986805242],[-76.521238658763863,3.2750337716423021],[-76.521618600328949,3.2752886570023816],[-76.521649865274867,3.2753096315101624],[-76.521931709152241,3.2753327576419289],[-76.521991344195172,3.2753150847056611],[-76.522266945001249,3.275233410959741],[-76.522541167548496,3.2752641893630288]]]},"properties":{"Codigo":"147","Nombre":"Solares de La Morada 3 y 4"}},{"type":"Feature","geometry":{"type":"Polygon","coordinates":[[[-76.519007203967334,3.2743657545121243],[-76.519014645277124,3.2743664233344902],[-76.519485549870609,3.2744568478593612],[-76.51958139522263,3.2741746296685021],[-76.519692243675109,3.273848234082354],[-76.520150240494686,3.2724996512518687],[-76.519717938661685,3.2723653396999186],[-76.5196132829616,3.2723328242104888],[-76.519643816554165,3.2722199099435527],[-76.519491485047524,3.2721777144411819],[-76.519689259299085,3.2715476393180052],[-76.519989910668855,3.2706183208843864],[-76.520194875783858,3.269988056932192],[-76.520200517658168,3.269970707520645],[-76.519249327212265,3.269666429592978],[-76.519237187606279,3.2697031001941439],[-76.51922963257195,3.2697259204302216],[-76.518982731488975,3.2704717334212496],[-76.518650045948092,3.271471472782415],[-76.518367686561632,3.2723808944977852],[-76.518010567829592,3.2734786210613853],[-76.517750006053618,3.2742902105927372],[-76.517789071581802,3.2742997692148563],[-76.517902477218712,3.2743275178516749],[-76.518329083100511,3.2743047878224738],[-76.519007203967334,3.2743657545121243]]]},"properties":{"Codigo":"148","Nombre":"Samanes de La Morada"}},{"type":"Feature","geometry":{"type":"Polygon","coordinates":[[[-76.518053841457018,3.2694066023159865],[-76.516921140752032,3.2740935699951179],[-76.517369307697649,3.2741970606316819],[-76.517750006053618,3.2742902105927372],[-76.518010567829592,3.2734786210613853],[-76.518367686561632,3.2723808944977852],[-76.518650045948092,3.271471472782415],[-76.518982731488975,3.2704717334212496],[-76.51922963257195,3.2697259204302216],[-76.519237187606279,3.2697031001941439],[-76.519249327212265,3.269666429592978],[-76.518946113692664,3.2695899384245091],[-76.518063352683896,3.2693672463116901],[-76.518053841457018,3.2694066023159865]]]},"properties":{"Codigo":"149","Nombre":"Senderos de la Morada"}},{"type":"Feature","geometry":{"type":"Polygon","coordinates":[[[-76.515328053473411,3.2736599654665817],[-76.515906890195012,3.2738593576688491],[-76.516921140752032,3.2740935699951179],[-76.518053841457018,3.2694066023159865],[-76.518063352683896,3.2693672463116901],[-76.516515809461396,3.2689889056657457],[-76.516475397438597,3.2689790261536387],[-76.515281520506036,3.2686871475542039],[-76.514436061843384,3.2684816641570587],[-76.513474063284008,3.2714790145168062],[-76.51288350991112,3.2735697649268061],[-76.513507492689342,3.2735211228992567],[-76.514353077666499,3.2734909753773791],[-76.515328053473411,3.2736599654665817]]]},"properties":{"Codigo":"150","Nombre":"La Mezquita (Sector en desarrollo)"}},{"type":"Feature","geometry":{"type":"Polygon","coordinates":[[[-76.51338269215762,3.2682234662479015],[-76.512827144811851,3.2699745515912291],[-76.512025813388689,3.272604067540958],[-76.511706220213085,3.2736922453498125],[-76.51193053797364,3.2736733587455018],[-76.512532381262375,3.2735971355341489],[-76.51288350991112,3.2735697649268061],[-76.513474063284008,3.2714790145168062],[-76.514436061843384,3.2684816641570587],[-76.514008604862283,3.2683768875943371],[-76.51338269215762,3.2682234662479015]]]},"properties":{"Codigo":"151","Nombre":"Remanso de La Morada (Sector en desarrollo)"}},{"type":"Feature","geometry":{"type":"Polygon","coordinates":[[[-76.509077678927582,3.2672325771563062],[-76.508247242754166,3.2689635844281928],[-76.507913526682145,3.2697481734020211],[-76.50685564088522,3.2713936916838326],[-76.506644942881366,3.2717179735665121],[-76.506621972848151,3.2719246822747179],[-76.506812216190937,3.2722769849719535],[-76.509020852303479,3.2731663848019208],[-76.510117545013841,3.2736263916879529],[-76.511298236410326,3.2737265951911421],[-76.511706220213085,3.2736922453498125],[-76.512025813388689,3.272604067540958],[-76.512827144811851,3.2699745515912291],[-76.51338269215762,3.2682234662479015],[-76.509077678927582,3.2672325771563062]]]},"properties":{"Codigo":"152","Nombre":"Club de Campo La Morada"}},{"type":"Feature","geometry":{"type":"Polygon","coordinates":[[[-76.526427235736037,3.2646666367073287],[-76.526403965267974,3.2647013109654197],[-76.52640340428411,3.264702147132386],[-76.52415953749167,3.2711854486609471],[-76.524127748264604,3.2712772977532896],[-76.524110763247833,3.2713263727199737],[-76.524250619727837,3.2713759776703721],[-76.525025382978299,3.2711071780077599],[-76.52558828344344,3.2708490860092674],[-76.525633560303802,3.2707771017737413],[-76.527630460208556,3.2676022818778088],[-76.528581387886192,3.2661018071648265],[-76.528947487580041,3.2655241340492558],[-76.528947664077279,3.2655238556220474],[-76.528939513181044,3.265521065010129],[-76.52849174562445,3.2653677398077456],[-76.527321426027356,3.2649669993451438],[-76.526430416144038,3.2646618981271671],[-76.526427235736037,3.2646666367073287]]]},"properties":{"Codigo":"153","Nombre":"Llanos de La Morada (Sector por desarrollar)"}},{"type":"Feature","geometry":{"type":"Polygon","coordinates":[[[-76.518890115578557,3.2668779340759935],[-76.518077359607858,3.2693250714171929],[-76.518063352683896,3.2693672463116901],[-76.518946113692664,3.2695899384245091],[-76.519249327212265,3.269666429592978],[-76.520200517658168,3.269970707520645],[-76.521114851408242,3.2702832149265153],[-76.522046846646347,3.2705989534208317],[-76.523051849057339,3.2674478997578635],[-76.522820549163043,3.2673710915883194],[-76.519133024341002,3.2661465548856765],[-76.518890115578557,3.2668779340759935]]]},"properties":{"Codigo":"154","Nombre":"Solares de La Morada 5 y 6"}},{"type":"Feature","geometry":{"type":"Polygon","coordinates":[[[-76.519822730878687,3.2645165677294123],[-76.519574095188332,3.2653089054535442],[-76.519152000541339,3.2661105165781805],[-76.519133024341002,3.2661465548856765],[-76.522820549163043,3.2673710915883194],[-76.522822007364312,3.2673666387314055],[-76.52283529520362,3.2673260557990167],[-76.523966995328749,3.2638697955574187],[-76.523973166046716,3.2638509488807417],[-76.523934382021224,3.2638388306460695],[-76.523613813392743,3.2637386678628708],[-76.522533221043815,3.2634010341634854],[-76.522249202208386,3.2633122917246684],[-76.521929517371788,3.2632124047589652],[-76.521321472668603,3.2630224188841992],[-76.520724596374549,3.2628359213366092],[-76.520527512259847,3.262769089983506],[-76.520417286363681,3.2627317119468078],[-76.520414160415044,3.2627306521802448],[-76.520411922325948,3.2627298931342454],[-76.519822730878687,3.2645165677294123]]]},"properties":{"Codigo":"155","Nombre":"La Morada Condominio Club"}},{"type":"Feature","geometry":{"type":"Polygon","coordinates":[[[-76.516489426322835,3.2689362888314264],[-76.516475727297532,3.2689780198566765],[-76.516475397438597,3.2689790261536387],[-76.516515809461396,3.2689889056657457],[-76.518063352683896,3.2693672463116901],[-76.518077359607858,3.2693250714171929],[-76.518890115578557,3.2668779340759935],[-76.517326906460738,3.2663849271192258],[-76.516489426322835,3.2689362888314264]]]},"properties":{"Codigo":"156","Nombre":"Paraiso de La Morada"}},{"type":"Feature","geometry":{"type":"Polygon","coordinates":[[[-76.517936942076986,3.2653771854904674],[-76.517708797797695,3.2656380678080197],[-76.517480441829733,3.2658991904763535],[-76.517326906460738,3.2663849271192258],[-76.518890115578557,3.2668779340759935],[-76.519133024341002,3.2661465548856765],[-76.519152000541339,3.2661105165781805],[-76.519574095188332,3.2653089054535442],[-76.519822730878687,3.2645165677294123],[-76.520411922325948,3.2627298931342454],[-76.519952657162747,3.262574155421933],[-76.51920801086662,3.2623216442997407],[-76.51893992262373,3.2622307341623373],[-76.517936942076986,3.2653771854904674]]]},"properties":{"Codigo":"157","Nombre":"Solares de La Morada 9B (Sector por desarrollar)"}},{"type":"Feature","geometry":{"type":"Polygon","coordinates":[[[-76.515303320887341,3.2646326490363249],[-76.51514714043266,3.2650700526954304],[-76.514039430340134,3.2682882161149176],[-76.514023447806039,3.2683346481445406],[-76.514015529984505,3.2683576516909456],[-76.514008604862283,3.2683768875943371],[-76.514436061843384,3.2684816641570587],[-76.515281520506036,3.2686871475542039],[-76.516475397438597,3.2689790261536387],[-76.516475727297532,3.2689780198566765],[-76.516489426322835,3.2689362888314264],[-76.517326906460738,3.2663849271192258],[-76.517480441829733,3.2658991904763535],[-76.517708797797695,3.2656380678080197],[-76.517936942076986,3.2653771854904674],[-76.51893992262373,3.2622307341623373],[-76.518848403961812,3.2621997001004313],[-76.517954192569306,3.2618964695200918],[-76.517263529562484,3.2616622612989778],[-76.516461093282331,3.2613901506833534],[-76.515303320887341,3.2646326490363249]]]},"properties":{"Codigo":"158","Nombre":"Solares de La Morada 7 y 8"}},{"type":"Feature","geometry":{"type":"Polygon","coordinates":[[[-76.554385797076947,3.25874272497057],[-76.554300169833738,3.2589337811021215],[-76.554266764200804,3.2590083170747053],[-76.554472790239814,3.2591019755545672],[-76.555206777776561,3.2594239290465139],[-76.555239674620296,3.2594339197364413],[-76.555314359787218,3.2594566014704469],[-76.555500031198861,3.2594811930044294],[-76.555558108903313,3.2594888853979045],[-76.555780541817754,3.2594966570007986],[-76.555810595007316,3.2594972116041716],[-76.555819012868909,3.2594359883667239],[-76.555836316392046,3.2593101482865392],[-76.555933938493055,3.2586001650510874],[-76.55533181719052,3.2584930436276656],[-76.555000498799473,3.25839525160427],[-76.55481656186052,3.2583365840841649],[-76.554607503015987,3.2582480433686105],[-76.554385797076947,3.25874272497057]]]},"properties":{"Codigo":"159","Nombre":"Prados de Alfaguara"}},{"type":"Feature","geometry":{"type":"Polygon","coordinates":[[[-76.554118266682565,3.2569791034401003],[-76.553789511217573,3.2574526742003842],[-76.553586218790542,3.2577508503671488],[-76.554607503015987,3.2582480433686105],[-76.55481656186052,3.2583365840841649],[-76.555000498799473,3.25839525160427],[-76.55533181719052,3.2584930436276656],[-76.555933938493055,3.2586001650510874],[-76.556104889104446,3.257376957577486],[-76.556114260014141,3.2573099084022834],[-76.556114879639651,3.2573017139332068],[-76.55581973476697,3.2572249959062134],[-76.555310376904856,3.2570821296301613],[-76.555166617907105,3.2570361162257799],[-76.554777256760943,3.2568588582446578],[-76.554352681875756,3.2566461701949425],[-76.554118266682565,3.2569791034401003]]]},"properties":{"Codigo":"160","Nombre":"Rincón de las Garzas"}},{"type":"Feature","geometry":{"type":"Polygon","coordinates":[[[-76.554269066330733,3.2541403767878183],[-76.554167325339733,3.25427443996734],[-76.554150480676384,3.2542990969425949],[-76.553776802285284,3.2548460855607892],[-76.553837897721337,3.2548914139375875],[-76.553878170833144,3.2549212932005629],[-76.554445481606678,3.2553158955651558],[-76.554848491643867,3.2555300734082038],[-76.555123266539383,3.2556761012505948],[-76.555579523462484,3.2558461874391544],[-76.556297193738786,3.2559423884392529],[-76.556569416436375,3.2540777172076338],[-76.556407318403032,3.2540884946878443],[-76.555853247884528,3.2538699978704986],[-76.555439186782934,3.2535826666127319],[-76.555093594270161,3.2534705116441902],[-76.554707348884719,3.2535628533841496],[-76.554693217310046,3.2535814737568907],[-76.554269066330733,3.2541403767878183]]]},"properties":{"Codigo":"161","Nombre":"Condado del Sur"}},{"type":"Feature","geometry":{"type":"Polygon","coordinates":[[[-76.555933938493055,3.2586001650510874],[-76.555836316392046,3.2593101482865392],[-76.555819012868909,3.2594359883667239],[-76.555810595007316,3.2594972116041716],[-76.556471905582754,3.2595094054904883],[-76.556720553637973,3.2595139901830619],[-76.557808046257165,3.2596266961993114],[-76.558237244542056,3.2596826173327051],[-76.558247276246277,3.2596058399723051],[-76.558248175000074,3.2595989586922083],[-76.558258671884332,3.2595186222357286],[-76.558288167205347,3.259292878272924],[-76.558459906077161,3.2579784705201522],[-76.558495304983992,3.2577075433705547],[-76.5584605178733,3.2577027325649373],[-76.556104889104446,3.257376957577486],[-76.555933938493055,3.2586001650510874]]]},"properties":{"Codigo":"162","Nombre":"Centro Comercial Alfaguara"}},{"type":"Feature","geometry":{"type":"Polygon","coordinates":[[[-76.556104889104446,3.257376957577486],[-76.5584605178733,3.2577027325649373],[-76.558629447335349,3.2565142275190753],[-76.558099107638796,3.2564364317759975],[-76.556281518077128,3.2561608146281134],[-76.556114879639651,3.2573017139332068],[-76.556114260014141,3.2573099084022834],[-76.556104889104446,3.257376957577486]]]},"properties":{"Codigo":"163","Nombre":"Alegra"}},{"type":"Feature","geometry":{"type":"MultiPolygon","coordinates":[[[[-76.552375551054268,3.2569246644812209],[-76.551886305630575,3.2576421501618862],[-76.551834897816278,3.2577175402088194],[-76.55177648032705,3.2578032093967608],[-76.551720933323978,3.2578846705581204],[-76.55275921750868,3.2583229942057992],[-76.554266764200804,3.2590083170747053],[-76.554300169833738,3.2589337811021215],[-76.554385797076947,3.25874272497057],[-76.554607503015987,3.2582480433686105],[-76.553586218790542,3.2577508503671488],[-76.553789511217573,3.2574526742003842],[-76.554118266682565,3.2569791034401003],[-76.554352681875756,3.2566461701949425],[-76.554777256760943,3.2568588582446578],[-76.555166617907105,3.2570361162257799],[-76.555310376904856,3.2570821296301613],[-76.55581973476697,3.2572249959062134],[-76.556114879639651,3.2573017139332068],[-76.556281518077128,3.2561608146281134],[-76.556297193738786,3.2559423884392529],[-76.555579523462484,3.2558461874391544],[-76.555123266539383,3.2556761012505948],[-76.554848491643867,3.2555300734082038],[-76.554445481606678,3.2553158955651558],[-76.553878170833144,3.2549212932005629],[-76.553837897721337,3.2548914139375875],[-76.553776802285284,3.2548460855607892],[-76.553112436967879,3.2558185772501931],[-76.552907516801582,3.2561261680545157],[-76.552847265206353,3.2562166083813131],[-76.552375551054268,3.2569246644812209]]],[[[-76.558629447335349,3.2565142275190753],[-76.5584605178733,3.2577027325649373],[-76.558495304983992,3.2577075433705547],[-76.558459906077161,3.2579784705201522],[-76.558288167205347,3.259292878272924],[-76.558258671884332,3.2595186222357286],[-76.558248175000074,3.2595989586922083],[-76.558247276246277,3.2596058399723051],[-76.558237244542056,3.2596826173327051],[-76.558762661112937,3.2597510756039312],[-76.558779778493317,3.2596542263708796],[-76.558782530628434,3.2596386547921647],[-76.558795579354694,3.2595648288170778],[-76.55972389348517,3.2543125621106963],[-76.558994722707382,3.2542194902585129],[-76.558629447335349,3.2565142275190753]]]]},"properties":{"Codigo":"164","Nombre":"Ciudad Alfaguara (Sector en desarrollo)"}},{"type":"Feature","geometry":{"type":"Polygon","coordinates":[[[-76.556281518077128,3.2561608146281134],[-76.558099107638796,3.2564364317759975],[-76.558629447335349,3.2565142275190753],[-76.558994722707382,3.2542194902585129],[-76.558878230117543,3.2542046203276449],[-76.558189826195644,3.254126743174226],[-76.556878675757261,3.2540571563910232],[-76.556569416436375,3.2540777172076338],[-76.556297193738786,3.2559423884392529],[-76.556281518077128,3.2561608146281134]]]},"properties":{"Codigo":"165","Nombre":"Alborada I y II"}},{"type":"Feature","geometry":{"type":"Polygon","coordinates":[[[-76.544193566882839,3.2344655531269737],[-76.541200003513595,3.2371020167685556],[-76.538429183914289,3.2396714878904511],[-76.537833325185431,3.2402240440206307],[-76.537261418604231,3.2408038346680534],[-76.536655785766712,3.24141781464792],[-76.536966956983818,3.2417498099710484],[-76.537129421969894,3.2419231474320056],[-76.537462668825455,3.2419596942750948],[-76.537851692215312,3.241549472369778],[-76.538092268331098,3.2412957875303658],[-76.538410015502592,3.2409607251903987],[-76.538413544315148,3.2409570040723841],[-76.538582676129394,3.2407786552131772],[-76.539141885267455,3.2401889729048254],[-76.539144710113746,3.2401859938382458],[-76.539649181636904,3.2396540305541155],[-76.53980626737588,3.2394883849352629],[-76.539811944893202,3.239482537136487],[-76.540577959068983,3.2386934842674147],[-76.544648959784354,3.2349518102282118],[-76.544937645701822,3.2346864758346454],[-76.54450370746099,3.2341924070644579],[-76.544193566882839,3.2344655531269737]]]},"properties":{"Codigo":"166","Nombre":"El Edém (Sector por desarrollar)"}},{"type":"Feature","geometry":{"type":"Polygon","coordinates":[[[-76.500508172786013,3.2645094090776556],[-76.500656781936414,3.2648584781285459],[-76.501037381161765,3.2653563621717647],[-76.501932137728204,3.2659119638064724],[-76.502484309190791,3.266103690574008],[-76.503112537978282,3.2665060121615421],[-76.503670475756024,3.2669729791212117],[-76.50434327876637,3.2666013262614411],[-76.50600648262693,3.2657132228806258],[-76.50471725328687,3.2607522385766945],[-76.501952370188633,3.26152983348305],[-76.502071528350157,3.2620227261283619],[-76.503928553377051,3.2616218311812859],[-76.504655273015686,3.2646513009956979],[-76.502055513959775,3.2650661252417552],[-76.501599697621472,3.2628837971903502],[-76.500043025170527,3.2625670752168046],[-76.500056076305327,3.2629536096988012],[-76.500160501106933,3.263508757290249],[-76.500371503193236,3.2641883809264116],[-76.500508172786013,3.2645094090776556]]]},"properties":{"Codigo":"1829","Nombre":"PTAR"}},{"type":"Feature","geometry":{"type":"Polygon","coordinates":[[[-76.510037212126662,3.2650815883835937],[-76.509861907143559,3.2654862155215287],[-76.509399039260202,3.2665545715573812],[-76.509362637809772,3.2666385915893539],[-76.509101868474389,3.267182154727855],[-76.509077678927582,3.2672325771563062],[-76.51338269215762,3.2682234662479015],[-76.514008604862283,3.2683768875943371],[-76.514015529984505,3.2683576516909456],[-76.514023447806039,3.2683346481445406],[-76.514039430340134,3.2682882161149176],[-76.51514714043266,3.2650700526954304],[-76.515303320887341,3.2646326490363249],[-76.516461093282331,3.2613901506833534],[-76.516410242587497,3.261372907112333],[-76.515183795971367,3.260957010011003],[-76.51504051302507,3.261034705428747],[-76.513575055095103,3.2618293532519433],[-76.513526460049818,3.2618557042187],[-76.512944189640052,3.2637128023596507],[-76.512782415088452,3.2642287657869806],[-76.512775152005219,3.2642264928109497],[-76.51185716305433,3.2639391526695585],[-76.511684629435692,3.2638851473845381],[-76.510668885752978,3.263567208425008],[-76.510563492532299,3.2638335560966638],[-76.510411425750547,3.2642178553472396],[-76.510037212126662,3.2650815883835937]]]},"properties":{"Codigo":"92","Nombre":"Solares de La Morada 10, 11 y 12 "}}]}